Index,Date,Title,URL,Violating Democratic Norms Undermining Rule of Law,Hollowing State / Weakening Federal Institutions,Suppressing Dissent / Weaponising State Against 'Enemies',Controlling Information Including Spreading Misinformation and Propaganda,Control of Science & Health to Align with State Ideology,Attacking Universities Schools Museums Culture,Weakening Civil Rights,Corruption & Enrichment,Aggressive Foreign Policy & Global Destabilisation,Anti-immigrant or Militarised Nationalism
1697,2025-11-03,"The FBI has fired four agents who worked on former Special Counsel Jack Smith's team investigating Trump, although some of those terminations were later reversed. The move is the latest in a string of personnel actions targeting employees who worked on probes looking into Trump or his allies.",https://www.reuters.com/legal/government/fbi-fires-four-more-agents-who-investigated-trump-sources-say-2025-11-03/,Yes,No,Yes,No,No,No,No,No,No,No
1696,2025-11-03,Trump again threatens to withhold federal funds from New York City if Democratic candidate Mamdani wins the mayoral election ,https://www.reuters.com/world/us/trump-threatens-restrict-federal-funds-new-york-city-if-mamdani-wins-2025-11-03/,Yes,No,Yes,No,No,No,No,No,No,No
1695,2025-11-03,"CBS news heavily edits ""60-minutes* interview with Trump. The 90-minute interview was edited down to 28 mins. This is notable as Trump  he had sued CBS over the editing of a 60 Minutes interview with then-Vice President Kamala Harris, which he alleged had been deceptively edited to help her chances in the presidential election.",https://www.theguardian.com/us-news/2025/nov/03/trump-cbs-60-minutes-interview-edited,No,No,No,Yes,No,No,No,No,No,No
1694,2025-11-02,US citizen shot from behind as he warned ICE agents about children gathering at a bus stop,https://www.latimes.com/california/story/2025-11-02/lawyers-say-ice-shot-us-citizen-from-behind-as-he-stopped-to-warn-them-of-childre,No,No,No,No,No,No,No,No,No,Yes
1693,2025-11-02,Three killed in another US military strike on alleged drug boat in the Caribbean. This is the 15th such strike since early September and brings the death toll to at least 64,https://www.theguardian.com/us-news/2025/nov/02/three-killed-in-us-military-strike-on-alleged-drug-vessel-in-the-caribbean,Yes,No,No,No,No,No,No,No,Yes,No
1692,2025-11-01,"There's no due process': ICU nurse, army veteran among U.S. citizens caught in ICE dragnet. ICE also leaned into criticisms - in one incident, agents were videotaped taunting Peace Patrol activists from their van saying, “Good morning ladies! A-kidnapping we will go.”",https://www.cbc.ca/news/world/us-citizens-ice-arrests-detentions-9.6960504,No,No,Yes,No,No,No,No,No,No,Yes
1691,2025-11-01,"Trump threatens to go into Nigeria ‘guns-a-blazing’ over attacks on Christians. US president says he ordered Pentagon to begin planning for action, without mentioning Muslim persecution",https://www.theguardian.com/us-news/2025/nov/01/trump-nigeria-christian-persecution,Yes,No,No,No,No,No,No,No,Yes,No
1690,2025-11-01,"President suggests being ""anti-Trump"" is ‘probably illegal’ in social media rant about Seth Meyers, where he called Meyers a ""deranged lunatic"", ""100% Anti Trump"" and asked why NBC employs him",https://www.independent.co.uk/news/world/americas/us-politics/trump-seth-meyers-truth-social-rant-b2856783.html,No,No,Yes,Yes,No,No,No,No,No,No
1689,2025-11-01,"400 people detained for hours at a privately owned race track about an hour west of Boise as part an FBI-led investigation into illegal gambling that resulted in more than 100 arrests, nearly all for immigration violations. Five families interviewed by The Associated Press said officers zip-tied children as young as 11. They said an 8-year-old boy got glass in his mouth as he screamed while officers broke his car window.  The operation is a striking example of how immigration has become a major driver across federal law enforcement",https://apnews.com/article/immigration-idaho-horse-track-raid-b18ffa398394fe73fda07ad4f661d9b4,No,No,No,No,No,No,Yes,No,No,Yes
1688,2025-10-31,Secretary of Defense Pete Hegseth has ordered the military to provide dozens of lawyers to the Justice Department for temporary assignments. The assignments are in Memphis and near the U.S.-Mexico border. The Trump administration increasingly has tapped the military to bolster its immigration crackdown,https://www.independent.co.uk/news/world/americas/us-politics/pete-hegseth-justice-department-lawyers-b2855892.html,No,No,No,No,No,No,No,No,No,Yes
1687,2025-10-31,"North Carolina Republican spokesman urged reporter from ProPublica to drop news story on a prominent conservative state Supreme Court judge, with a veiled threat. He said ""I’m sure you’re aware of our connections with the Trump Administration and I’m sure they would be interested in this matter,”. He later posted on social media that Trump should “feed ProPublica to the USAID wood chipper.”",https://www.washingtonpost.com/politics/2025/10/31/republican-north-carolina-propublica-trump/,No,No,Yes,Yes,No,No,No,No,No,No
1686,2025-10-31,Miami Herald reports that the Trump Administration has made the decision to attack military installations inside Venezuela and the strikes could come at any moment. There has been no Congressional approval for action. [Note that the White House denies this report],https://www.miamiherald.com/news/nation-world/world/americas/venezuela/article312722642.html,Yes,No,No,No,No,No,No,No,Yes,No
1685,2025-10-31,Republican chairman and senior Democrat on the Armed Services Committee said that the Pentagon had not handed over information about the boat attacks in the Caribbean and Pacific despite repeated requests.,https://www.nytimes.com/2025/10/31/us/politics/senators-boat-strikes-drugs-trump.html,Yes,No,No,Yes,No,No,No,No,No,No
1684,2025-10-31,"ICE agents clash with Chicago-area residents over Halloween, chasing suspects through front yards, driving SUVs onto sidewalks and using chemical agents during confrontations with furious residents",https://www.nytimes.com/2025/10/31/us/politics/chicago-ice-immigration-agents.html,No,No,Yes,No,No,No,No,No,No,Yes
1683,2025-10-31,"No high-level US representative to attend UN's COP30 climate talks. The US has always sent delegations of various sizes to UN climate summits over the past three decades, even during periods under George W Bush and in Donald Trump’s first term. This decision underscores administration’s hostility to climate action",https://www.theguardian.com/environment/2025/oct/31/cop30-climate-us-officials,No,No,No,No,Yes,No,No,No,Yes,No
1682,2025-10-31,"Dept of Justice (DoJ)asked election officials in Fulton county, Georgia, to turn over records related to the 2020 election. This underscores how the administration is trying to revive one of Trump's biggest falsehoods about the 2020 election ",https://www.theguardian.com/us-news/2025/oct/31/trump-georgia-2020-election-records,Yes,No,No,Yes,No,No,No,No,No,No
1681,2025-10-31,"Virginia (Democrat) and Ohio (Republican) advance redistricting plans to skew congressional seats in Democrat and Republican favour, respectively",https://www.reuters.com/world/us/virginia-ohio-advance-redistricting-plans-amid-trump-inspired-national-fray-2025-10-31/,Yes,No,No,No,No,No,No,No,No,No
1680,2025-10-31,"The Department of Homeland Security (DHS) quietly formalized sweeping changes to a federal immigration database Friday, turning it into a national “voter verification” tool that appears to sidestep federal privacy protections and will make it easier to remove large numbers of voters from the rolls. ",https://www.democracydocket.com/news-alerts/in-late-obscure-notice-dhs-turbocharges-trumps-voter-purge-database-evading-privacy-protections/,Yes,No,No,No,No,No,Yes,No,No,Yes
1679,2025-10-31,"A new White House rule issued Friday restricts the ability of credentialed journalists to freely access the offices of press secretary Karoline Leavitt and other top communications officials in the West Wing, near the Oval Office. The White House Correspondents’ Association, which represents journalists covering the White House, said the new restrictions would hinder reporters' ability to question officials, ensure transparency and hold government accountable",https://www.reuters.com/business/media-telecom/white-house-issues-new-rule-restricting-access-journalists-2025-10-31/,Yes,No,No,Yes,No,No,No,No,No,No
1678,2025-10-31,"Trump’s war on ‘woke’ forces community lenders to cut services or close. The Trump administration has withheld $324 million in funding appropriated by Congress for the nearly 1,400 CDFIs (community lenders) across the country, targeting them as part of a ""woke"" program, that promotes a “partisan agenda,” “gender extremism” and “climate radicalism."" At the beginning of the government shutdown,Russell Vought issued reduction-in-service notices to all staffers of the CDFI Fund, the agency that provides grants and certifies CDFIs, indicating their employment would be terminated on December 13",https://www.reuters.com/world/us/trumps-war-woke-forces-community-lenders-cut-services-or-close-2025-10-31/,Yes,Yes,No,No,No,No,Yes,No,No,No
1677,2025-10-31,"Defense Scretary Hegseth said the Pentagon is moving ""quickly"" on Trump’s directive to restart nuclear weapons testing to ensure the U.S. has the “most capable” nuclear arsenal in the world.",https://thehill.com/policy/defense/5583290-nuclear-weapons-pentagon-testing-trump/,No,No,No,No,No,No,No,No,Yes,No
1676,2025-10-31,"Trump calling for filibuster rule to be scrapped so the Republican majority can bypass Democrats and reopen government. The filibuster is the Senate rule for agreement by 60 of its 100 members to pass most legislation. Trump wrote on Social Media: ""It is now time for the Republicans to play their ""TRUMP CARD,"" and go for what is called the Nuclear Option — Get rid of the Filibuster, and get rid of it, NOW,"" ",https://www.nytimes.com/2025/10/31/us/politics/trump-filibuster-shutdown.html,Yes,No,No,No,No,No,No,No,No,No
1675,2025-10-30,"Kristi Noem says in a press conference that “No American citizens have been arrested or detained” by immigration agents. This is false, with many verified instances of American citizens being arrested and detained",https://www.politifact.com/factchecks/2025/oct/31/kristi-noem/immigration-ICE-arrest-US-citizen-Chicago/,No,No,No,Yes,No,No,No,No,No,No
1674,2025-10-30,"Access to gender-affirming care for transgender youth will be dramatically restricted by the Trump administration under new proposals by the Department of Health and Human Services. Both supporters and opponents of transgender rights agree that, if implemented, the proposals could make access to pediatric gender-affirming care across the country extremely difficult, if not impossible",https://www.npr.org/sections/shots-health-news/2025/10/30/nx-s1-5588655/transgender-trump-medicare-medicaid-gender-affirming-care,No,No,No,No,Yes,No,Yes,No,No,No
1673,2025-10-30,"Most of the government editorial staff at ""Preventing Chronic Disease"", an academic journal published by the Centers for Disease Control and Prevention (CDC) for more than 2 decades, have been told they’re being terminated, leaving the publication’s future uncertain. ",https://www.science.org/content/article/exclusive-future-chronic-disease-journal-limbo-after-cuts-cdc,No,Yes,No,No,Yes,No,No,No,No,No
1672,2025-10-30,"The senior head of a Navy office that helps organize critical research and funding for the service has been replaced by a 33-year-old former Department of Government Efficiency (DOGE) employee . His replacement is highly unusual given that the office — created by Congress in 1946 to fund Navy and Marine Corps research — is typically run by a two-star admiral with extensive experience in technology, science, and engineering.",https://thehill.com/policy/defense/5581695-navy-chief-research-replaced/,No,Yes,No,No,Yes,No,No,No,No,No
1671,2025-10-30,"Trump's administration has launched a website to recruit more law enforcement officers to police Washington DC., as it seeks to expand its control over the nation's capital. The website advertises openings at Immigration and Customs Enforcement, the Drug Enforcement Administration and the U.S. Park Police. Hires will be stationed in Washington DC, for up to one year, according to the website",https://www.reuters.com/world/us/trump-administration-recruits-federal-officers-police-washington-dc-2025-10-30/,No,No,No,No,No,No,No,No,No,Yes
1670,2025-10-30,"The Trump administration is going to restrict the number of refugees it admits into the United States next year to the token level of just 7,500 – and those spots will mostly be filled by white South Africans. The low number represents a dramatic drop after the US previously allowed in hundreds of thousands of people fleeing war and persecution from around the world.",https://www.bbc.co.uk/news/articles/cy40jj71243o,No,No,No,No,No,No,No,No,Yes,Yes
1669,2025-10-30,Democratic lawmakers excluded from briefing on US military strikes in South America ,https://www.pbs.org/newshour/politics/watch-warner-criticizes-trump-administrations-exclusion-of-democrats-from-boat-strikes-briefing,Yes,No,No,Yes,No,No,No,No,No,No
1668,2025-10-30,"After Democrat Senator Chuck Schumer criticised the outcome of Trump's trip to Asia, Trump retaliates and suggests that criticism of him is ‘almost treasonous’",https://www.msnbc.com/rachel-maddow-show/maddowblog/targeting-schumer-trump-suggests-criticism-almost-treasonous-rcna240736,Yes,No,Yes,No,No,No,No,No,No,No
1667,2025-10-30,"US immigration officials have been increasingly detaining people in small, secretive holding facilities for days or even weeks at a time in violation of federal policy. These holding facilities are often small concrete rooms with no beds and are designed to only be used for a few hours",https://www.theguardian.com/us-news/2025/oct/30/ice-hidden-detention-sites,No,No,No,No,No,No,Yes,No,No,Yes
1666,2025-10-29,"A progressive Democratic candidate for the House of Representatives and several other Chicago officials are facing federal charges stemming from protests outside an ICE facility. She faces one count of conspiracy and one charge alleging that she “forcibly impeded, intimidated and interfered” with an officer. Videos of her interactions with officers at the scene — including incidents where she is shoved to the ground and beaten in the face with a baton — have been shared widely across social media",https://www.independent.co.uk/news/world/americas/us-politics/kat-abughazaleh-chicago-ice-charges-protest-b2854767.html,No,No,Yes,No,No,No,No,No,No,Yes
1665,2025-10-29,Dept of Homeland Security (DHS) showing old and misleading video footage of protests to push its deportation narrative and to justify federal law enforcement in Democrat-run cities ,https://www.independent.co.uk/news/world/americas/us-politics/dhs-ice-social-media-videos-analysis-b2854519.html,No,No,No,Yes,No,No,No,No,No,Yes
1664,2025-10-29,Defense Secretary Hegseth extends DC National Guard deployment until February 2026 (the deployment was set to expire at the end of November),https://www.cnn.com/2025/10/29/politics/national-guard-dc-extension-february-2026,No,No,No,No,No,No,No,No,No,Yes
1663,2025-10-29,"Homeland Security Secretary Kristi Noem saying that ICE will be out in ""full force"" in Chicago over Halloween. Noem rejected a request from Illinois Gov. JB Pritzker (D) to pause Immigration and Customs Enforcement (ICE) operations on the holiday to let children trick or treat without fearing a confrontation with armed federal agents",https://thehill.com/homenews/state-watch/5581764-kristi-noem-chicago-immigration-enforcement-halloween/,No,No,No,No,No,No,No,No,No,Yes
1662,2025-10-29,"Pentagon orders states’ national guards to form ‘quick reaction forces’ for ‘crowd control’. A memo signed by the director of operations for the Pentagon’s national guard bureau details plan to train over 20,000 national guard members across the US to carry out Trump’s order on subduing civil unrest",https://www.theguardian.com/us-news/2025/oct/29/pentagon-memo-quick-reaction-forces,No,No,Yes,No,No,No,No,No,No,Yes
1661,2025-10-29,Trump directs Pentagon to match Russia and China in nuclear weapons testing,https://www.theguardian.com/us-news/2025/oct/29/trump-pentagon-us-nuclear-weapons,No,No,No,No,No,No,No,No,Yes,No
1660,2025-10-29,Dept of Justice (DOJ) suspends two prosecutors who said 'mob' of 'rioters' carried out Jan. 6 attack on the capitol in 2021,https://abcnews.go.com/US/doj-places-leave-prosecutors-mob-rioters-carried-jan/story,Yes,No,No,Yes,No,No,No,No,No,No
1659,2025-10-29,"Utah plans to place as many as 1,300 homeless people in what supporters call a services campus and critics deem a detention camp. Although plans existed before they have been accelerated after Trump issued an executive order in July",https://www.nytimes.com/2025/10/29/us/politics/utah-trump-homeless-campus.html,No,No,No,No,No,No,Yes,No,No,No
1658,2025-10-29,"Radio Free Asia, one of four federally funded news organizations the Trump administration has aimed to close, will shut down its news operations at the end of October. The news group’s expected closure can be attributed to the Trump administration’s broad efforts to cut federal funding, and to the government shutdown ",https://www.nytimes.com/2025/10/29/us/politics/radio-free-asia-close.html,No,Yes,No,Yes,No,Yes,No,No,No,No
1657,2025-10-29,Donald Trump has fired all six members of an independent federal agency responsible for reviewing his controversial White House ballroom and planned “Arc de Trump” in Washington DC. The White House says it will appoint new Commission of Fine Arts members ‘more aligned with … America First Policies’,https://www.theguardian.com/us-news/2025/oct/29/trump-fires-arts-board-arc-ballroom,No,No,No,Yes,No,Yes,No,No,No,No
1656,2025-10-28,"The Trump administration took another step Tuesday to weaken protections for Americans with medical debt, issuing new guidance that threatens ongoing state efforts to keep that debt off consumers’ credit reports. Many States have passed laws to protect consumer credit but The Consumer Financial Protection Bureau now asserts that federal law bars states from restricting medical debts from credit reports.",https://kffhealthnews.org/news/article/medical-debt-trump-consumer-financial-protection-bureau-reverses-credit-protections/,No,No,No,No,No,No,Yes,No,No,No
1655,2025-10-28,Man deported to Laos despite US court order blocking his removal. District judge told ICE to keep Alabama man in US while he showed what judge called ‘substantial claim’ to citizenship,https://www.theguardian.com/us-news/2025/oct/28/ice-deportation-alabama-laos,Yes,No,No,No,No,No,No,No,No,Yes
1654,2025-10-28,Health Secretary RFK Jr asks Centers for Disease Control and Prevention (CDC) to study alleged harms of offshore wind farms,https://www.reuters.com/business/healthcare-pharmaceuticals/rfk-jr-directs-cdc-study-alleged-harms-offshore-wind-farms-bloomberg-news-2025-10-28/,No,No,No,No,Yes,No,No,No,No,No
1653,2025-10-28,"House Republicans revive Biden ""auto-pen' claims. Although they offer no evidence in their report, they urge Attorney General Pam Bondi to launch a full investigation",https://www.theguardian.com/us-news/2025/oct/28/republicans-biden-autopen,No,No,Yes,Yes,No,No,No,No,No,No
1652,2025-10-28,"Federal judge censured top Trump administration officials for making several out-of-court statements against Kilmar Abrego Garcia. U.S. District Judge Waverly Crenshaw said many prejudicial comments from Attorney General Pam Bondi, Homeland Security Secretary Kristi Noem and other senior officials violated a local court rule and threatened Abrego Garcia’s right to a fair trial",https://www.democracydocket.com/news-alerts/kilmar-abrego-garcia-justice-department-extra-judicial-statements/,Yes,No,Yes,No,No,No,No,No,No,No
1651,2025-10-28,Nigerian Nobel laureate Wole Soyinka says US revoked his non-immigrant visa.The 91-year-old writer said in 2016 that he had torn up his U.S. green card and renounced his American residency in protest at the first election of President Donald Trump.,https://www.reuters.com/world/us/nigerian-nobel-laureate-wole-soyinka-says-us-revokes-his-visa-2025-10-28/,No,No,Yes,No,No,No,No,No,No,Yes
1650,2025-10-28,"Trump tells American troops in Japan that he is prepared to send ""more than the National Guard"" into American Cities",https://www.nytimes.com/2025/10/28/us/politics/trump-japan-national-guard-us-cities.html,Yes,No,No,No,No,No,No,No,No,Yes
1649,2025-10-28,"The U.S. president’s family raked in more than $800 million from sales of crypto assets in the first half of 2025 alone, a Reuters examination found, on top of potentially billions more in unrealized “on paper” gains. Much of that cash has come from foreign sources as Donald Trump's sons have touted their business on an international investor roadshow.",https://www.reuters.com/investigations/inside-trump-familys-global-crypto-cash-machine-2025-10-28/,No,No,No,No,No,No,No,Yes,No,No
1648,2025-10-28,"U.S. military officials involved with President Donald Trump's expanding operations in Latin America have been asked to sign non-disclosure agreements, three U.S. officials say. The step is highly unusual, given that U.S. military officials are already required to shield national security secrets from public view, and comes as lawmakers in Congress say they are being kept in the dark about key aspects of the mission",https://www.reuters.com/world/americas/us-military-officials-required-sign-ndas-tied-latin-america-mission-sources-say-2025-10-28/,Yes,No,No,No,No,No,No,No,Yes,No
1647,2025-10-28,"US military kills 14 in new attacks on vessels in the Pacific, according to Hegseth. Justification for the strikes has been widely disputed by legal experts",https://www.theguardian.com/us-news/2025/oct/28/latest-boat-strikes-caribbean-hegseth-trump,Yes,No,No,No,No,No,No,No,Yes,No
1646,2025-10-28,"Texas Attorney Tim Paxton sues Tylenol makers, accusing them of knowingly hiding the drug's links to autism and attention deficit hyperactivity disorder. There is no good evidence that tylenol (paracetamol) is linked to autism or ADHD",https://www.reuters.com/world/texas-sues-jj-kenvue-claiming-they-hid-tylenols-autism-risks-2025-10-28/,No,No,No,No,Yes,No,No,No,No,No
1645,2025-10-28,"Trump administration planning to revamp ICE leadership by reassigning multiple directors of field offices and replacing them with border patrol agents, as it seeks to intensify its mass deportation efforts.",https://www.theguardian.com/us-news/2025/oct/28/trump-ice-leadership-deportations,No,No,No,No,No,No,No,No,No,Yes
1644,2025-10-28,"Trump attacks Federal Reserve Chair Jerome Powell again, calling him incompetent: ""We have an incompetent head of the Fed... we got a bad Fed guy, but he'll be out of there in a few months, and we'll get somebody new,""",https://www.reuters.com/world/us/trump-slams-fed-chair-eyes-replacement-few-months-2025-10-28/,No,No,Yes,No,No,No,No,No,No,No
1643,2025-10-27,"Trump administration alters White House website to include alleged Democrat scandals. The web page includes a “Major Events Timeline,” which details the renovations following the War of 1812 and the construction of the Oval Office in 1909, for example. But last week, the administration added a number of entries to the timeline about supposed misdeeds by the Clinton, Obama and Biden administrations — some of which included flagrant misinformation.",https://truthout.org/articles/trump-admin-alters-white-house-website-to-include-alleged-dem-scandals/,No,No,Yes,Yes,No,No,No,No,No,No
1642,2025-10-27,"Trump demands ""no early voting"", threatening upcoming elections in New York and California and challenging legitimacy of ballots that are not cast in person on election day . Removing early voting will reduce the ability of citizens to participate in elections",https://www.independent.co.uk/news/world/americas/us-politics/trump-early-voting-california-new-york-b2853259.html,Yes,No,No,No,No,No,No,No,No,No
1641,2025-10-27,"ICE uses 'Halo' images to dehumanize immigrants. One image included the phrase ""Destroy the Flood,"" alongside a link to an ICE recruitment page. DHS appears to be equating the Flood, the main antagonists of the Halo series, with immigrants. For context, the Flood are a parasitic alien species that infect and consume sentient life across the galaxy.",https://thehill.com/policy/national-security/5576909-dhs-ice-recruitment-halo/,No,No,No,Yes,No,No,No,No,No,Yes
1640,2025-10-27,"Justice Dept (DoJ) asks Supreme Court (SCOTUS) to allow firing of the head of the Copyright Office. Trump had fired Shira Perlmutter following a report on AI and copyright legality in May, but a lower court temporarily reinstated her.",https://www.reuters.com/legal/government/trump-asks-supreme-court-allow-firing-copyright-office-head-2025-10-27/,No,Yes,Yes,No,No,No,No,No,No,No
1639,2025-10-27,Trump rules out running for vice president in the 2028 election but declined to definitively say he would not seek a third term ,https://www.reuters.com/world/us/trump-says-he-would-not-run-vice-president-2028-2025-10-27/,Yes,No,No,No,No,No,No,No,No,No
1638,2025-10-27,"Threat to US vaccines as entire staff supporting Advisory Committee on Immunization Practices (ACIP) were let go as well as its Ethics and CDC's Human Resources department. This is according to former Chief Medical Officer Debra Houry and Demetre Daskalakis, former director of the National Center for Immunization and Respiratory Diseases who spoke at. a press conference ",https://www.theguardian.com/us-news/2025/oct/27/vaccines-rfk-jr-cdc-acip-panel,No,Yes,No,No,Yes,No,No,No,No,No
1637,2025-10-27,CNN boss told staff to ease bck on White House demolition reporting after a visit to the White House last week. CNN denies the report.,https://thehill.com/homenews/media/5574665-cnn-white-house-east-wing-ballroom/,No,No,No,Yes,No,No,No,No,No,No
1636,2025-10-27,"Trump demands a ban on ‘fake ads’ that show off his shrinking polling numbers on his social media platform, Truth Social",https://www.independent.co.uk/news/world/americas/us-politics/trump-fake-ads-polling-truth-social-b2852941.html,No,No,No,Yes,No,No,No,No,No,No
1635,2025-10-27,"US transportation secretary, Sean Duffy, says he’ll revoke $160m from California over non-citizen truck licenses. Duffy says state is illegally issuing commercial driver’s licenses, but California DMV spokesperson says California is complying with law",https://www.theguardian.com/us-news/2025/oct/27/california-non-citizen-licenses,Yes,No,Yes,No,No,No,No,No,No,No
1634,2025-10-27,Republican Indiana governor calls special session to redraw congressional maps. GOP-led state is latest that Trump administration has put pressure on to undertake redistricting to favor Republicans,https://www.theguardian.com/us-news/2025/oct/27/indiana-congressional-maps-redisctricting-governor,Yes,No,No,No,No,No,No,No,No,No
1633,2025-10-26,"Trump on social media gives new warning on pregnant women taking Tylenol (Paracetamol), or giving Tylenol to their children. He also said parents should split vaccination visits for many childhood vaccines. There is no evidence for harm for Tylenol or combine vaccines. More visits will reduce uptake, and for some diseases the combined vaccines are more effective than single shots.",https://thehill.com/policy/healthcare/5574211-trump-vaccine-acetaminophen-pregnancy/,No,No,No,Yes,Yes,No,No,No,No,No
1632,2025-10-26,"USS Gravely, a guided missile destroyer, docks in Trinidad and Tobago, increasing military pressure on neighbouring Venezuela",https://apnews.com/article/trinidad-warship-trump-venezuela-5aba7cf99e78a050556c4ddccc2e6e96,No,No,No,No,No,No,No,No,Yes,No
1631,2025-10-26,"US detains British Muslim journalist, Sami Hamdi, during speaking tour, revoked his visa and said he would be deported. Hamdi has been critical of Israel's actions in Gaza and Conservative activist Laura Loomer on Sunday took credit for Hamdi’s arrest.",https://www.cnn.com/2025/10/26/us/sami-hamdi-british-commentator-detained,No,No,Yes,No,No,No,Yes,No,Yes,Yes
1630,2025-10-26,The Department of Agriculture’s (USDA) website has placed an advisory blaming Senate Democrats for the impending absence of food assistance benefits (Supplemental Nutrition Assistance Program (SNAP)) on its website. This violates the Hatch Act.,https://thehill.com/homenews/administration/5573685-usda-snap-benefits-democrat-blame/,Yes,No,Yes,No,No,No,No,No,No,No
1629,2025-10-25,"Trump administration is rejecting the idea of using roughly $5 billion in contingency funds to keep food aid flowing into November amid the government shutdown, according to a Department of Agriculture memo. ",https://apnews.com/article/snap-food-assistance-government-shutdown-9cece00f9d6ef39fc5a0240ca2374696,Yes,No,No,No,No,No,Yes,No,No,No
1628,2025-10-25,"A key Trump ally, conservative attorney Mike Davis, says a federal grand jury has been empaneled in Florida that will begin meeting in January to investigate what he calls a decade-long conspiracy against Donald Trump, with potential criminal charges against top Democratic figures. Davis is a close friend and informal adviser to Attorney General Pam Bondi ",https://abcnews.go.com/Politics/trump-ally-grand-jury-empaneled-florida-investigate-sweeping/story,Yes,No,Yes,No,No,No,No,No,No,No
1627,2025-10-25,"President Trump doubled down on Saturday in his feud with Canada over a television ad that used audio of former President Ronald Reagan denouncing tariffs, saying he would punish the country with an additional 10 percent tariff on its goods",https://www.nytimes.com/2025/10/25/world/canada/trump-tariffs-reagan-ad.html,No,No,Yes,No,No,No,No,No,Yes,No
1626,2025-10-25,"Timothy Mellon, reclusive billionaire, anti-tax crusader and a major financial backer of Donald Trump has been named by anonymous sources as the private donor who gave $130m to the government to help pay US troops during the federal shutdown",https://www.theguardian.com/us-news/2025/oct/25/timothy-mellon-donor-military-pay-shutdown,No,No,No,No,No,No,No,Yes,No,No
1625,2025-10-25,"“I’m the speaker and the president,” Mr. Trump has joked, according to two people who heard the remark, emphasising his control over Congressional Republicans.",https://www.nytimes.com/2025/10/25/us/politics/mike-johnson-speaker-congress.html,Yes,No,No,No,No,No,No,No,No,No
1624,2025-10-25,"Deputy White House Chief of Staff for Policy Stephen Miller told Fox host Will Cain that anyone attempting to interfere with ICE operations could be arrested for engaging in a “criminal conspiracy” against the United States, including Illinois Governor JB Pritzker.",https://www.yahoo.com/news/articles/stephen-miller-floats-arresting-jb-010310006.html,No,No,Yes,No,No,No,No,No,No,Yes
1623,2025-10-25,"Health secretary RFK Jr (Kennedy) to urge American to eat more saturated fats, contradicting decades of dietary guidelines ",https://www.theguardian.com/us-news/2025/oct/25/rfk-jr-saturated-fats,No,No,No,Yes,Yes,No,No,No,No,No
1622,2025-10-24,"U.S. Border Patrol Commander Gregory Bovino was recorded throwing what appeared to be a tear gas canister at protesters in Chicago. violating a temporary restraining order that bans the use of tear gas, pepper spray and other tactics against journalists and protesters unless under imminent threat. DHS claims he has struck in the head by a rock thrown by a protester, however witnesses challenegd this. ",https://www.nbcnews.com/politics/politics-news/border-patrols-bovino-called-court-accused-throwing-tear-gas-canister-rcna239609,Yes,No,No,No,No,No,No,No,No,Yes
1621,2025-10-24,"Steve Bannon, former Trump ally and right-wing media executive, states ""there is a plan"" for Trump to be president in 2028 for a third term",https://www.independent.co.uk/news/world/americas/us-politics/steve-bannon-trump-third-term-b2851461.html,Yes,No,No,No,No,No,No,No,No,No
1620,2025-10-24,"Financial Times reports that ""dozens of [interviewed] figures, including lawmakers, private sector executives, retired senior military figures and intelligence chiefs, current and former Trump officials, Washington lawyers and foreign government officials. Such is the fear of jail, bankruptcy or professional reprisal, that most of these people insisted on anonymity. This was in spite of the fact that many of the same people also wanted to emphasise that Trump would only be restrained by powerful voices opposing him publicly.""
",https://www.ft.com/content/13772e91-de69-48df-9a51-1c27dae44fc1,Yes,No,Yes,No,No,No,No,No,No,No
1619,2025-10-24,"Federal immigration agents blanketed Chicago‘s affluent areas, making immigration arrests in previously less-targeted neighborhoods. Agents smashed one man‘s car window outside a family health center where his pregnant partner had an appointment. Other agents grabbed two construction workers from a house and teargassed neighbors on the residential block",https://chicago.suntimes.com/immigration/2025/10/24/immigration-agents-arrest-lake-view-protest-tear-gas,No,No,No,No,No,No,No,No,No,Yes
1618,2025-10-24,Trump’s Son Is Poised to Profit From Pentagon Drone Proposal. A small company that has been manufacturing motors domestically for only a few weeks and has Donald Trump Jr. as an adviser won a parts order from the Army,https://www.nytimes.com/2025/10/24/us/politics/trump-drones-pentagon.html,No,No,No,No,No,No,No,Yes,No,No
1617,2025-10-24,"Treasury Department imposes sanctions on Colombian president Petro, Interior Minister Armando Benedetti, as well as Petro's wife and eldest son. All are barred from accessing assets and any properties they may have in the US.",https://www.bbc.co.uk/news/articles/crkl2dm2glxo,No,No,Yes,No,No,No,No,No,Yes,No
1616,2025-10-24,"Trump suggested that former Special Counsel Jack Smith, former Attorney General Merrick Garland and other Biden administration officials “should be prosecuted” over their involvement in the investigation into the president’s alleged efforts to overturn the 2020 election results. He also named former FBI Director Christopher Wray and former Deputy Attorney General Lisa Monaco.",https://thehill.com/homenews/administration/5572680-trump-targets-biden-officials/,No,No,Yes,No,No,No,No,No,No,No
1615,2025-10-24,"Pentagon accepts $130 million from private donor to help pay troops during government shutdown (this would equate to $100 per service member). The move to pay the troops with private donations is highly unusual and a potential violation of the Antideficiency Act, which prohibits federal agencies from spending money in excess of congressional appropriations or from accepting voluntary services.",https://www.nytimes.com/2025/10/24/us/politics/trump-military-pay-donation.html,Yes,No,No,No,No,No,No,Yes,No,No
1614,2025-10-24,Trump reverses Biden-era rule on copper smelters - the rule had imposed stricter limits on emissions.,https://www.reuters.com/sustainability/climate-energy/trump-reverses-biden-era-rules-copper-smelters-2025-10-24/,No,No,No,No,Yes,No,No,No,No,No
1613,2025-10-24,"Pentagon deploys top aircraft carrier USS Gerald Ford to the Caribbean. The carrier holds dozens of fighter jets and is also accompanied by several other smaller warships. This is a major escalation in the administration’s war against drug cartels, providing the resources to start conducting strikes against targets on the ground",https://www.theguardian.com/us-news/2025/oct/24/trump-caribbean-uss-gerald-ford-carrier,No,No,No,No,No,No,No,No,Yes,No
1612,2025-10-24,Justice Deptartment (DoJ) seeks to deport Kilmar Abrego Garcia to Liberia,https://www.cbsnews.com/news/justice-dept-deport-kilmar-abrego-garcia-to-liberia/,No,No,Yes,No,No,No,Yes,No,No,Yes
1611,2025-10-24,"The United States has carried out another military strike against what it claimed was a vessel carrying illegal drugs in the Caribbean, killing six people onboard, the Pentagon chief, Pete Hegseth, said. Legal experts have suggested that simply characterizing gangs and drug cartels as terrorist organizations did not give the administration any additional authority to use lethal force",https://www.theguardian.com/us-news/2025/oct/24/us-military-strike-alleged-drug-boat-caribbean,Yes,No,No,No,No,No,No,No,Yes,No
1610,2025-10-24,"Donald Trump has announced an immediate end to all trade negotiations with Canada over an advert critical of the tariffs he has imposed on the nation. The advert, sponsored by the government of Canada's province of Ontario, quoted Trump's predecessor, Ronald Reagan, an icon of US conservatism, saying tariffs ""hurt every American"".",https://www.bbc.co.uk/news/articles/cdjrlmd4pmeo,No,No,No,No,No,No,No,No,Yes,No
1609,2025-10-23,"Trump administration announced a plan to allow oil and gas drilling in Alaska’s Arctic National Wildlife Refuge, one of the largest remaining tracts of pristine wilderness in the United States. In addition the Interior Department said it would hold an oil and gas lease sale in the coastal plain as soon as this winter.",https://www.nytimes.com/2025/10/23/climate/trump-arctic-national-wildlife-refuge-oil-drilling.html,No,No,No,No,Yes,No,No,No,No,No
1608,2025-10-23,"Traditional enforcement by federal regulatory agencies has dropped dramatically since the Trump administration took office in January. In the first half of 2025, federal agency enforcement actions in the areas of consumer protection, competition, and financial practices were down 37% compared to the first half of 2024",https://www.reuters.com/legal/legalindustry/what-goes-down-comes-back-up-federal-agency-enforcement-actions-drop-private--pracin-2025-10-23/,Yes,No,No,No,No,No,No,No,No,No
1607,2025-10-23,"Trump gives disaster relief to Republican states, but denies Maryland, Vermont and Illinois (all Democrat). Trump touted on social media that he had “won BIG” in Alaska in the last three presidential elections and that it was his “honor” to deliver for the “incredible Patriots” of Missouri, a state he also won three times.",https://apnews.com/article/fema-trump-disasters-alaska-maryland-illinois-2c7a90956c101db8fe281d669a9cbde2,Yes,No,Yes,No,No,No,No,Yes,No,No
1606,2025-10-23,"Trump says he won't ask for declaration of war from Congress against South American cartels but ""we're just gonna kill people that are bringing drugs into our country. We're going to kill them. They're going to be, like dead.""",https://bsky.app/profile/atrupar.com/post/3m3v72u573d2t,Yes,No,No,No,No,No,No,No,Yes,No
1605,2025-10-23,"Pentagon announces ""new generation"" press corps - numerous right-wing, pro-Trump online outlets said they were among those that had agreed to the rules.This follows new rules by the Pentagon demanding approval on all stories, with many mainstream news outlets refusing to sign a new agreement and thus losing access",https://www.nytimes.com/2025/10/22/business/media/pentagon-press-reporters.html,Yes,No,No,Yes,No,No,No,No,No,No
1604,2025-10-23,"Lindesy Halligan interim prosecutor in the James Comey case, auto-deleted Signal messages exchanged with a law journalist, raising concerns that she is violating the Federal Records Act and the Justice Departments own record retention policy ",https://www.theguardian.com/us-news/2025/oct/23/prosecutor-lindsey-halligan-auto-delete-chats,Yes,No,No,No,No,No,No,No,No,No
1603,2025-10-23,"Trump pardons founder of Binance, world’s largest crypto exchange. Changpeng Zhao pleaded guilty to failing to stop money laundering in 2023 (including by terrorist organisations) and was sentenced to four months. Trump’s pardon is another sign of the administration’s shift toward easing scrutiny on the crypto industry, at a time when Trump and his family are building their own multibillion dollar crypto empire and entered into a joint venture with Binance in May 2025.",https://www.bbc.co.uk/news/articles/cly1qrl9l1qo,Yes,No,No,No,No,No,No,Yes,No,No
1602,2025-10-22,"Dept of Homeland Security (DHS) spokesperson confirms that Customs and Border Protection (CBP) border patrol agents, Immigration and Customs Enforcement (ICE) deportation officers, Secret Service special agents, and Transportation Security Administration air marshals  will be receiving ""superchecks"" including lost pay and overtime, while over 700,000 federal workers are not receiving pay during the government shutdown.",https://fortune.com/2025/10/22/government-shutdown-ice-agents-super-checks-federal-employees-furlough/,Yes,No,No,No,No,No,No,No,No,Yes
1601,2025-10-22,Trump’s ‘election integrity’ chief claimed president has future powers to declare voting emergency. Heather Honey’s statements follow president’s aggressive effort to radically reshape elections before 2026,https://www.independent.co.uk/news/world/americas/us-politics/trump-election-emergency-heather-honey-b2850270.html,Yes,No,No,No,No,No,No,No,No,No
1600,2025-10-22,"ICE has recruited some people into its training program without full vetting. The recruits have had criminal backgrounds or failed drug tests or were unable to meet physical or academic standards,",https://www.nbcnews.com/news/amp/rcna238739,No,No,No,No,No,No,No,No,No,Yes
1599,2025-10-22,"US strikes another boat alllegedly carrying drugs in the Pacific, raising the overall number of attacks to 9 and the death toll to 37.",https://www.nytimes.com/2025/10/22/us/politics/trump-drug-boat-strike-colombia.html,No,No,No,No,No,No,No,No,Yes,No
1598,2025-10-22,"The University of Virginia has reached a deal with adminstration to end investigations against it and restore funding. It agreed to be bound by federal guidance forbidding racial discrimination in admission and hiring, as described by the Justice Department. It also agreed to provide relevant data on a quarterly basis through 2028. The president will have to personally certify that the university is in compliance each quarter",https://www.pbs.org/newshour/education/university-of-virginia-strikes-deal-with-trump-administration-to-pause-civil-rights-investigations,No,No,No,No,No,Yes,No,No,No,No
1597,2025-10-22,"A flurry of conservative commentators and US Senator Ted Cruz accused Democrats of passing off old footage from a 2017 rally as the crowd that attended a ""No Kings"" protest in opposition to President Donald Trump, with some claiming MSNBC was in on the alleged deception. But the video aired by MSNBC was, in fact, current; it authentically depicted the throngs of people who swarmed Boston Common for an October 18, 2025 demonstration.",https://factcheck.afp.com/doc.afp.com.79JU4T3,No,No,Yes,Yes,No,No,No,No,No,No
1596,2025-10-22,Trump demolishes the entire historic White House East Wing to make room for new ballroom. Trump initially said the construction would not touch the East Wing or “interfere with the current building.” ,https://www.nytimes.com/2025/10/22/us/politics/east-wing-white-house-demolition-trump.html,Yes,No,No,Yes,No,Yes,No,No,No,No
1595,2025-10-22,"Pregnant women report medical neglect in ICE detention, including miscarriages, delayed care, being shackled, as well as held in solitary confinement",https://www.theguardian.com/us-news/2025/oct/22/ice-pregnant-women-neglect-immigration,No,No,No,No,No,No,Yes,No,No,Yes
1594,2025-10-22,"Trump administration considering curbs on exports to China made with US software. Plan would include everything from laptops to jet engines, to retaliate against Beijing’s latest round of rare earth export restrictions",https://www.theguardian.com/us-news/2025/oct/22/trump-administration-curbs-exports-china-us-software,No,No,No,No,No,No,No,No,Yes,No
1593,2025-10-22,US demands EU reverse its climate and human rights rules in order to allow greater imports of liquefied natural gas (LNG),https://www.theguardian.com/us-news/2025/oct/22/us-eu-climate-rules-lng-gas,No,No,No,No,Yes,No,No,No,Yes,No
1592,2025-10-22,"Trump officials refer Biden-era Federal Emergency Management Agency (FEMA) staff to Dept of Justice (DoJ) for potential criminal charges, alleging politicization of emergency funding.",https://thehill.com/homenews/administration/5568007-biden-fema-officials-justice-referral/,No,No,Yes,No,No,No,No,No,No,No
1591,2025-10-22,North Carolina lawmakers give final approval to new congressional map that could give Republicans one more seat in the US House,https://www.cnn.com/2025/10/21/politics/north-carolina-republicans-redistricting-battle-map-trump,Yes,No,No,No,No,No,No,No,No,No
1590,2025-10-22,"U.S. Expands Antidrug Campaign With Strike on Boat in Pacific Near Colombia. It was the eighth known strike, and the first outside of the Caribbean,",https://www.nytimes.com/2025/10/22/us/politics/trump-drug-boat-strike-colombia.html,No,No,No,No,No,No,No,No,Yes,No
1589,2025-10-22,"Further to his previous demand, Donald Trump declared himself the arbiter of whether or not his own administration should pay him damages over past federal investigations. The president insisted on Tuesday that the government owes him “a lot of money” for previous justice department investigations into his conduct, while at the same time asserting his personal authority over any potential payout.",https://www.theguardian.com/us-news/2025/oct/22/donald-trump-damages-federal-investigations,Yes,No,No,No,No,No,No,Yes,No,No
1588,2025-10-21,"Committee on the Judiciary Chairman, Jim Jordan (Republican, Ohio),  referred former Director of the Central Intelligence Agency (CIA) John Brennan to the Department of Justice for criminal prosecution over ‘Russiagate,’. He is latest the latest Trump foe in DOJ crosshairs",https://www.independent.co.uk/news/world/americas/us-politics/john-brennan-criminal-charges-trump-russiagate-b2849552.html,Yes,No,Yes,No,No,No,No,No,No,No
1587,2025-10-21,"Trump fires another Inspector General. With the firing of Parisa Salehi, the Export-Import Bank’s inspector general, the president has now sidelined around two dozen of the watchdogs who seek out fraud and mismanagement in federal agencies",https://www.nytimes.com/2025/10/21/us/politics/trump-inspectors-general.html,Yes,Yes,No,No,No,No,No,No,No,No
1586,2025-10-21,"Trump tells Democrats he won't meet with them until government reopens, referenicng a request from U.S. Senate Minority Leader Chuck Schumer and House Minority Leader Hakeem Jeffries to meet ""anytime, anyplace."" This breaks with past practice, as presidents have typically continued talks with congressional leaders during shutdowns, to try to reach a resolution",https://www.reuters.com/world/us/schumer-says-democrats-seeking-meeting-with-trump-2025-10-21/,Yes,No,No,No,No,No,No,No,No,No
1585,2025-10-21,"ICE raid targets vendors of counterfeit goods in Manhattan. Military-style trucks drove through Lower Manhattan escorted by armed federal agents. Military helicopters flew over the scene. The NYPD said they had no involvement and this was an ICE enforcement operation. According to the Dept of Homeland Security (DHS) this was a multi agency operation and involved agents from ICE, the FBI and the ATF",https://www.cbsnews.com/newyork/news/canal-street-nyc-ice-operation/,No,No,No,No,No,No,No,No,No,Yes
1584,2025-10-21,"ICE (Immigration and Customs Enforcement) has spent more than $70 million on new weapons in the first nine months of President Donald Trump’s second term, a 700 percent increase on the same period in 2024, according to a report.",https://www.independent.co.uk/news/world/americas/us-politics/ice-weapons-spending-increase-trump-b2849388.html,No,No,No,No,No,No,No,No,No,Yes
1583,2025-10-21,UN experts say US strikes against Venezuela in international waters amount to 'extrajudicial executions',https://www.reuters.com/world/americas/un-experts-say-us-strikes-against-venezuela-international-waters-amount-2025-10-21/,Yes,No,No,No,No,No,No,No,Yes,No
1582,2025-10-21,"More than 420 anti-science bills attacking longstanding public health protections – vaccines, milk safety and fluoride – have been introduced in statehouses across the U.S. this year, part of an organized, politically savvy campaign to enshrine a conspiracy theory-driven agenda into law. the wave of legislation has cropped up in most states, pushed by people with close ties to Health and Human Services Secretary Robert F. Kennedy Jr.",https://apnews.com/article/vaccines-fluoride-kennedy-trump-science-antiscience-legislation-73af8e65f407331e8f31b2909812a004,No,No,No,No,Yes,No,No,No,No,No
1581,2025-10-21,"U.S. Secretary of Defense Pete Hegseth has told Pentagon staff they must obtain permission before interacting with members of Congress, according to a congressional aide and a department memo. It is the latest example of the department working to control the flow of information about the world's most powerful military.",https://www.reuters.com/legal/government/pentagon-tightens-control-communicating-with-us-congress-2025-10-21/,Yes,No,No,Yes,No,No,No,No,No,No
1580,2025-10-21,Fox News host Laura Ingraham joins business venture with Donald Trump Jr. Host often criticized Hunter Biden’s business on her show and said he capitalized on his father’s presidency for deals,https://www.theguardian.com/media/2025/oct/21/laura-ingraham-donald-trump-jr-business-fox-news,No,No,No,No,No,No,No,Yes,No,No
1579,2025-10-21,North Carolina Republicans advance map to secure another seat in Congress. State house set to pass map to turn 10-4 Republican split into 11-3 – and state law does not give governor a veto,https://www.theguardian.com/us-news/2025/oct/21/north-carolina-republicans-congressional-map,Yes,No,No,No,No,No,No,No,No,No
1578,2025-10-21,President Trump is demanding that the Justice Department pay him about $230 million in compensation for the federal investigations into him. The situation has no parallel in American history and is an example of potential ethical conflicts created by installing the president’s former lawyers atop the Justice Department,https://www.nytimes.com/2025/10/21/us/politics/trump-justice-department-compensation.html,Yes,No,No,No,No,No,No,Yes,No,No
1577,2025-10-21,"A group of dozens of officials from across the federal government, including U.S. intelligence officers, has been helping to steer President Donald Trump's drive for retribution against his perceived enemies, according to government records and a source familiar with the effort.",https://www.reuters.com/world/us/wide-ranging-group-us-officials-pursues-trumps-fight-against-deep-state-2025-10-20/,No,No,Yes,No,No,No,No,No,No,No
1576,2025-10-21,"A divided U.S. appeals court ruled on Monday that Donald Trump can send National Guard troops into Portland, Oregon, despite objections by the leaders of the city and state. The unsigned majority opinion was joined by Circuit Judge Bridget Bade and Circuit Judge Ryan Nelson, who were both appointed by Trump in his first term. Circuit Judge Susan Graber, an appointee of Democratic President Bill Clinton, dissented. She said allowing troops to be called in response to ""merely inconvenient"" protests was ""not merely absurd"" but dangerous",https://www.reuters.com/world/us/us-appeals-court-allows-trump-send-troops-portland-oregon-2025-10-20/,No,No,No,No,No,No,No,No,No,Yes
1575,2025-10-20,"Justice Department (DoJ) scrutinises Fani Willis over a trip to the Bahamas. President Trump had said that Ms. Willis, the prosecutor who brought election interference charges against him two years ago in Georgia, “should be prosecuted.”",https://www.nytimes.com/2025/10/20/us/fani-willis-trump-justice-department-investigation.html,No,No,Yes,No,No,No,No,No,No,No
1574,2025-10-20,Trump claims ‘unquestioned power’ in vow to send troops to San Francisco,https://www.theguardian.com/us-news/2025/oct/20/trump-san-francisco-troops,No,No,Yes,No,No,No,No,No,No,Yes
1573,2025-10-19,"Donald Trump urged Volodymyr Zelenskyy to accept Russia’s terms for ending its war in a volatile White House meeting, warning that Vladimir Putin had said he would “destroy” Ukraine if it did not agree. The meeting between the US and Ukrainian presidents descended many times into a “shouting match”, with Trump “cursing all the time”",https://on.ft.com/3WMSQSu,No,No,No,No,No,No,No,No,Yes,No
1572,2025-10-19,"US military strikes a seventh boat according to Defence Secretary Hegseth, killing three Colombians",https://www.cbsnews.com/news/strikes-seventh-alleged-drug-boat-killing-3-hegseth/,Yes,No,No,No,No,No,No,No,Yes,No
1571,2025-10-19,Trump lashes out at Colombian president threatenting cuts to aid following the Colombian president accusing the US of killing an innocent Colombian fisherman in international waters in one of its strikes on boats in international waters,https://www.nytimes.com/2025/10/19/us/politics/trump-colombia-petro-aid.html,No,No,No,No,No,No,No,No,Yes,No
1570,2025-10-19,"In response to mass ""No Kings"" protest, Trump posted AI-generated video of himself wearing a crown in a fighter jet dumping s*$t on protesters",https://www.nytimes.com/2025/10/19/us/politics/trump-fake-video-no-kings.html,Yes,No,No,Yes,No,No,No,No,No,No
1569,2025-10-18,"The National Republican Senatorial Committee (NRSC) shares AI-generated video of Chuck Schumer praising the shutdown, to slam Democrats.",https://thehill.com/homenews/senate/5562127-ai-generated-schumer-shutdown-video/,No,No,Yes,Yes,No,No,No,No,No,No
1568,2025-10-18,"White House and other government agencies join Social Media platform Bluesky and use it to attack Democrats and blame them for the government shutdown. The administration has repeatedly thrust normally nonpartisan agencies into the funding fight, including by posting politically loaded language on agency websites",https://www.nytimes.com/2025/10/18/us/politics/trump-administration-bluesky.html,No,No,Yes,Yes,No,No,No,No,No,No
1567,2025-10-18,"US Customs and Border Protection (CBP) tells airlines to disregard ""X"" sex markers and input ""F'"" or ""M""",https://www.theguardian.com/us-news/2025/oct/18/airlines-passports-x-sex-marker,No,No,No,No,No,No,Yes,No,No,No
1566,2025-10-18,"The US Senate is poised to approve Donald Trump’s nomination of an industry lobbyist to lead the Environmental Protection Agency’s (EPA) chemical safety office. If confirmed, the top four toxics office positions at the EPA will be held by former chemical industry lobbyists, raising new fears about the health and safety of the American public",https://www.theguardian.com/us-news/2025/oct/18/senate-epa-confirmation-douglas-troutman-lobbyist,Yes,No,No,No,Yes,No,No,Yes,No,No
1565,2025-10-18,"US President Donald Trump has commuted the sentence of George Santos, a former Republican congressman serving seven years in prison for fraud and identify theft. Trump said Santos ""has been horribly mistreated"". Santos had admitted to stealing the identities of 11 people - including from his own family members",https://www.bbc.co.uk/news/articles/cy5q3439xpqo,Yes,No,No,No,No,No,No,No,No,No
1564,2025-10-17,"House speaker, Mike Johnson, refuses to swear in newly elected Democratic Congresswoman Grijalva, despite Democrats' legal threat. She was elected in a special election more than three weeks ago",https://www.politico.com/news/2025/10/17/johnson-refuses-to-swear-in-grijalva-brushes-aside-democrats-legal-threat-00613318,Yes,No,No,No,No,No,No,No,No,No
1563,2025-10-17,"Texas Governor Greg Abbott states he will deploy National Guard during ""no kings"" protest saying “Today, I directed the Dept of Public Safety and National Guard to surge forces into Austin ahead of an Antifa-linked protest""",https://www.independent.co.uk/news/world/americas/us-politics/no-kings-texas-austin-greg-abbott-b2847328.html,Yes,No,Yes,Yes,No,No,No,No,No,Yes
1562,2025-10-17,"Justice Department (DoJ) lawyers asked Supreme court to allow National Guard deployment in Chicago, setting up a high-stakes test for SCOTUS, to see if justices are going to agree with Trumps efforts to deploy states-based troops to US cities",https://www.nytimes.com/2025/10/17/us/politics/trump-supreme-court-national-guard-chicago.html,No,No,No,No,No,No,No,No,No,Yes
1561,2025-10-17,Republican lawmakers ask Dept of Justice (DoJ) to investigate former special counsel Jack Smith. This comes a day or two after Trump publicly called for Smith's prosecution,https://thehill.com/homenews/5561372-marsha-blackburn-jack-smith-doj-probe/,No,No,Yes,No,No,No,No,No,No,No
1560,2025-10-17,"ICE arrests Chicago area cop legally working in the US, who had passed FBI background check and had valid work authorisation",https://www.reuters.com/world/us/ice-arrests-chicago-area-cop-legally-working-us-town-says-2025-10-17/,No,No,No,No,No,No,No,No,No,Yes
1559,2025-10-17,"Pentagon criticises Netflix for making ""woke garbage"" after airing gay military drama ""Boots"" [attacking culture/the arts]",https://www.theguardian.com/tv-and-radio/2025/oct/17/pentagon-netflix-boots-military-show,No,No,Yes,No,No,No,No,No,No,No
1558,2025-10-17,Prosecutor and her deputy who rejected Trump's pressure to charge New York state attorney general Letitia James are fired by Dept of Justice (DoJ),https://www.nytimes.com/2025/10/17/us/politics/trump-prosecutor-fired-letitia-james.html,No,No,Yes,No,No,No,No,No,No,No
1557,2025-10-17,"Trump administration freezes another $11 billion for infrastructure projects in democratic states,. Russell Vought, the head stated on social media that the US army corps of engineers would pause work on “low priority” projects in cities such as New York, San Francisco, Boston and Baltimore. He said the projects could eventually be cancelled",https://www.theguardian.com/us-news/2025/oct/17/trump-freeze-infrastructure-funding,No,No,Yes,No,No,No,No,No,No,No
1556,2025-10-17,"The US military is holding two survivors on a Navy ship after the US carried out a Thursday strike on an alleged drug boat in the Caribbean, according to three US officials. It is unclear what the US is going to do with the survivors being detained, the sources said.",https://edition.cnn.com/2025/10/17/politics/us-navy-detaining-survivors-strike-drug-boat,Yes,No,No,No,No,No,No,No,Yes,No
1555,2025-10-17,US blocks a global fee on shipping emissions as international meeting ends without new regulations,https://apnews.com/article/shipping-climate-change-carbon-fee-a5f854e7028d08035689db50814a6519,No,No,No,No,Yes,No,No,No,Yes,No
1554,2025-10-17,"Trump files amended $15bn defamation complaint against New York Times. Refiled complaint, after judge tossed initial suit last month, also targets individual reporters and book publisher",https://www.theguardian.com/us-news/2025/oct/16/trump-new-york-times-defamation-complaint,No,No,Yes,No,No,No,No,No,No,No
1553,2025-10-16,"Press secretary Karoline Leavitt states that """"The Democrat Party's main constituency is made up of Hamas terrorists, illegal aliens, and violent criminals.""",https://bsky.app/profile/atrupar.com/post/3m3darcsygp2f,No,No,No,Yes,No,No,No,No,No,No
1552,2025-10-16,Trump team preparing to install ‘allies’ at the IRS to target ‘major Democratic donors’ including George Soros,https://www.independent.co.uk/news/world/americas/us-politics/trump-irs-democrats-george-soros-political-donations-b2846575.html,No,No,Yes,No,No,No,No,No,No,No
1551,2025-10-16,"ProPrublica finds that more than 170 US Citizens have been held by immigration agents. They've been ""kicked, dragged, and detained for days""",https://www.propublica.org/article/immigration-dhs-american-citizens-arrested-detained-against-will,No,No,No,No,No,No,No,No,No,Yes
1550,2025-10-16,"10,000 US forces are now supporting counter-narcotics efforts in the Caribbean, with a majority based in Puerto Rico. There are 8 Navy ships and one submarine in Caribbean waters",https://thehill.com/policy/defense/5559019-counter-narcotics-venezuela-trump/,No,No,No,No,No,No,No,No,Yes,No
1549,2025-10-16,Trump plans to switch terrorism prevention funding from Democratic to Republican states. Overhaul of $1bn post-9/11 program would shift funds to states that voted for Trump in 2024 election,https://www.theguardian.com/us-news/2025/oct/16/anti-terror-funding-trump-democratic-states,No,No,Yes,No,No,No,No,No,No,No
1548,2025-10-16,Queer and trans immigrants allege forced labor and sexual assault in ICE facility,https://www.theguardian.com/us-news/2025/oct/16/ice-immigration-queer-trans-louisiana,No,No,No,No,No,No,Yes,No,No,Yes
1547,2025-10-16,"The justice department filed federal charges against John Bolton, the former national security adviser to Donald Trump who turned into one of his biggest critics, accusing him of transmitting and retaining highly classified information. The indictment marked the third time in recent weeks the justice department has secured criminal charges against one of Trump’s critics.",https://www.theguardian.com/us-news/2025/oct/16/john-bolton-indictment-trump,No,No,Yes,No,No,No,No,No,No,No
1546,2025-10-16,"JD Vance dismisses leaked racist text messages from Young Republicans as “stupid” jokes made by “kids.” - messages included references to gas chambers, Hitler, racism, gay slurs and rape. 8 of the 11 members of the group spanned ages 24-35, and hold positions in Republican politics",https://thehill.com/homenews/administration/5558156-vance-defends-young-republicans-group-chat/,No,No,No,Yes,No,No,Yes,No,No,No
1545,2025-10-16,Commerce secretary Bessent said that US is looking into another $20 billion lifeline for Argentina (bringing total to $40 billion) funded by the provate sector. This increases US support for a president it sees an ally and benefits Bessent's personal fund manager allies,https://abcnews.go.com/Politics/trump-administrations-20b-bailout-argentina/story,No,No,No,No,No,No,No,Yes,No,No
1544,2025-10-16,President Trump acknowledged on Wednesday that he had authorized the covert action and said the United States was considering strikes on Venezuelan territory.,https://www.nytimes.com/2025/10/15/us/politics/trump-covert-cia-action-venezuela.html,No,No,No,No,No,No,No,No,Yes,No
1543,2025-10-15,Trump hosts dinner for wealthy donors who have pledged funds to contribute to building a new White House ballroom. Attendees included Trump supporters who stand to profit from their allegience to Trump,https://www.nytimes.com/2025/10/15/us/politics/trump-white-house-dinner-ballroom-donors.html,No,No,No,No,No,No,No,Yes,No,No
1542,2025-10-15,"Trump signs order to pay troops during shutdown, however it is unclear if this violates the Antideficiency Act (prohibits the government from spending money that Congress has not appropriated for that purpose)",https://www.reuters.com/world/us/trump-signs-order-pay-troops-during-us-government-shutdown-2025-10-15/,Yes,No,No,No,No,No,No,No,No,No
1541,2025-10-15,"Trump openly threatens prosecution for former special counsel Jack Smith (brought two indictments against Trump), former FBI official Andrew Weissmann (lead prosecutor against Trump over 2016 election) and former attorney general Lisa Monaco (AG under Biden)",https://www.nytimes.com/2025/10/15/us/politics/trump-bondi-patel-blanche-oval-office.html,No,No,Yes,No,No,No,No,No,No,No
1540,2025-10-15,"Trump administration withholds $40.6 million from California in federal transportation funding for failing to comply with truck driver English proficiency rules. A spokesperson for California Governor Gavin Newsom said that California's laws, regulations, standards, and orders already mirrored federal safety requirements, including English language proficiency.",https://www.reuters.com/world/us/trump-withholds-406-million-california-over-truck-driver-english-proficiency-2025-10-15/,No,No,Yes,No,No,No,No,No,No,Yes
1539,2025-10-15,"Pentagon journalists vacate workspace after new restrictions come into effect - At least 30 news organizations, declined to sign the new policy, citing a threat to press freedoms and their ability to conduct independent newsgathering on the world's most powerful military . There is now effectively less oversight into the Pentagon",https://www.reuters.com/business/media-telecom/pentagon-journalists-vacate-workspace-new-restrictions-take-effect-2025-10-15/,Yes,No,No,Yes,No,No,No,No,No,No
1538,2025-10-15,White House budget director Russell Vought plans to shutter Consumer Finance watchdog (Consumer Financial Protection Bureau ),https://www.reuters.com/business/world-at-work/white-house-budget-director-vought-says-over-10000-federal-workers-could-be-laid-2025-10-15/,Yes,No,No,No,No,No,Yes,No,No,No
1537,2025-10-15,Meta removes ICE-tracking page from Facebook in Chicago at request from the Dept of Justice (DoJ),https://www.nbcnews.com/tech/social-media/meta-removes-ice-tracking-facebook-page-chicago-request-justice-depart-rcna237743,Yes,No,Yes,Yes,No,No,No,No,No,Yes
1536,2025-10-15,"Trump threatens Spain with higher tariffs calling it ""“trade punishment through tariffs” over Spain’s refusal to increase its military spending.",https://www.nytimes.com/2025/10/15/us/politics/trump-tariffs-spain-military-defense-spending-nato.html,No,No,No,No,No,No,No,No,Yes,No
1535,2025-10-15,"Treasury Secretary Bessent says the Trump administration is seeking to counter new economic measures from China by exerting more control over American companies in key strategic sectors. By taking more stakes in American companies that specialize in areas deemed critical to national security, the Trump administration aims to exert more control over what they produce.",https://www.nytimes.com/2025/10/15/us/politics/us-government-companies-china.html,Yes,No,No,No,No,No,No,No,Yes,No
1534,2025-10-15,"Treasury Secretary Bessent criticises WSJ of taking ""CCP"" (Chinese Communist party) dictation over their US-China trade relations reporting",https://thehill.com/homenews/media/5556538-trump-ally-criticizes-journal/,No,No,Yes,Yes,No,No,No,No,No,No
1533,2025-10-15,"At least one of the US military strikes on alleged drug-carrying boats in the Caribbean targeted Columbians, raising concerns that US military’s campaign against suspected narcotics trafficking groups in the Caribbean is wider than previously believed",https://edition.cnn.com/2025/10/15/politics/military-strike-drug-boat-colombia,No,No,No,No,No,No,No,No,Yes,No
1532,2025-10-15,"National Snow and Ice Data Center (NSIDC) announced suspension or reduction of several tools, services and report due to its funding not being renewed by the Administration. These data are important for tracking climate change.",https://nsidc.org/data/user-resources/data-announcements/user-notice-sea-ice-today-services-reduced,No,No,No,No,Yes,No,No,No,No,No
1531,2025-10-15,"Trump threatens to cut US aid to Argentina if its current president Milei, a Trump ally, doesn't win a crucial legislative election later this month",https://www.theguardian.com/us-news/2025/oct/14/trump-threatens-to-cut-us-aid-to-argentina-if-milei-loses-election,No,No,No,No,No,No,No,No,Yes,No
1530,2025-10-14,"A quarter of the CDC workforce has been fired or has resigned since January 2025. Another round of terminations, combined with previous layoffs and departures, has reduced the Centers for Disease Control and Prevention workforce by about 3,000 people since January.",https://www.wired.com/story/cdc-terminations-workforce-shutdown-rifs/,No,Yes,No,No,Yes,No,No,No,No,No
1529,2025-10-14,Trump targets Democratic districts by halting funding during government shutdown - so far he has cancelled or frozen almost $28 billion in Democratic vs. $740 million in Republican districts,https://www.nytimes.com/interactive/2025/10/14/us/trump-grants-democrat-districts-government-shutdown.html,No,No,Yes,No,No,No,No,No,No,No
1528,2025-10-14,"A dramatic voiceover video shared by the White House and US President Donald Trump claims to show immigration agents responding to the ""mess"" in Chicago. But an AFP investigation found that the video is littered with outdated footage highlighting drug busts, arrests and deportation raids in other states, including Florida, Texas, South Carolina and Nebraska.",https://factcheck.afp.com/doc.afp.com.78MJ663,No,No,Yes,Yes,No,No,No,No,No,No
1527,2025-10-14,"Trump expands preferential funding offer to all US colleges. The Compact agreement would grant preferential funding in return for a slew of commitments including DEI bans and a 15% cap on colleges’ international undergraduate students. [This was initially sent to 9 unis, MIT rejected it]",https://thepienews.com/trump-expands-preferential-funding-offer-to-all-us-colleges/,No,No,No,No,No,Yes,No,No,No,No
1526,2025-10-14,"Trump threatens to remove FIFA World Cup and Olympics from blue cities, including Boston and LA citing safety concerns as well as calling Boston's mayor ""radical left"". He has made similar threats to Seattle and San Francisco in September, also saying both cities were “run by radical left lunatics who don’t know what they’re doing”. Trump has no legal authority to directly take either action.",https://www.theguardian.com/sport/2025/oct/14/trump-world-cup-olympics-threat-boston,No,No,Yes,No,No,No,No,No,No,No
1525,2025-10-14,"US state department revokes six foreigners' visas for criticising assassinated right-wing activist Charlie Kirk on Social Media., stating “The United States has no obligation to host foreigners who wish death on Americans,”",https://www.theguardian.com/us-news/2025/oct/14/us-foreign-visas-charlie-kirk-social-media,No,No,Yes,No,No,No,No,No,Yes,No
1524,2025-10-14,"ICE using full-body restraints during deportations raises concerns of inhumane treatment, Deportees report being straitjacketed into full-body restraint suits called the WRAP for 12+ hour flights. The WRAP is the subject of a growing number of federal lawsuits likening incorrect usage of the device to punishment and even torture",https://apnews.com/article/immigration-deportations-trump-administration-civil-rights-84309f534c601befa6e9faeae78bcff5,No,No,No,No,No,No,No,No,No,Yes
1523,2025-10-14,"Trump renews threat to cut ""Democrat programs"" during the government shutdown, stating he was was “closing up Democrat programs that we disagree with, and they’re never going to open again.”",https://www.nytimes.com/2025/10/14/us/politics/trump-threats-democrats-shutdown.html,No,No,Yes,No,No,No,No,No,No,No
1522,2025-10-14,US strike on alleged drug boat off the coast of Venezuela kills 6. This is the fifth known such strike,https://www.theguardian.com/us-news/2025/oct/14/trump-six-killed-us-strike-boat-venezuela,No,No,No,No,No,No,No,No,Yes,No
1521,2025-10-13,"Although almost half of the 1300 CDC lay-offs have been rescinded, around 600 remain fired. This include around 100 who were working at the National Center for Health Statistics and a team that is part of the day-to-day operations for the National Health and Nutrition Examination Survey",https://www.washingtonpost.com/health/2025/10/13/cdc-layoffs-reversed-aspr-samhsa/,No,No,No,No,Yes,No,No,No,No,No
1520,2025-10-13,"13-year old detained by ICE and moved to detention centre out of state. He lives in Massachussetts, but was transferred to a facility in Virginia, several hundred miles away. The transfer occurred on the same day Judge Richard G. Stearns of the Boston federal court ordered the boy’s release by Tuesday unless ICE and the Department of Homeland Security could provide grounds for continued detention",https://www.yahoo.com/news/articles/mass-13-old-picked-ice-130200729.html,No,No,No,No,No,No,No,No,No,Yes
1519,2025-10-13,"Defense Secretary Pete Hegseth sends ""goodbye"" emoji to news outlets protesting the Pentagon's new restrictive press policy. The new policy would make it much harder for journalists to report on stories that have not been approved by the Pentagon. The Pentagon Press Association said Hegseth has been “systematically limiting access to information about the U.S. military” since the start of the year",https://thehill.com/policy/defense/5553925-defense-secretary-hegseth-media-press-policy/,Yes,No,No,Yes,No,No,No,No,No,No
1518,2025-10-13,"Trump salutes mega-donor during speech at the Knesset, for her help in shaping US decisions on Israel",https://www.reuters.com/world/us/trump-salutes-mega-donor-miriam-adelson-help-shaping-us-decisions-israel-2025-10-13/,No,No,No,No,No,No,No,Yes,No,No
1517,2025-10-13,North Carolina Republicans launch redistricting effort to gain an extra House seat. President Trump has urged GOP-controlled state legislatures across the country to redraw their maps ahead of the 2026 midterm elections,https://thehill.com/homenews/state-watch/5553592-nc-republicans-redrawing-congressional-map/,Yes,No,No,No,No,No,No,No,No,No
1516,2025-10-13,"Dept of Education (DoE) lays off majority of special education staff including in the Office of Special Education and Rehabilitative Services, which oversees programs that support millions of children and adults with disabilities nationwide",https://www.theguardian.com/us-news/2025/oct/13/special-education-department-layoffs,No,Yes,No,No,No,Yes,No,No,No,No
1515,2025-10-12,a Portland ambulance crew informed dispatchers over the radio that it was attempting to transport a patient from an ICE protest to Legacy Emanuel Medical Center but that ICE officers were impeding its departure. The ambulance was eventually allowed to leave but not before an agent threatened to shoot and arrest the driver,https://www.wweek.com/news/2025/10/12/documents-allege-a-federal-agent-at-portland-ice-threatened-to-shoot-an-ambulance-driver/,No,No,Yes,No,No,No,No,No,No,Yes
1514,2025-10-12,"Donald Trump falsely blamed Joe Biden for events that happened while Trump was still president and angrily insisted that the FBI was in on a conspiracy to make his followers look bad on January 6, 2021.",https://www.independent.co.uk/news/world/americas/us-politics/trump-biden-fbi-jan-6-post-b2843973.html,Yes,No,Yes,Yes,No,No,No,No,No,No
1513,2025-10-12,"Vice President JD Vance (falsely) calls crime ""out of control"" in US cities and states that Trump is looking at all options, including invoking the Insurrection Act of 1807. This would allow military troops to be deployed on US soil to tackle domestic unrest.",https://www.theguardian.com/us-news/2025/oct/12/trump-vance-insurrection-act-military,Yes,No,No,Yes,No,No,No,No,No,Yes
1512,2025-10-11,"Chicago TV journalist pushed to ground and arrested during Ice raid, then later released. Witnesses said she wasn't doing anything wrong. The day before a federal judge in Chicago issued a temporary restraining order blocking federal agents from using certain forceful tactics to suppress protests or to impede journalists from covering those protests",https://www.theguardian.com/us-news/2025/oct/10/chicago-ice-raid-arrest,Yes,No,Yes,No,No,No,No,No,No,Yes
1511,2025-10-11,Federal prosecutors meeting this weekend to finalize potential Bolton indictment. Bolton is a former Trump appointee who has been openly critical of Trump for years.,https://edition.cnn.com/2025/10/11/politics/john-bolton-doj-indictment-meeting,No,No,Yes,No,No,No,No,No,No,No
1510,2025-10-11,"Federal Judges, Warning of ‘Judicial Crisis,’ voice their concerns about risks to the courts’ legitimacy as the Supreme Court releases opaque emergency orders about Trump administration policies",https://www.nytimes.com/2025/10/11/us/politics/judicial-crisis-supreme-court-trump.html,Yes,No,No,No,No,No,No,No,No,No
1509,2025-10-11,"Trump says he has identified funds to pay troops during shutdown, although Congress has not appropriated any new money for the military",https://www.nytimes.com/2025/10/11/us/politics/trump-troops-pay-shutdown.html,Yes,No,No,No,No,No,No,No,No,No
1508,2025-10-10,"Trump confirms an extra 100% tariffs on China starting Nov 1 as well as extra export controls on ""any and all critical software""",https://www.cnbc.com/2025/10/10/trump-trade-tariffs-china-software.html,No,No,No,No,No,No,No,No,Yes,No
1507,2025-10-10,"Democrat Senators Durbin and Duckworth denied access to Broadview ICE facility, although Congress members have the right to conduct oversight",https://www.fox32chicago.com/news/durbin-duckworth-denied-access-broadview-ice-facility-amid-legal-disputes,Yes,No,Yes,No,No,No,No,No,No,Yes
1506,2025-10-10,"RFK Jr during a cabinet meeting acknowledged that here is no proof to his alleged links with Tylenol and autism, but then proceeded to say ""we're doing the studies to make the proof'",https://ca.news.yahoo.com/3-words-rfk-jr-medical-070113947.html,No,No,No,No,Yes,No,No,No,No,No
1505,2025-10-10,Trump threatens increased tariffs and other counter-measures on China as well as cancelling meeting with president Xi Ping after China announced that foreign entities must obtain a license in order to export any products containing more than 0.1 percent of rare earths that are either sourced in China or manufactured using China’s extraction process,https://thehill.com/homenews/administration/5549365-trump-threatens-china-tariffs/,No,No,No,No,No,No,No,No,Yes,No
1504,2025-10-10,"White House lays off thousands of federal workers, blaming Democrats for their decision to follow through on their threat to cut the federal workforce during the government shutdown. Trump had repeatedly threatened this and suggested that his administration would primarily aim at departments championed by Democrats",https://www.reuters.com/world/us/us-government-workforce-cuts-have-begun-omb-chief-says-2025-10-10/,No,Yes,Yes,Yes,No,No,No,No,No,No
1503,2025-10-10,"US finalises a $20 billion bailout for Argentina, that will benefit Treasury Secretary Bessent's Fund Manager allies while Americans are struggling and the U.S. government is shut down.",https://www.nytimes.com/2025/10/09/us/politics/argentina-bailout-investors.html,No,No,No,No,No,No,No,Yes,No,No
1502,2025-10-10,"Trump administration lays off CDC staff, including high-ranking scientists, the entire Washington office, 70 Epidemic Intelligence Service staff and the entire staff of the weekly publication Morbidity and Mortality Weekly Report. It reinstated many of them 2 days later",https://www.nytimes.com/2025/10/11/us/politics/trump-administration-cdc-layoffs.html,No,Yes,No,No,Yes,No,No,No,No,No
1501,2025-10-10,"The White House on Friday criticized the Nobel Prize committee's decision to grant the peace prize to a Venezuelan opposition leader instead of U.S. President Donald Trump, who aggressively lobbied for the award",https://www.reuters.com/world/americas/white-house-says-nobel-committee-places-politics-over-peace-2025-10-10/,No,No,No,No,No,No,No,No,Yes,No
1500,2025-10-10,National guard troops were seen patrolling in Memphis for the first time on Friday,https://www.theguardian.com/us-news/2025/oct/10/federal-appeals-court-trump-oregon-national-guard,No,No,No,No,No,No,No,No,No,Yes
1499,2025-10-10,The Trump administration has killed a massive proposed solar power project in Nevada that would have been one of the largest in the world,https://www.theguardian.com/us-news/2025/oct/10/trump-officials-drop-major-solar-power-project-in-another-renewable-energy-attack,No,No,No,No,Yes,No,No,No,No,No
1498,2025-10-09,"Trump's 19-year old son Barron tipped for TikTok job after Donald Trump claims users they ""owe"" him for saving the platform",https://www.independent.co.uk/news/world/americas/us-politics/barron-trump-tiktok-job-trump-advent-b2842539.html,No,No,No,No,No,No,No,Yes,No,No
1497,2025-10-09,"Nearly half of FBI agents in major offices have been reassigned to immigration enforcement according to personnel data, reducing the FBI's ability to tackle crime",https://www.theguardian.com/us-news/2025/oct/09/fbi-agents-reassigned-ice-immigration,Yes,Yes,No,No,No,No,No,No,No,Yes
1496,2025-10-09,ICE officer shot pastor who was praying with a pepper ball from a rooftop and Dept of Homeland Security (DHS) Assistant Secretary defends the action,https://thehill.com/homenews/5547044-pastor-shot-pepper-ball-ice/amp/,No,No,No,No,No,No,No,No,No,Yes
1495,2025-10-09,Donald Trump's administration began airing a video at airports across the country that blames Democrats for a nine-day-old government shutdown that has prompted significant flight delays.,https://www.reuters.com/world/us/trump-administration-airs-video-airports-blaming-democrats-shutdown-2025-10-09/,No,No,Yes,Yes,No,No,No,No,No,No
1494,2025-10-09,"RFK Jr links autism to circumcised boys being given tylenol after circumcision. Scientists say ""studies have found no credible evidence linking Tylenol or circumcision to autism.""",https://www.newsweek.com/rfk-jr-autism-tylenol-autism-circumcision-children-boys-10854902,No,No,No,Yes,Yes,No,No,No,No,No
1493,2025-10-09,National Guard begins patrol near Chicago-area immigration facility while courts weight deployments,https://www.reuters.com/world/us/trumps-national-guard-deployments-face-pair-court-challenges-2025-10-09/,No,No,No,No,No,No,No,No,No,Yes
1492,2025-10-09,Transportation Secretary Sean Duffy threatened to fire air traffic controllers (ATCs) who failed to show up to work during the govt shutdown. ATCs are federal employees and working without pay during the shutdown.,https://www.reuters.com/business/world-at-work/us-could-dismiss-air-traffic-controllers-who-fail-work-during-shutdown-2025-10-09/,Yes,No,No,No,No,No,Yes,No,No,No
1491,2025-10-09,"Around 500 National Guard soldiers (200 from Texas and 300 from Illinois) remain in the Chicago area as officials await a judge's decision. Trucks marked Emergency Disaster Services have been pulling in and out of an army training site outside Chicago since the deployment and according to US Northern Command troops ""were mobilized for an initial period of 60 days""",https://www.theguardian.com/us-news/2025/oct/09/chicago-national-guard-troops,No,No,Yes,No,No,No,No,No,No,Yes
1490,2025-10-09,US anti-fascism expert and his family blocked from emigrating from the U.S. to Spain. The Rutgers University professor who published book on antifa was informed at boarding gate that his trip was cancelled. They have since left the country on a flight the next day,https://www.theguardian.com/us-news/2025/oct/09/anti-fascism-mark-bray-rutgers-university,No,No,Yes,No,No,No,No,No,No,No
1489,2025-10-09,"New York Attorney General Letitia James, who led a civil fraud investigation against Trump in 2023, has been criminally indicted on mortgage fraud. In a statement, James accused the president - who recently publicly pressured prosecutors to file criminal charges against her - of a ""desperate weaponization of our justice system"".",https://www.bbc.co.uk/news/articles/c4g9n4xj904o,No,No,Yes,No,No,No,No,No,No,No
1488,2025-10-09,"Jim O'Neill, deputy secretary of the Dept of Health and Human Services (HHS) and acting director of the US Centers for Disease Control and Prevention (CDC) called for new monovalent vaccines to replace the combined MMR vaccine.",https://www.theguardian.com/us-news/2025/oct/09/cdc-separate-mmr-vaccines,No,No,No,No,Yes,No,No,No,No,No
1487,2025-10-08,Trump’s willingness to use the budget as his own personal weapon has only intensified since the government shut down last week.,https://edition.cnn.com/2025/10/08/politics/trump-shutdown-tariffs-wic-farmers-analysis,Yes,No,No,No,No,No,No,No,No,No
1486,2025-10-08,"FBI director Kash Patel fires two agents who worked on a Trump investigation - They had not been formally accused of misconduct, nor had they been the subject of investigations",https://www.nytimes.com/2025/10/08/us/politics/kash-patel-fbi-agents.html,No,No,Yes,No,No,No,No,No,No,No
1485,2025-10-08,GOP blocks bid to halt attacks on boats in Caribbean,https://www.nytimes.com/2025/10/08/us/politics/trump-republicans-war-powers-caribbean-venezuela.html,Yes,No,No,No,No,No,No,No,Yes,No
1484,2025-10-08,"Trump administration officials seriously considering invoking the Insurrection Act. Although apparently not imminent, there is a shift towards this thinking",https://www.nbcnews.com/politics/national-security/trump-officials-insurrection-act-national-guard-deployment-sources-rcna236194,Yes,No,No,No,No,No,No,No,No,No
1483,2025-10-08,"Homeland Security Secretary Kristi Noem compares antifa to MS-13, Hezbollah and Islamic State at ""antifa"" roundtable at eh White House",https://www.the-independent.com/news/world/americas/trump-antifa-portland-pam-bondi-posobiec-b2842048.html,No,No,No,Yes,No,No,No,No,No,No
1482,2025-10-08,"Trump asks conservative allies for names of antifa activists and promised ""very threatening steps""",https://www.the-independent.com/news/world/americas/trump-antifa-portland-pam-bondi-posobiec-b2842048.html,No,No,Yes,No,No,No,No,No,No,No
1481,2025-10-08,"White House holds ""antifa roundtable"" and gives right-wing influencers a platform to air partisan grievances",https://www.the-independent.com/news/world/americas/trump-antifa-portland-pam-bondi-posobiec-b2842048.html,No,No,No,Yes,No,No,No,No,No,No
1480,2025-10-08,US demands EU dismantle green regulations in threat to trade deal,https://www.ft.com/content/678f7c25-2eff-4e98-9c7c-e0772fa69236,No,No,No,No,Yes,No,No,No,Yes,No
1479,2025-10-08,"In a CNN interview Stephen Miller, White House Deputy of Staff, claimed that Trump has ""plenary authority"" - and then stopped mid-sentence. This raises concerns as ""plenary"" would indicate ""complete and absolute power""",https://www.newsweek.com/stephen-miller-plenary-authority-remark-raises-eyebrows-10845409,Yes,No,No,No,No,No,No,No,No,No
1478,2025-10-08,"More than 40 Trump appointees within the White House and eight agencies dictating energy, environmental and climate policy, incl. the Environmental Protection Agency (EPA), the interior and energy departments - are tied directly to oil, gas or coal companies.",https://www.theguardian.com/us-news/2025/oct/08/trump-administration-fossil-fuels-climate,Yes,No,No,No,No,No,No,Yes,No,No
1477,2025-10-08,"Trump calls for jailing Chicago mayor Johnson and Illinois Governor Pritzker, both Democrats opposing Trump's immigration crackdown",https://www.reuters.com/world/us/trump-calls-chicago-mayor-illinois-governor-be-jailed-2025-10-08/,Yes,No,Yes,No,No,No,No,No,No,No
1476,2025-10-07,"Dept of Justice (DoJ) appoints retired Marine Corps colonel as new head of immigration courts (Executive Office for immigration Review).He was fired from a command position in 2013 for negligently firing a gun in his office, however during the first Trump administration he served as an assistant chief immigration judge",https://www.nytimes.com/2025/10/07/us/politics/trump-immigration-courts.html,No,No,No,No,No,No,No,No,No,Yes
1475,2025-10-07,"Trump administration considers cutting billions in funds from list of clean energy projects, including awards for auto manufacturing and carbon capture",https://www.reuters.com/sustainability/climate-energy/trump-administration-mulls-additional-12-billion-clean-energy-funding-cut-2025-10-07/,No,No,No,No,Yes,No,No,No,No,No
1474,2025-10-07,White House may deny backpay to furloughed federal workers raising concerns the administration might try to circumvent federal law and maximize the pain of the shutdown.,https://www.nytimes.com/2025/10/07/us/politics/trump-back-pay-furloughed-workers-shutdown.html,Yes,No,No,No,No,No,Yes,No,No,No
1473,2025-10-07,Texas National Guard arrive in Chicago,https://www.theguardian.com/us-news/2025/oct/07/texas-national-guard-troops-chicago-trump,No,No,Yes,No,No,No,No,No,No,Yes
1472,2025-10-07,"Trump orders approval of 211-mile mining road through Alaska wilderness to allow mining of copper, cobalt, gold and other minerals. - this was previously blocked by the Biden administration and would harm wildlife and indigenous tribes",https://www.theguardian.com/us-news/2025/oct/06/trump-alaska-mining-road,No,No,No,No,Yes,No,No,No,No,No
1471,2025-10-07,Republicans post fake image of Oregon protest - the image they posted is from South America. The image was accompanied by a statement welcoming Trump's planned deployment of National Guards to Portland,https://www.theguardian.com/us-news/2025/oct/06/oregon-republicans-protest-photo-south-america,No,No,No,Yes,No,No,No,No,No,Yes
1470,2025-10-06,Trump claims without evidence that an insurrection is taking place in Portland - he also told reporters he might invoke Insurrection Act of 1807,https://www.reuters.com/world/us/trump-claims-without-evidence-that-insurrection-is-taking-place-portland-2025-10-07/,Yes,No,No,Yes,No,No,No,No,No,Yes
1469,2025-10-06,"ICE airs TV ads in select metro areas, aimed at local law enforcement officers frustrated with their cities immigration enforcement restrictions",https://apnews.com/article/trump-mass-deportations-ice-immigration-ads-473a7ac193cff625476f1ee21f82facd,No,No,No,Yes,No,No,No,No,No,Yes
1468,2025-10-06,"CDC removes support for COVID-19 booster, backing RFK Jr's hand-picked advisory panel (ACIP), saying they should be administered through shared decision-making with a healthcare provider. In addition the recommendations AGAINST the use of the combined measles-mumps-rubella-varicella (MMRV) vaccine before the age of 4 years were also signed off.",https://www.cnbc.com/2025/10/06/cdc-pulls-broad-support-for-covid-shot.html,No,No,No,No,Yes,No,No,No,No,No
1467,2025-10-06,Eswatini received ten more deportees from the US on a second flight. All ten are third-country deportees.,https://www.theguardian.com/world/2025/oct/06/us-deportees-eswatini-lawyers-ngos,No,No,No,No,No,No,Yes,No,No,Yes
1466,2025-10-06,"Continuing previous attacks, White House deputy chief of staff Stephen Miller calls court ruling blocking troop deployment to Portland an ""egregious and thunderous violation"". he further wrote: :“A district court judge has no conceivable authority, whatsoever, to restrict the President and Commander-in-Chief from dispatching members of the US military to defend federal lives and property,”",https://thehill.com/homenews/administration/5540445-miller-responds-judge-halts-national-guard-oregon/,Yes,No,Yes,Yes,No,No,No,No,No,Yes
1465,2025-10-06,"Trump calls deadly strikes on boats in the Caribbean an ""act of kindness"" claiming that the attacks had halted drug trafficking via those waters into the United States.",https://www.nytimes.com/2025/10/05/us/politics/trump-caribbean-strikes-drugs-kindness.html,Yes,No,No,Yes,No,No,No,No,No,Yes
1464,2025-10-06,Trump tells military that 'we need to take care of little gnat Democrats' during a speech in front of thousands of U.S. Navy sailors,https://www.huffingtonpost.co.uk/entry/trump-democrats-gnats_n_68e32fb1e4b08634f761d760,No,No,Yes,No,No,No,No,No,No,No
1463,2025-10-05,"Trump tries to deploy California National Guard troops to Oregon one day after federal judge had blocked Trump's plan to use Oregon's National Guard, but that is blocked too. Hegseth later signs order mobilising Texas national guard for Portland and Oregon",https://www.nbcnews.com/politics/trump-administration/california-newsom-trump-administration-national-guard-deployment-rcna235726,Yes,No,Yes,No,No,No,No,No,No,Yes
1462,2025-10-05,President Donald Trump moved to deploy the National Guard in another city Saturday by authorizing 300 troops to protect federal officers and assets in Chicago,https://apnews.com/article/chicago-illinois-trump-national-guard-acbf033191926157c5771825470eb2f8,Yes,No,Yes,No,No,No,No,No,No,Yes
1461,2025-10-04,"Leaked text messges between Stephen Miller's top aide and Defense Secretary Hegseth advisor reveal discussion about deployment of 82nd Airborne Division (a specialised combat unit known for parachuting into war zones) to Portland, Oregon",https://www.yahoo.com/news/articles/leaked-texts-reveal-trump-officials-132523679.html,No,No,No,No,No,No,No,No,No,Yes
1460,2025-10-04,"White House Aide Stephen Miller calls judge's blocking of troop deployment to Portland ""legal insurrection""",https://thehill.com/homenews/state-watch/5539238-miller-portland-troops-deployment/,Yes,No,Yes,No,No,No,No,No,No,No
1459,2025-10-04,"President Donald Trump has directed his team to review federal aid to Portland, Oregon, that can be cut as his anger with the city's anti-government and anti-fascism protesters mounts",https://www.reuters.com/world/trump-wants-cut-federal-aid-portland-his-anger-with-protesters-grows-2025-10-03/,No,No,Yes,No,No,No,No,No,No,No
1458,2025-10-04,The Chicago night time helicopter raid on an apartment block swept up US citizens. Other residents said their belongings had been taken when they got back to their apartments,https://www.reuters.com/world/us/us-border-patrol-raid-sweeps-citizens-families-chicago-crackdown-intensifies-2025-10-04/,No,No,No,No,No,No,Yes,No,No,Yes
1457,2025-10-04,"Top Trump aide Stephen Miller accuses 'left wing Democrat' judges, prosecutors and attorneys general of shielding 'leftwing terrorism' and threatens to use state power to dismantle these 'leftwing terror networks'",https://www.yahoo.com/news/articles/stephen-miller-calls-legitimate-state-195433307.html,Yes,No,Yes,No,No,No,No,No,No,No
1456,2025-10-04,"Trump administration threatened governor of Illinois with ultimatum ""call up your troops, or we will"". Democrat Governor Pritzker said ""It is absolutely outrageous and un-American to demand a Governor send military troops within our own borders and against our will.""",https://bsky.app/profile/govpritzker.illinois.gov/post/3m2f6l2t6h22k,Yes,No,Yes,No,No,No,No,No,No,Yes
1455,2025-10-04,"Kristi Noem Says Only 'Law-Abiding Americans who love their country' Should Go To Super Bowl. The homeland security secretary's warning came as she vowed ICE would be ""all over"" the massive NFL event.",https://www.huffingtonpost.co.uk/entry/kristi-noem-americans-super-bowl_n_68e12d2fe4b01314b83e032b,No,No,No,No,No,No,Yes,No,No,Yes
1454,2025-10-04,"US Treasury unveils draft design for $1 Trump coin to mark 250th independence celebrations. The coin reads""fight fight fight"" and shows him with a raised fist in front of the American flag",https://www.abc.net.au/news/2025-10-05/trump-coil-revealed/105853576,No,No,No,Yes,No,No,No,No,No,No
1453,2025-10-04,"Trump administration planning to set annual refugeee limit to 7,500 and giving priority to White South Africans (Afrikaaners). This is down from 125,000 set for last year",https://www.reuters.com/world/us/trump-administration-planning-7500-person-refugee-ceiling-sources-say-2025-10-04/,No,No,No,No,No,No,No,No,No,Yes
1452,2025-10-03,"Federal agent throws tear gas canister from SUV at people on busy Chicago street near elementary school, the reason appears to be unclear",https://www.cbsnews.com/chicago/news/federal-immigration-agent-throws-tear-gas-canister-logan-square-street/,No,No,No,No,No,No,No,No,No,Yes
1451,2025-10-03,"Federal Aviation Administration (FAA) restricts Chicago airspace after request from Dept of Homeland Security citing a ""credible threat"" of attacks on agents carrying out operation Midway Blitz. The restrictions are due to remain in place until Oct 12, and are unprecedented in length of time and area size.Similar restrictions were put in place in Portland and LA. The American Civil Liberties Union (ACLU) said the restrictions could “effectively block private citizens and the media from using drones to observe and track ICE raids and arrests.”",https://www.nbcnews.com/news/us-news/chicago-airspace-restricted-threats-agents-faa-homeland-security-rcna235482,No,No,Yes,No,No,No,No,No,No,Yes
1450,2025-10-03,"Dept of Homeland Security (DHS) includes a White Supremacist meme in video on X promoting Deportation Blitz - ""Mac tonight"" an image of a crescent moon wearing sunglasses was added to the Anti Defamation League's ""hate symbols"" data base in 2019 as it was firmly “associated with alt right language and imagery, including explicit white supremacist imagery.”",https://www.yahoo.com/news/articles/dhs-includes-white-supremacist-meme-181101387.html,No,No,No,No,No,No,No,No,No,Yes
1449,2025-10-03,"FBI officer relieved of duty for refusing to ""perp walk"" former FBI director Comey (this is is unconstitutional if done as staged recreation for media rather than for transportation to a courthouse purposes - DOJ policy prohibits perp walks)",https://www.reuters.com/world/us/fbi-agent-relieved-duty-over-refusing-comey-perp-walk-four-people-familiar-say-2025-10-03/,Yes,No,No,Yes,No,No,No,No,No,No
1448,2025-10-03,Documents show ICE planning to build a 24/7 social media surveillance team to identify and target people for deportation,https://www.wired.com/story/ice-social-media-surveillance-24-7-contract/,No,No,No,No,No,No,No,No,No,Yes
1447,2025-10-03,Chicago Alderperson arrested by ICE during hospital visit when checking on someone injured during ICE arrest,https://www.cbsnews.com/chicago/news/ald-jessie-fuentes-arrested-ice-agents-humboldt-park-hospital/,Yes,No,No,No,No,No,No,No,No,Yes
1446,2025-10-03,Defense Secretary Hegseth fires Navy Chief of Staff. This follows the confirmation of Navy Undersecretary Cao this week who is a Trump appointee,https://www.politico.com/news/2025/10/03/top-navy-official-fired-00593997,Yes,No,No,No,No,No,No,No,No,No
1445,2025-10-03,FBI Director Kash Patel on Wednesday fired an agent in training for displaying a gay pride flag on his desk while appointed to a field office in California last year,https://www.msnbc.com/msnbc/news/kash-patel-fires-fbi-agent-trainee-displaying-gay-pride-flag-rcna235306,No,No,Yes,No,No,No,Yes,No,No,No
1444,2025-10-03,Trump ally-led communication companies Palantir and Anduril battlefield communication systems update is deeply flawed according to Army memo. The two companies gained access to the Pentagon's lucrative flow of contracts on the promise of quickly providing less expensive and more sophisticated weapons,https://www.reuters.com/business/aerospace-defense/anduril-palantir-battlefield-communication-system-has-deep-flaws-army-memo-says-2025-10-03/,No,No,No,No,No,No,No,Yes,No,No
1443,2025-10-03,"Trump says that if Hamas does not accept new peace deal by Sunday ""all HELL, like no one has ever seen before, will break out against Hamas.”",https://www.pbs.org/newshour/world/trump-says-if-hamas-does-not-accept-proposed-peace-deal-by-sunday-all-hell-will-break-out,No,No,No,No,No,No,No,No,Yes,No
1442,2025-10-03,"Trump administration orders new boat strike - Defense Secretary Pete Hegseth stated that ""our intelligence, without a doubt, confirmed that this vessel was trafficking narcotics, the people onboard were narco-terrorists, and they were operating on a known narco-trafficking transit route."" This comes after the US declared it was in an ""armed conflict"" with drug cartels",https://apnews.com/live/donald-trump-news-updates-10-3-2025#00000199-ab02-de91-adfb-bbcfdf9d0000,Yes,No,No,No,No,No,No,No,Yes,No
1441,2025-10-03,FBI cuts ties with Civil Rights group that tracks extremist groups because they have Charlie Kirk's organisation listed on their right-wing hate group list,https://www.reuters.com/world/us/fbi-cuts-ties-with-civil-rights-group-southern-poverty-law-center-2025-10-03/,No,No,Yes,No,No,No,No,No,No,No
1440,2025-10-03,Health Secretary RFK Jr fires top NIH scientist weeks after she filed a whistleblower complaint about the administrations' hostility towards vaccines,https://www.theguardian.com/us-news/2025/oct/03/rfk-jr-jeanne-marrazzo-nih-fired,No,No,Yes,No,Yes,No,No,No,No,No
1439,2025-10-03,Ice protests continue in Portland amid Trump’s latest federal deployment and Homeland Security Secretary Kristi Noem reportedly promises ‘surge’ of Ice resources to city after rightwing commentator arrested over police fight,https://www.theguardian.com/us-news/2025/oct/03/trump-ice-immigration-portland,No,No,Yes,No,No,No,No,No,No,Yes
1438,2025-10-03,"Journalist Mario Guevara’s imprisonment by Immigrations and Customs Enforcement (Ice) ended with deportation to El Salvador on Friday. Guevara has been a media mainstay in the Atlanta area for about 20 years, after fleeing El Salvador to escape leftwing militias in 2004. Though he has a work permit and two of his children are American citizens, he has operated under the “administrative closure” of deportation orders for much of that time",https://www.theguardian.com/us-news/2025/oct/03/journalist-mario-guevara-ice-deportation,No,No,Yes,No,No,No,No,No,No,Yes
1437,2025-10-03,"Trump administration freezes $2.1bn in funds for Chicago transit projects, in another jab at a Democratic-led city during the federal government shutdown, presented as a move against diversity efforts",https://www.theguardian.com/us-news/2025/oct/03/trump-administration-shutdown-chicago,No,No,Yes,No,No,No,Yes,No,No,No
1436,2025-10-02,ICE shot and killed a man While Trying to Detain Him in Chicago. He Had No Criminal Record and the Department for Homeland Security (DHS) lied about what happened.,https://www.yahoo.com/news/articles/ice-shot-man-while-trying-201300578.html,Yes,No,No,No,No,No,No,No,No,Yes
1435,2025-10-02,"Federal workers at the Dept of Education (DoE) had their out of office emails changed, to blame Democrats from shutdown, in violation of the Hatch Act",https://www.nytimes.com/2025/10/02/us/politics/education-dept-shutdown-emails.html,Yes,No,No,Yes,No,No,No,No,No,No
1434,2025-10-02,"Massive immigration raid in Chicago involving Border Patrol, ATF, DEA and FBI on apartment building saw residents including women and children zip-tied and escorted out, some naked. There were no warrants and no list of who was taken. The Dept of Homeland Securitiy alleged the neighborhood was frequented by Tren De Aragua, however they did not offer any evidence",https://chicago.suntimes.com/immigration/2025/10/01/massive-immigration-raid-on-chicago-apartment-building-leaves-residents-reeling-i-feel-defeated,Yes,No,No,No,No,No,Yes,No,No,Yes
1433,2025-10-02,"The White House issued a press release with links to scientific studies to back up Trump’s claim that use of Tylenol during pregnancy causes autism, but experts say those studies do not support the claim",https://www.theguardian.com/us-news/2025/oct/02/trump-tylenol-autism-expert-analysis,No,No,No,Yes,Yes,No,No,No,No,No
1432,2025-10-02,Apple removes ICE-block and other popular ICE tracking apps from its app store after pressure from the Trump administration,https://www.reuters.com/sustainability/society-equity/apple-removes-ice-tracking-apps-after-pressure-by-trump-administration-2025-10-03/,No,No,No,Yes,No,No,No,No,No,No
1431,2025-10-02,"Trump declared drug cartels operating in the Caribbean "" unlawful combatants"" and said the US was now in an ""non-international conflict""",https://www.theguardian.com/us-news/2025/oct/02/trump-administration-caribbean-drug-cartels,Yes,No,No,No,No,No,No,No,Yes,No
1430,2025-10-02,"CDC still hasn't issued covid vaccine guidance following the vaccine committee meeting. This is highly unusual as normally CDC guidance is updated within hours of the meeting, and leaves people in limbo unable to get their booster shots",https://www.npr.org/sections/shots-health-news/2025/10/02/nx-s1-5559439/cdc-covid-vaccine-guidelines,No,No,No,No,Yes,No,No,No,No,No
1429,2025-10-02,"Trump revives family separations amid immigration push, a tactic he used during his first term",https://www.theguardian.com/us-news/ng-interactive/2025/oct/02/trump-immigration-family-separations-deportations,No,No,No,No,No,No,Yes,No,No,Yes
1428,2025-10-02,"White House puts deepfake video of Democratic leader on loop in White House briefing room; JD Vance commented saying the video was""funny"" and that the Sombrero memes would cease if the governemnt reopened",https://www.theguardian.com/us-news/2025/oct/01/trump-racist-deepfake-video-jeffries-schumer,No,No,Yes,Yes,No,No,No,No,No,No
1427,2025-10-02,"Supreme Court conservative judges let Trump withhold $4B in foreign aid via emergency order. By acting without full briefing or oral arguments, the Court bypassed the normal scrutiny such high-stakes disputes require. The decision effectively expanded executive power at the expense of both Congress’s constitutional spending authority and the judiciary’s deliberative role.",https://www.reuters.com/legal/government/us-supreme-court-expands-its-emergency-docket-trumps-power-too-2025-10-02/,Yes,No,No,No,No,No,No,No,No,No
1426,2025-10-02,"US Defense Secretary Pete Hegseth is launching a new effort to overhaul the military's watchdog agencies, sparking concerns among current and former U.S. officials that wrongdoing could go unreported or unexamined",https://www.reuters.com/world/assault-oversight-hegseth-overhaul-military-watchdogs-spurs-concern-2025-10-02/,Yes,Yes,No,No,No,No,No,No,No,No
1425,2025-10-02,"The Trump administration plans to halt federal funding of any organization or government that supports work overseas related to gender identity or diversity. The prohibition would apply to non-profits, foreign governments and United Nations programs.",https://www.reuters.com/world/us/trump-bar-funding-entities-that-do-diversity-work-abroad-report-2025-10-02/,No,No,No,No,No,No,Yes,No,Yes,No
1424,2025-10-02,"Trump, in social media post, says he is meeting with Project 2025 architect Russ Vought to determine which ""Democrat Agencies"" he should abolish during the government shutdown",https://bsky.app/profile/atrupar.com/post/3m27iz2olv22t,No,No,Yes,No,No,No,No,No,No,No
1423,2025-10-02,"The White House sent letters to nine of the nation’s top public and private universities, urging campus leaders to pledge support for President Trump’s political agenda to help ensure access to federal research funds",https://www.nytimes.com/2025/10/02/us/politics/trump-college-funding.html,No,No,No,No,No,Yes,No,Yes,No,No
1422,2025-10-01,"ICE agents in Colorado stopped car at gunpoint, smashing in a car window... there was a one-month old baby inside. The family was on their way home from the Alamosa County courthouse and Colorado law says ICE is not allowed to arrest people who are going to or coming from a courthouse. The father no longer appeared on ICE’s inmate locator website and his wife did not know where he was.",https://coloradosun.com/2025/10/01/ice-alamosa-arrest-gunpoint-infant/,Yes,No,No,No,No,No,No,No,No,Yes
1421,2025-10-01,White House budget director Russell Vought said Wednesday that the Trump administration was putting on hold billions of dollars of funding for infrastructure projects in New York City. Vought wrote on X that he would be pausing $18 billion in funding for infrastructure projects to “ensure” that the money was not “flowing based on unconstitutional DEI principles.”,https://www.nbcnews.com/politics/trump-administration/white-house-freezes-18-billion-new-york-city-infrastructure-funding-rcna234928,No,No,Yes,No,No,No,No,No,No,No
1420,2025-10-01,"President Donald Trump's administration is cancelling nearly $8 billion in climate-related funding targeting 16 U.S. states, including California and New York, White House budget director Russ Vought said, following through on threats to use the shutdown to punish Democrat states",https://www.reuters.com/sustainability/cop/trump-administration-scraps-8-billion-climate-related-projects-2025-10-01/,No,No,Yes,No,Yes,No,No,No,No,No
1419,2025-10-01,"The White House abruptly fired a large share of the council members advising the National Endowment for the Humanities, retaining only four appointees of President Donald Trump. A White House spokesperson told The Post in an email that the president is “hoping to place members on the board who align more closely with his vision.”",https://www.washingtonpost.com/entertainment/2025/10/01/national-council-on-the-humanities-fired-white-house/,No,Yes,No,No,No,Yes,No,No,No,No
1418,2025-10-01,Donald Trump posts another bigoted video trolling House Democratic Leader Hakeem Jeffries,https://x.com/realDonaldTrump/status/1973218518893207825,No,No,Yes,No,No,No,No,No,No,No
1417,2025-09-30,"U.S. Equal Employment Opportunity Commission (EEOC) responsible for enforcing worker rights, will stop investigating complaints about company policies that don’t explicitly discriminate but may disproportionately harm certain groups. This aligns with Trumps executive Order on ""restoring equality of opportunity and meritocracy""",https://apnews.com/article/trump-discrimination-ai-eeoc-disparate-impact-a2e8aba11f3d3f095df95d488c6b3c40,No,No,No,No,No,No,Yes,No,No,No
1416,2025-09-30,President Donald Trump mocked Senate Minority Leader Chuck Schumer and House Minority Leader Hakeem Jeffries on Tuesday after the two reportedly turned down a pair of “Trump 2028” hats during an Oval Office meeting.,https://www.mediaite.com/politics/chuck-schumer-hakeem-jeffries-turn-down-trump-2028-hats-from-president-during-oval-office-meeting/,Yes,No,No,No,No,No,No,No,No,No
1415,2025-09-30,"Federal agencies blame Democrats for government shutdown in an apparent violation of the Hatch Act ( law limiting federal employees' political activities) - some agencies sent emails to employess and posted public statements blaming democrats on government websites (VA, HHS, HUD)",https://www.theguardian.com/us-news/2025/sep/30/federal-agencies-democrats-shutdown,Yes,No,No,Yes,No,No,No,No,No,No
1414,2025-09-30,"Council of the Inspectors General on Integrity and Efficiency, the federal office that is charged with overseeing the Trump administration, is being defunded and shut down - this is a separate move from the overall government shutdown.",https://www.nytimes.com/2025/09/30/us/politics/trump-federal-watchdog-funding.html,Yes,Yes,No,Yes,No,No,No,No,No,No
1413,2025-09-30,Dept of Justice launches investigation into Des Moines (Iowa) public schools system over race-based hiring practices and DEI policies. Last week its superintendent was arrested,https://www.reuters.com/legal/litigation/us-justice-department-probes-des-moines-schools-race-based-hiring-practices-2025-09-30/,No,No,Yes,No,No,Yes,Yes,No,No,No
1412,2025-09-30,President Donald Trump said that his administration had reached a deal with Harvard University after months of negotiations and that the Ivy League school will pay $500 million.,https://www.reuters.com/world/us/trump-says-us-government-reached-deal-with-harvard-university-2025-09-30/,No,No,No,No,No,Yes,No,No,No,No
1411,2025-09-30,"The White House is canceling millions of dollars that dozens of universities use to research food production, despite budget chief Russ Vought’s promise to leave that money untouched.",https://www.politico.com/live-updates/2025/09/30/congress/trump-vought-cancel-food-research-funding-congress-00588358,No,Yes,No,No,Yes,No,No,No,No,No
1410,2025-09-30,"ICE officer shoves journalist to the floor at 26 Federal Plaza, NYC comptroller says",https://www.cbsnews.com/newyork/news/ice-officer-journalist-altercation-nyc/,No,No,Yes,No,No,No,No,No,No,No
1408,2025-09-30,"Republicans refuse to swear in newly elected Democrat before government shutdown, delaying success of Epstein file release petition",https://thehill.com/homenews/house/5529055-republicans-grijalva-swearing-in-house/,Yes,No,Yes,Yes,No,No,No,No,No,No
1407,2025-09-30,"Pfizer agrees to offfer discounted drugs through new federal website called ""TrumpRx.com""",https://www.theguardian.com/us-news/2025/sep/30/trump-pfizer-drug-prices,No,No,No,Yes,No,No,Yes,No,No,No
1406,2025-09-30,"Dept of Energy tells staff at the Office of Energy Efficiency and Renewable Energy to stop using terms including “climate change”, “decarbonization”, “sustainable”, “emissions” and “green”. Also on the list are “energy transition”, “‘clean’ or ‘dirty’ energy” and “carbon/CO2 ‘Footprint’”.",https://www.theguardian.com/us-news/2025/sep/30/energy-department-climate-change-crisis-language,No,No,No,Yes,Yes,No,No,No,No,No
1405,2025-09-30,"Trump said he will fire U.S. military leaders he doesn't like, before addressing 800 of them",https://www.reuters.com/world/us/trump-says-he-will-fire-us-military-leaders-if-he-doesnt-like-them-2025-09-30/,No,No,Yes,No,No,No,No,No,No,No
1404,2025-09-30,"Dept of Justice (DoJ) sues L.A. sheriff for not processing fire arms licenses quickly enough, stating he was violating citizen's second amendment rights through '""deliberate pattern of unconscionable delay""",https://www.reuters.com/world/us-sues-los-angeles-sheriff-being-too-slow-process-concealed-carry-licenses-2025-09-30/,Yes,No,No,No,No,No,No,No,No,No
1403,2025-09-30,"Trump in addressing 800 senior military personnel suggested that ""the enemy lies within"" and that the military use ""dangerous cities"" as ""training grounds"" as well as stating that if military or police vehicles are hit with bricks or other objects, that officers should “do whatever the hell” they want.",https://www.theguardian.com/us-news/live/2025/sep/30/us-government-shutdown-funding-trump-vance-portland-hegseth-latest-updates,Yes,No,Yes,No,No,No,Yes,No,No,Yes
1402,2025-09-30,"Defense Secretary outlined changes to military policy and philosophy in a set of 10 directives meant to change organizational culture around fitness, race and gender to top military admirals and generals. In a highly incendiary speech he decried “the insane fallacy that diversity is our strength” and said ""“Should our enemies choose foolishly to challenge us, they will be crushed by the violence, precision and ferocity of the war department,” Hegseth said. “To our enemies, FAFO,” he said referring to the acronym for “fuck around and find out”.""",https://www.theguardian.com/us-news/2025/sep/30/pete-hegseth-war-diversity-efforts-military,No,No,No,No,No,No,Yes,No,Yes,Yes
1401,2025-09-30,"Washington has held discussions with Taipei about a “50-50” split in the production of chips for the U.S. market, Secretary of Commerce Howard Lutnick said in an interview. Lutnick’s statements aligned with past comments from Trump, suggesting that the U.S. should get more in return for its defense of Taiwan against China",https://www.cnbc.com/2025/09/30/taiwan-should-only-produce-half-of-americas-chips-says-us-commerce-chief.html,No,No,No,No,No,No,No,No,Yes,No
1400,2025-09-30,"Nevada's top federal prosecutor has asked the FBI to investigate debunked Republican claims about voter fraud in the 2020 election, a probe she hopes will influence congressional races and ensnare Democrats",https://www.reuters.com/world/nevadas-acting-us-attorney-urged-voter-fraud-probe-help-republicans-document-2025-09-30/,Yes,No,Yes,No,No,No,No,No,No,No
1399,2025-09-30,"Schools, food banks and other organizations are rushing to wind down nutrition and health programming once funded by the U.S. Department of Agriculture's Supplemental Nutrition Assistance Program Education, known as SNAP-Ed. The program was eliminated by Trump's spending bill, effective September 30.",https://www.reuters.com/world/us/states-end-nutrition-education-programs-after-trump-cuts-2025-09-30/,No,Yes,No,No,Yes,Yes,No,No,Yes,No
1398,2025-09-30,"YouTube has agreed to pay $24.5m to settle a lawsuit brought by Donald Trump, filed after the video platform suspended his account in the wake of the 6 January attack on US Capitol. The settlement from the video streaming giant's parent company Alphabet - which also owns Google - comes after social media sites X/Twitter and Facebook also agreed to pay Trump for suspending his accounts",https://www.bbc.co.uk/news/articles/c9dx46qgp1jo,No,No,Yes,No,No,No,Yes,No,No,No
1397,2025-09-30,"Trump posts racist, AI-generated video of Schumer and Jeffries ahead of looming government shutdown",https://edition.cnn.com/2025/09/29/politics/trump-ai-generated-video-schumer-jeffries-shutdown,No,No,Yes,Yes,No,No,No,No,No,No
1396,2025-09-29,"Republicans, including Vice President JD Vance and House Speaker Mike Johnson falsely accuse Democrats of shutting down the government to fund free health care for unauthorized immigrants. - this rhetrotic has been used repeatedly, including on social media accounts",https://www.nytimes.com/2025/09/29/us/politics/republicans-shutdown-fact-check-health-immigration.html,No,No,No,Yes,No,No,No,No,No,No
1395,2025-09-29,"US Dept of Justice (DoJ) sues Minnesota over its immigration sanctuary policies, stating the state's policies were illegal under federal law. MN is the latest democrat-run state to be targeted in this manner",https://www.reuters.com/legal/government/us-justice-department-sues-minnesota-over-sanctuary-policies-2025-09-29/,No,No,Yes,No,No,No,Yes,No,No,Yes
1394,2025-09-29,California State University System (CSU) faces antisemitism complaint filed by the Trump administration,https://www.reuters.com/legal/government/california-state-university-system-faces-federal-probe-by-trump-administration-2025-09-30/,No,No,Yes,No,No,Yes,No,No,No,No
1393,2025-09-29,"Dept of Health and Human Services refers Harvard for administrative suspension and debarment proceedings, seeking federal funding ineligibility",https://www.reuters.com/legal/government/trump-administration-seeks-make-harvard-ineligible-federal-funding-2025-09-29/,No,No,No,No,No,Yes,No,No,No,No
1392,2025-09-29,"Dept of Justice (DoJ) is suing pro-Palestinian organisations and protesters, accusing them of intimidating Jewish worshippers at New Jersey event, using a law that is normally used against protesters blocking access to abortion clinics",https://www.reuters.com/legal/government/doj-sues-over-pro-palestinian-protest-using-law-abortion-clinic-access-2025-09-29/,Yes,No,Yes,No,No,No,Yes,No,No,No
1391,2025-09-29,Two Housing and Urban Development Dept (HUD) lawyers dismissed after raising concerns about administration’s efforts to limit enforcement of the Fair Housing Act,https://www.nytimes.com/live/2025/09/29/us/trump-news-shutdown,No,No,Yes,Yes,No,No,No,No,No,No
1390,2025-09-29,"President Donald Trump threatened to withhold federal funding for New York City if the progressive Zohran Mamdani wins the mayoral election. Trump, who is from New York City, said the democratic socialist ""needs the money from me, as President, in order to fulfill all of his FAKE Communist promises. He won’t be getting any of it, so what’s the point of voting for him?"" on Truth Social",https://www.businessinsider.com/trump-threatens-nyc-federal-funding-zohran-mamdani-2025-9,No,No,Yes,No,No,No,No,No,No,No
1389,2025-09-29,"Stephen Miller's Homeland Security Council (HSC), an entity he leads and made independent in a break with previous administrations, is playing a substantial role in strikes on Venezuelan boats allegedly carrying drugs. No evidence has been presented that any of the boats hit were carrying drugs",https://www.theguardian.com/us-news/2025/sep/29/stephen-miller-venezuela-drug-boat-strike,Yes,No,No,No,No,No,No,No,Yes,No
1388,2025-09-29,Trump administration to expand coal mine leasing on 13.1 million acres of federal land to support more coal powered energy generation,https://www.nytimes.com/live/2025/09/29/us/trump-news-shutdown#trump-coal-revival,No,No,No,No,Yes,No,No,No,No,No
1387,2025-09-29,"West Africans deported by the US to Ghana are now fending for themselves in Togo after being dumped in the country without documents, according to lawyers and deportees. 8 to 10 west African nationals have since been forcibly sent by Ghana to Togo, bypassing a formal border crossing, and then left on the street without passports.",https://www.theguardian.com/us-news/2025/sep/29/west-africans-deported-us-ice-ghana-togo,No,No,No,No,No,No,Yes,No,No,Yes
1386,2025-09-29,Trump announces 100% tariff on foreign-made movies,https://edition.cnn.com/2025/09/29/economy/trump-movie-tariff,No,No,No,No,No,No,No,No,Yes,No
1384,2025-09-28,"Missouri Governor signs new congressional map into law, giving the Republicans an extra seat",https://thehill.com/homenews/state-watch/5500453-missouri-redistricting-gop-gains/,Yes,Yes,No,No,No,No,No,No,No,No
1383,2025-09-28,"Masked, armed and camouflaged federal agents patrol downtown Chicago",https://thehill.com/homenews/state-watch/5526392-federal-agents-chicago-arrests/,No,No,No,No,No,No,No,No,No,Yes
1382,2025-09-28,Trump raises possibility of a new inqury into former FBI director Christopher Wray,https://www.nytimes.com/2025/09/28/us/politics/trump-wray-fbi.html,No,No,Yes,No,No,No,No,No,No,No
1381,2025-09-28,Defense Secretary Hegseth puts 200 Oregon National Troops under federal control for deployment,https://www.reuters.com/world/us/pentagon-calls-up-200-national-guard-troops-after-trump-portland-announcement-2025-09-28/,No,No,No,No,No,No,No,No,No,Yes
1380,2025-09-28,"Children left in poor sanitary conditions, including a shortage of clean water in ICE facility in Texas, according to legal advisers who have seen conditions",https://www.theguardian.com/us-news/2025/sep/28/ice-detention-texas-children,No,No,No,No,No,No,Yes,No,No,Yes
1379,2025-09-28,"Trump pushes false ""MedBed"" conspiracy theory on his social media account using what appears to be an AI-generated video. This conspiracy theory has circulated for years in far-right circles, including Q-Anon.",https://bsky.app/profile/alkapdc.bsky.social/post/3lzujov6tg22d,No,No,No,Yes,No,No,No,No,No,No
1378,2025-09-27,"Trump falsely suggests FBI agents ignited Jan 6 violence at Capitol, by claiming FBI had “secretly placed” 274 agents into the crowd of rioters who stormed the Capitol",https://www.politico.com/news/2025/09/27/trump-january-6-fbi-00583383,Yes,No,No,Yes,No,No,No,No,No,No
1377,2025-09-27,"Trump calls Portland, Oregon ""war ravaged"" and says he is deploying troops to protect ICE facilities, authorising ""Full Force"" if necessary",https://www.theguardian.com/us-news/2025/sep/27/portland-oregon-us-military-trump,Yes,No,Yes,No,No,No,No,No,No,Yes
1376,2025-09-27,FBI fires group of agents photographed kneeling during racial justice protest in DC in 2020 while trying to deescalate a higjh-tension situation,https://www.reuters.com/world/us/fbi-fires-agents-pictured-kneeling-during-racial-justice-protest-2020-2025-09-27/,Yes,No,Yes,No,No,No,No,No,No,No
1375,2025-09-26,"New Data Show Trump Administration’s Illegal, Targeted Withholding of Funds totaling at least $410 billion. Since taking office, the Administration has engaged in a widespread campaign to delay, withhold, cancel, or claw back funding approved by Congress, violating federal law.",https://www.cbpp.org/research/federal-budget/new-data-show-trump-administrations-illegal-targeted-withholding-of-funds,Yes,Yes,No,No,No,No,No,No,No,No
1374,2025-09-26,"Director of National Intelligence Tulsi Gabbard eliminates group compiling intelligence report ""Global Trends"" on fututre threats to the US - this public report is normally issued every four years",https://www.nytimes.com/2025/09/26/us/politics/gabbard-intelligence-report-cancellation.html,Yes,No,No,No,No,No,No,No,No,No
1373,2025-09-26,"JD Vance on Fox News accuses Democrats of engaging in blood libel against ICE (as per the Holocaust Encyclopedia: ""The term blood libel refers to the false allegation that Jews used the blood of non-Jewish, usually Christian children, for ritual purposes."")",https://www.facebook.com/FoxNews/videos/vp-vance/1293100481913733/,No,No,Yes,Yes,No,No,No,No,No,No
1372,2025-09-26,79 year old US citizen slammed to ground and later arrested and detained by ICE,https://www.theguardian.com/us-news/video/2025/sep/26/surveillance-footage-shows-ice-agents-pushing-79-year-old-man-to-the-ground-video,No,No,No,No,No,No,Yes,No,No,Yes
1371,2025-09-26,Federal Bureau of Prisons ends union protections for workers,https://www.nytimes.com/2025/09/26/us/politics/federal-prisons-workers-union.html,No,Yes,No,No,No,No,Yes,No,No,No
1370,2025-09-26,Trump moves toward deal to give US government stake in Nevada Lithium mine,https://apnews.com/article/lithium-mine-nevada-trump-gm-electric-cars-9e343fbe558b57a59697556b41ed840b,Yes,No,No,No,No,No,No,No,No,No
1369,2025-09-26,"Justice Dept agents to protect ICE facilities, as per Attoney General Pam Bondi, saying she would instruct anti-terrorism task forces across the country to “disrupt and investigate all entities and individuals engaged in acts of domestic terrorism, including the repeated acts of violence and obstruction against federal agents.”",https://www.nytimes.com/2025/09/26/us/doj-agents-ice-facilities.html,No,No,Yes,No,No,No,No,No,No,Yes
1368,2025-09-26,Supreme Court (SCOTUS) allows Trump to withold nearly $5 billion in foreign aid . The unsigned order indefinitely extends a previously granted pause- the three liberal judges dissented,https://thehill.com/regulation/court-battles/5524361-supreme-court-trump-foreign-aid-freeze/,Yes,No,No,No,No,No,No,No,Yes,No
1367,2025-09-26,Trump says he expects others will be charged following James Comey indictment,https://www.theguardian.com/us-news/2025/sep/27/us-revokes-visa-for-colombian-president-gustavo-petro-after-reckless-actions-in-new-york,Yes,No,Yes,No,No,No,No,No,No,No
1366,2025-09-26,US to revoke Colombian president's visa over comments at pro-Palestinian protest,https://www.theguardian.com/us-news/2025/sep/27/us-revokes-visa-for-colombian-president-gustavo-petro-after-reckless-actions-in-new-york,No,No,Yes,No,No,No,No,No,Yes,No
1365,2025-09-26,US Dept of Justice (DoJ) subpoenas Georgia prosecutor Fani Willis - she had charged Trump in an election interference case,https://www.nytimes.com/live/2025/09/26/us/trump-news,No,No,Yes,No,No,No,No,No,No,No
1364,2025-09-26,"Trump demands Microsoft fire Lisa Monaco. The president continues his pursuit of retribution by targeting Biden’s former deputy AG, who oversaw investigations into Trump’s conduct.",https://www.politico.com/news/2025/09/26/trump-microsoft-lisa-monaco-00583363,No,No,Yes,No,No,No,No,No,No,No
1363,2025-09-26,Trump asks Supreme Court to decide whether he can end birthright citizenship,https://edition.cnn.com/2025/09/26/politics/supreme-court-birthright-citizenship-trump-appeal,Yes,No,No,No,No,No,Yes,No,No,Yes
1362,2025-09-26,Trump Fired a U.S. Attorney Who Insisted on Following a Court Order. The top federal prosecutor in Sacramento was fired hours after she reminded a Border Patrol chief to abide by court-ordered restrictions on immigration raids,https://www.nytimes.com/2025/09/26/us/trump-fires-us-attorney-california-immigration.html,Yes,No,Yes,No,No,No,No,No,No,No
1361,2025-09-26,"US refuses to back UN declaration on noncommunicable diseases. General assembly backs new targets on cancer, diabetes and heart disease but Robert F Kennedy Jr objects, citing abortion and 'gender ideology' despite these not being in the declaration",https://www.theguardian.com/society/2025/sep/26/us-refuses-to-support-un-health-declaration-on-noncommunicable-diseases,No,No,No,No,Yes,No,No,No,Yes,No
1360,2025-09-26,"Trump slaps new US tariffs on drugs, trucks and furniture",https://www.reuters.com/business/trump-says-us-will-impose-25-tariff-heavy-trucks-imports-october-1-2025-09-25/,No,No,No,No,No,No,No,No,Yes,No
1359,2025-09-26,Immigrants with no criminal record now largest group in Ice detention,https://www.theguardian.com/us-news/2025/sep/26/immigrants-criminal-record-ice-detention,No,No,No,No,No,No,No,No,No,Yes
1358,2025-09-26,Deaths occurring in the custody of US Immigration and Customs Enforcement (Ice) have reached at least 16 since January amid increasing mass detention across the country and growing concerns over conditions.,https://www.theguardian.com/us-news/2025/sep/26/ice-detention-death-toll-trump,No,No,No,No,No,No,Yes,No,No,Yes
1357,2025-09-26,Trump signs memo targeting ‘domestic terrorism’ amid fears of crackdown on the left. US president criticizes ‘anarchists and agitators’ as he unveils memo expected to meet fierce legal pushback. Trump mentioned George Soros as a potential target,https://www.theguardian.com/us-news/2025/sep/25/trump-presidential-memorandum-political-violence,No,No,Yes,No,No,No,No,No,No,No
1356,2025-09-25,"US Senate Homeland Security & Governmental Affairs committee releases report detailing how ""DOGE jeopardizes Americans' data without regard for law or Congress""",https://www.hsgac.senate.gov/wp-content/uploads/DOGE_REPORT_FINAL_7.pdf,Yes,No,No,No,No,No,Yes,No,No,No
1355,2025-09-25,Billions in Taxpayer Dollars Have Become Virtually Untraceable. The Trump administration’s aggressive approach to overhauling the executive branch has obscured how federal dollars are actually being spent — even for the members of Congress,https://www.notus.org/trump-white-house/billions-taxpayer-dollars-virtually-untraceable-appropriations-trump-omb-russ-vought,Yes,No,No,No,No,No,No,No,No,No
1354,2025-09-25,the U.S. National Science Foundation (NSF) which funds a prestigious Graduate Research Fellowship Program has stopped 2nd year PhD students being eligible. and narrowed the application timeline. Awarded fellowshops will align with administration priorities.,https://www.science.org/content/article/completely-shattered-changes-nsf-s-graduate-student-fellowship-spur-outcry,No,No,No,No,Yes,No,No,No,No,No
1353,2025-09-25,"Acadia National Park removes educational signs about climate change, Indigenous history",https://www.mainepublic.org/climate/2025-09-25/acadia-national-park-removes-educational-signs-about-climate-change-indigenous-history,No,No,No,Yes,Yes,Yes,Yes,No,No,No
1352,2025-09-25,"Trump signs memorandum seeking death penalty for criminal cases in DC, and Attorney General Pam Bondi said the Dept of Justice (DoJ) will seek capital punishment across the country",https://edition.cnn.com/2025/09/25/politics/death-penalty-trump-dc,Yes,No,No,No,No,No,Yes,No,No,No
1351,2025-09-25,"Former FBI director James Comey indicted for making ""false statement ""to Congress and ""obstruction of justice"". Indictment comes after Trump instructed US attorney general to prosecute Comey and others he considers political foes",https://www.theguardian.com/us-news/2025/sep/25/james-comey-fbi-director-indictment,No,No,Yes,No,No,No,No,No,No,No
1350,2025-09-25,US health secretary Kennedy considers adding autism symptoms to vaccine injury program,https://www.reuters.com/business/healthcare-pharmaceuticals/us-health-secretary-kennedy-considers-adding-autism-symptoms-vaccine-injury-2025-09-25/,No,No,No,No,Yes,No,No,No,No,No
1349,2025-09-25,Senior Dept of Justice (DoJ) leaders pushing for Trump critic John Bolton to be charged this week,https://www.cnn.com/2025/09/25/politics/john-bolton-justice-department,Yes,No,Yes,No,No,No,No,No,No,No
1348,2025-09-25,Justice Dept sues six states for not providing their voter registration lists,https://www.reuters.com/legal/government/us-justice-department-sues-six-states-not-providing-voter-registration-lists-2025-09-25/,Yes,No,No,No,No,No,Yes,No,No,No
1347,2025-09-25,"Justice Dept. Official Pushes Prosecutors to Investigate George Soros’s Foundation. The directive suggests department leaders are following orders from the president, a major break from decades of past practice meant to insulate the agency from political interference",https://www.nytimes.com/2025/09/25/us/politics/justice-trump-george-soros-foundation.html,Yes,No,Yes,No,No,No,No,No,No,No
1345,2025-09-24,Former FBI director Jame Comey to be indicted in Virginia soon,https://www.reuters.com/world/us/former-fbi-director-comey-be-indicted-virginia-soon-msnbc-reports-2025-09-24/,Yes,No,Yes,No,No,No,No,No,No,No
1344,2025-09-24,"US Dept of Justice's ""weaponization"" official questions retired FBI agent who was at Sandy Hook shooting and was involved in the defamation lawsuit against conspiracy theorist Alex Jones and Infowars, about whether he benefited personally.",https://apnews.com/article/newtown-school-shooting-alex-jones-f00583c26f266934feca7ff3cdebfaac,Yes,No,Yes,No,No,No,No,No,No,No
1343,2025-09-24,"ICE shooting in Dallas leads to partisan blame before any facts are confirmed - Republicans and in particular JD Vance blames radical left, although victim was a detainee, not a federal agent",https://www.theguardian.com/us-news/2025/sep/24/dallas-texas-ice-facility-shooting-response,Yes,No,No,Yes,No,No,No,No,No,Yes
1342,2025-09-24,U.S Treasury Secretary Bessant states that the US administration will not bail out New York City in any financial crisis if Democratic mayoral candidate Zohran Mamdani follows through with his plans,https://www.reuters.com/world/us/us-treasurys-bessent-message-nyc-any-bailout-drop-dead-2025-09-24/,No,No,Yes,No,No,No,No,No,No,No
1341,2025-09-24,"Trump energy secretary Chris Right to return billions set aside for green projects, stating climate accords have not lowered emissions",https://www.theguardian.com/us-news/2025/sep/24/trump-energy-secretary-chris-wright,No,No,No,No,Yes,No,No,No,No,No
1340,2025-09-24,"The Trump administration intends to shift $1.8 billion in foreign aid funding toward ""America First"" initiatives such as pursuing investments in Greenland and countering ""Marxist, anti-American regimes"" in Latin America, according to a document sent to Congress",https://www.reuters.com/world/us/trump-plans-america-first-foreign-aid-funding-shift-document-shows-2025-09-24/,No,No,No,No,No,No,No,No,No,Yes
1339,2025-09-23,Trump administration launches investigation into FEMA employees who warned about risks to agency,https://www.cnn.com/2025/09/23/politics/fema-investigating-workers-non-disclosure-agreement,Yes,No,Yes,No,No,No,No,No,No,No
1338,2025-09-23,"Oklahoma State Superintendent announces plans to establish ""Turning Point USA "" chapters (Charlie Kirk's organisation) at all Oklahoma high schools",https://thehill.com/homenews/state-watch/5518670-turning-point-usa-oklahoma-highschools/,No,No,No,Yes,No,No,No,No,No,No
1337,2025-09-23,Trump threatens legal action after Jimmy Kimmel late night show returns to air,https://www.huffingtonpost.co.uk/entry/trump-threat-kimmel-return_n_68d35c11e4b0ae58bfe9aa75,No,No,Yes,No,No,No,No,No,No,No
1336,2025-09-23,"Defense Secretary Hegseth dissolves women's military committee over ""divisive feminist agenda"". It was founded in 1951 and made recommendations about women's issues in the military",https://www.theguardian.com/us-news/2025/sep/23/pete-hegseth-ends-womens-military-committee,No,No,No,No,No,No,Yes,No,No,No
1335,2025-09-23,ICE in Massachussetts held 5-year old autistic girl in order to get her father to surrender - he has lived in the US for 22 years - local police arrived at teh scene and recovered her to reunite with her family,https://www.nbcnews.com/news/us-news/ice-held-5-year-old-autistic-girl-massachusetts-pressure-father-surren-rcna233146,No,No,No,No,No,No,No,No,No,Yes
1334,2025-09-23,"Trump questions purpose of the UN and tells countries they are ""going to hell"" over unchecked migration as well promoting his ""America First"" agenda and ""achievements"" to date",https://www.pbs.org/newshour/world/watch-live-trump-addresses-un-general-assembly-for-first-time-since-reelection,No,No,No,No,No,No,No,No,Yes,No
1333,2025-09-23,"White House aide Lindsey Halligan, a lawyer with no prosecurial experiencd sworn in as interim Attorney General after her predecessor was fired for declining to bring charges against former FBI director Comey and NYC attoreny general Letitia James",https://www.theguardian.com/us-news/2025/sep/22/white-house-aide-erik-siebert-office,Yes,No,No,No,No,No,No,No,No,No
1332,2025-09-22,US could hit entire International Criminal Court (ICC) with sanctions soon,https://www.reuters.com/world/europe/us-could-hit-entire-international-criminal-court-with-sanctions-soon-2025-09-22/,No,No,Yes,No,No,No,No,No,Yes,No
1331,2025-09-22,"Trump appointees roll back enforcement on fair housing laws, dismissing them as ideologically driven and DEI in disguise",https://www.nytimes.com/2025/09/22/realestate/trump-fair-housing-laws.html,No,No,No,No,No,No,Yes,No,No,No
1330,2025-09-22,"Trump suggests changes to childhood vaccine schedule should be ""based on what I feel""",https://thehill.com/policy/healthcare/5516749-trump-vaccine-suggestions-autism-links/,No,No,No,No,Yes,No,No,No,No,No
1329,2025-09-22,Dept of Homeland Security (DHS) says it won't comply with California's ICE mask ban,https://thehill.com/national-security/5516288-dhs-ice-california-mask-ban/,Yes,No,No,No,No,No,No,No,No,Yes
1328,2025-09-22,US sanctions wife of Brazilian judge who oversaw Bolsonaro prosecution,https://www.politico.com/news/2025/09/22/bolsonaro-prosecution-us-sanctions-00575122,No,No,Yes,No,No,No,No,No,Yes,No
1327,2025-09-22,"Trump administration ignores science and links autism to painkiller acetaminophen (Tylenol, paracetamol), urging pregnanat people not to use it. Trump also promotes many other false claims about vaccines",https://www.nytimes.com/2025/09/22/health/kennedy-autism-tylenol-trump.html,No,No,No,No,Yes,No,No,No,No,No
1326,2025-09-22,Trumps federal reserve (central bank) pick Stephen Miran doubles down on calls to aggressively cut interest rates. He was. the only one who voted for a 0.5% cut instead of the bank's eventual cut of 0.25%,https://www.theguardian.com/business/2025/sep/22/trump-federal-reserve-stephen-miran-interest-rates,No,No,No,No,No,No,No,Yes,No,No
1325,2025-09-22,Trump signs order designating antifa a domestic terrorist organisation (this designation does not exisit in US law),https://www.nytimes.com/2025/09/22/us/politics/trump-antifa-order-terrorism.html,Yes,No,Yes,No,No,No,No,No,No,No
1324,2025-09-22,"After dismissing his case, White House rejects report that border czar Tom Homann accepted $50,000 in cash from under cover FBI agents despite video evidence",https://www.nytimes.com/2025/09/22/us/politics/homan-cash.html,Yes,No,No,Yes,No,No,No,No,No,No
1323,2025-09-22,"Supreme Court (SCOTUS) allows Trump to fire Federal Trade Comission (FTC) commissioner Rebecca Slaughter, a Democrat. The three liberal judges dissented.",https://www.nytimes.com/2025/09/22/us/politics/supreme-court-ftc-commissioner-firing.html,Yes,No,Yes,No,No,No,No,No,No,No
1322,2025-09-21,"Trump stating he ""hates"" his opponents at Charlie Kirk memorial, while JD Vance calls Kirk a ""martyr for the Christian faith""",https://www.theguardian.com/us-news/2025/sep/21/thousands-gather-at-charlie-kirk-memorial-in-arizona-where-trump-to-pay-tribute-to-slain-organizer,No,No,Yes,Yes,No,No,No,No,No,No
1321,2025-09-21,"Trump-aligned Fox News owners Rupert Murdoch and his son Lachlan Murdoch will probably be involved in the effort to buy TikTok in the US, Donald Trump said in an interview",https://www.theguardian.com/us-news/2025/sep/21/trump-rupert-lachlan-murdoch-tiktok,No,No,No,Yes,No,No,No,No,No,No
1320,2025-09-21,"President Trump announced that he is nominating Lindsey Halligan, his special assistant, to serve as U.S. attorney for the Eastern District of Virginia, where the top prosecutor left on Friday amid pressure from the Trump administration to investigate his political enemies.",https://thehill.com/regulation/court-battles/5514316-donald-trump-lindsey-halligan/,Yes,No,No,No,No,No,No,No,No,No
1319,2025-09-20,"US Republicans warn Australia of ""punitive"" measures over recognition of Palestinian state",https://www.theguardian.com/world/2025/sep/21/republicans-warn-australia-of-punitive-measures-over-recognition-of-palestinian-state,No,No,No,No,No,No,No,No,Yes,No
1318,2025-09-20,"Trump demands that Pam Bondi move ""now"" to prosecute foes - Trump named James B. Comey, the former F.B.I. director; Senator Adam B. Schiff, Democrat of California; and Letitia James, the New York attorney general, saying he was reading about how they were “all guilty as hell, but nothing is going to be done.”",https://www.nytimes.com/2025/09/20/us/politics/trump-justice-department-us-attorneys.html,Yes,No,Yes,No,No,No,No,No,No,No
1317,2025-09-20,"Scientists at the Environmental Protection Agency’s Office of Water, which ensures drinking water is safe, have been instructed by Trump officials to halt publishing ongoing research in an “unprecedented” move",https://www.independent.co.uk/news/world/americas/us-politics/trump-epa-scientists-water-research-b2830523.html,No,No,No,Yes,Yes,No,No,No,No,No
1316,2025-09-20,"Trump signs proclamation for $100,000 annual fee for H-1B visas, mainly affecting workers from India and China",https://www.theguardian.com/us-news/2025/sep/19/trump-h1b-visa-100000-fee,No,No,No,No,No,No,No,No,Yes,Yes
1315,2025-09-20,"Trump on social media calls for Venezuela to take back prisoners from ""Worst in the World Insane Asylums"" he claims it sent to the US",https://bsky.app/profile/thejenniwren.teamlh.social/post/3lzc5dzpdp22l,No,No,No,No,No,No,No,No,Yes,Yes
1314,2025-09-20,"Tom Homann, Trump's border czar was investigated for accepting $50,000 from FBI agents.. In recent weeks, Trump appointees officially closed the investigation, after FBI Director Kash Patel requested a status update on the case.",https://www.msnbc.com/msnbc/news/tom-homan-cash-contracts-trump-doj-investigation-rcna232568,Yes,No,No,No,No,No,No,Yes,No,No
1313,2025-09-20,"US Dept of Homeland Security (DHS) warns sanctuary states California, New York and Illinois to aid deportation of criminal immigrants",https://www.reuters.com/world/us/us-warns-sanctuary-states-aid-deportation-criminal-immigrants-2025-09-20/,Yes,No,No,No,No,No,No,No,No,Yes
1312,2025-09-20,US attorney tasked with inquiring into Trump critics resigns after president says ‘I want him out’. Erik Siebert leaving after his investigation finds insufficient evidence to charge New York’s attorney general Letitia James with a crime.,https://www.theguardian.com/us-news/2025/sep/19/us-attorney-letitia-james-erik-siebert,Yes,No,Yes,No,No,No,No,No,No,No
1311,2025-09-20,"The Trump administration ends government’s annual report on hunger in America, stating that it had become “overly politicized” and “rife with inaccuracies.”. The decision comes two and a half months after Trump signed legislation sharply reducing food aid to the poor.",https://apnews.com/article/trump-ending-america-hunger-report-snap-cuts-750f90757f50ab2d8bc97dfca5a917dd,Yes,No,No,Yes,Yes,No,No,No,No,No
1310,2025-09-19,"ICE arrests nearly 550 people in Chicago in operation ""Midway Blitz""",https://apnews.com/article/trump-immigration-deportation-ice-chicago-arrests-a09921fedd10489f08a4073abe31345e,No,No,No,No,No,No,No,No,No,Yes
1309,2025-09-19,Oklahoma proposing a law that requires every higher education institution in the state to create a Charlie Kirk Memorial Plaza with statue,https://www.theguardian.com/us-news/2025/sep/20/oklahoma-republicans-charlie-kirk,No,No,No,No,No,Yes,No,No,No,Yes
1308,2025-09-19,"Trump calls critical news coverage of him ""really illegal""",https://www.nytimes.com/2025/09/19/us/politics/trump-media-news-free-speech.html,Yes,No,Yes,No,No,No,No,No,No,No
1307,2025-09-19,"Pentagon expands its restrictions on journalists, requiring them to pledge not to gather or use material not authorised, or risk losing their permit to report on the military.",https://www.nytimes.com/2025/09/20/business/media/pentagon-restrictions-reporters-hegseth-trump.html,Yes,No,Yes,Yes,No,No,No,No,No,No
1306,2025-09-19,US forces strike a third alledged drug-carrying boat in drugs in the US Southern Command's area of responsibility (USSOUTHCOM) which covers most of South America and the Caribbean.,https://www.bbc.co.uk/news/articles/crme4pv224wo,Yes,No,No,No,No,No,No,No,Yes,No
1305,2025-09-19,"Bill draft circulting in the executive branch would give Trump sweeping military powers to kill anyone he deems ""Narco-terrorists"" and attack countries that help them",https://www.nytimes.com/2025/09/19/us/politics/trump-drug-cartels-war-authorization.html,Yes,No,No,No,No,No,No,No,Yes,No
1304,2025-09-19,"SEC drops efforts to recoup funds from three men previously granted pardons by Trump. Devon Archer, Trevor Milton and Carlos Watson were convicted in fraud schemes totaling hundreds of millions of dollars. Now, they will not be required by the government to pay back victims",https://www.nytimes.com/2025/09/19/us/politics/sec-trump-clemency.html,Yes,No,No,No,No,No,No,No,No,No
1303,2025-09-19,"Trump asks Supreme Court (SCOTUS) again to end Temporary Protection Status for around 300,000 Venezuelans",https://www.nytimes.com/2025/09/19/us/trump-supreme-court-protections-venezuelans.html,No,No,No,No,No,No,Yes,No,No,Yes
1302,2025-09-19,Dept of Homeland Security (DHS) to end Temporary Protection Status (TPS) for thousands of Syrians,https://www.nytimes.com/2025/09/19/us/politics/temporary-protected-status-syrians.html,No,No,No,No,No,No,Yes,No,No,Yes
1301,2025-09-19,Trump administrations strikes deal to regain federal control over Washington Union Station,https://www.reuters.com/world/us/trump-administration-strikes-deal-regain-control-washington-union-station-2025-09-19/,No,No,Yes,No,No,No,No,No,No,No
1300,2025-09-19,"Trump to impose $100,000 fee for H-1B worker visa - 70% of those applicants are from India",https://www.reuters.com/business/media-telecom/trump-mulls-adding-new-100000-fee-h-1b-visas-bloomberg-news-reports-2025-09-19/,No,No,No,No,No,No,No,No,Yes,Yes
1299,2025-09-19,White House asks Supreme court (SCOTUS) to halt order allowing transgender and non-binary people to choose the sex marker on their passports,https://www.theguardian.com/us-news/2025/sep/19/passport-sex-marker-supreme-court,No,No,No,No,No,No,Yes,No,No,No
1298,2025-09-19,Federal agents use tear gas and pepper balls to break up Chicago ICE protest of around 100 protesters. The protest included two Democratic congress candidates,https://www.theguardian.com/us-news/2025/sep/19/ice-protest-chicago-police,Yes,No,Yes,No,No,No,No,No,No,Yes
1297,2025-09-19,"The Bureau of Labor Statistics on Friday postponed the release of a key annual report central to future inflation data, without explanation",https://www.axios.com/2025/09/19/bls-cpi-report-inflation,Yes,No,No,Yes,No,No,No,No,No,No
1296,2025-09-19,"President Donald Trump's administration escalated its campaign against Harvard University by placing new restrictions on the Ivy League school's ability to access federal funds for student aid, citing concerns about the ""financial position"" of the oldest and richest university in the United States.",https://www.reuters.com/world/us/us-education-dept-raises-financial-responsibility-concerns-about-harvard-2025-09-19/,No,No,No,No,No,Yes,No,No,No,No
1295,2025-09-19,A panel of U.S. vaccine advisers named by Health Secretary Robert F. Kennedy Jr. on Friday abandoned years of broad support for the COVID-19 shot and recommended that the vaccines be made available for all ages based on shared clinical decision-making with a physician,https://www.reuters.com/business/healthcare-pharmaceuticals/us-vaccine-advisers-resume-meeting-with-hepatitis-b-covid-votes-ahead-2025-09-19/,No,No,No,No,Yes,No,No,No,No,No
1294,2025-09-18,Trump poised to fire US attorney for resisiting effort to charge New York Attorney General Letitia James,https://abcnews.go.com/US/trump-poised-fire-us-attorney-resisting-effort-charge/story,Yes,No,Yes,No,No,No,No,No,No,No
1293,2025-09-18,"US lawmakers arrested for blocking ICE access to federal building and 11 elected officials including NYC comptroller Brad Lander, were detained after demanding to see the conditions inside the Ice intake facility",https://www.theguardian.com/us-news/2025/sep/18/new-york-ice-protest,Yes,No,No,No,No,No,No,No,No,Yes
1292,2025-09-18,"Senate confirms 48 Trump nominees at once, including Kimberly Guilfoyle and Callista Gingrich. Republicans this month triggered the ""nuclear option,"" changing Senate rules to confirm nominees en bloc, calling it an attempt to overcome Democratic obstruction but it signifcantly reduces senate oversight on presidential nominations",https://www.nbcnews.com/politics/congress/senate-confirms-48-trump-nominees-kimberly-guilfoyle-callista-gingrich-rcna231946,Yes,No,No,No,No,No,No,No,No,No
1291,2025-09-18,"Trump tells Britain to ""call out the military"" to control its borders",https://www.theguardian.com/us-news/2025/sep/18/trump-tells-britain-to-call-out-the-military-to-control-its-borders,No,No,No,No,No,No,No,No,Yes,Yes
1290,2025-09-18,Trump suggests television networks' licenses could be removed if they air mainly negative coverage about him,https://www.cnn.com/world/live-news/trump-uk-state-visit-09-18-25#cmfpkp3dg00003b6nag9yrp3c,Yes,No,Yes,Yes,No,No,No,No,No,No
1289,2025-09-18,Trump says his administration wants to regain control of Bagram Air Base in Afghanistan,https://www.pbs.org/newshour/world/watch-trump-says-u-s-trying-to-get-bagram-air-base-back-from-afghan-government,No,No,No,No,No,No,No,No,Yes,No
1288,2025-09-18,Trump hails Kimmel suspension and critisises UK for lack of free speech during state visit,https://www.nytimes.com/2025/09/18/world/europe/trump-kimmel-suspension-uk-free-speech.html,No,No,Yes,No,No,No,No,No,Yes,No
1287,2025-09-18,"The U.S. government will reinstate a harder citizenship test that contains more complex questions than the current version, part of the president’s tightening of the legal pathways to settle in the United States.",https://www.nytimes.com/2025/09/18/world/europe/us-citizenship-test.html,No,No,No,No,No,No,No,No,No,Yes
1286,2025-09-18,"The Trump administration is changing how and where the U.S. government delivers health aid around the world, breaking decades of practice to bypass nongovernmental organizations and prioritize the Western Hemisphere and Asia Pacific regions over Africa",https://www.nytimes.com/2025/09/18/us/politics/us-aid-health-ngos.html,No,No,No,No,Yes,No,No,No,Yes,No
1285,2025-09-18,Trump administration asks Supreme Court (SCOTUS) to allow firing of Federal Reserve governor Lisa Smith,https://www.theguardian.com/us-news/2025/sep/18/trump-supreme-court-lisa-cook-fed,No,No,Yes,No,No,No,No,No,No,No
1284,2025-09-18,"US Health and Human Services (HHS) watchdog probing people caught in Trump's DC crime crackdown to see if they defrauded the Medicare, Medicaid or Temporary Assistance for Needy Families programs for low-income, elderly and disabled Americans. Probing for violations that are unrelated to the reason they were stopped by police.",https://www.reuters.com/world/us-probes-people-swept-up-trump-washington-crackdown-benefits-fraud-2025-09-18/,No,No,No,No,No,No,Yes,No,No,No
1283,2025-09-18,"Australian News channel ABC barred from Trump's UK press conference after clash with journalist, where Trump threatened him for asking about Trump about his business deals",https://www.theguardian.com/media/2025/sep/18/abc-barred-from-trumps-uk-press-conference-after-clash-with-australian-journalist-john-lyons,No,No,Yes,No,No,No,No,No,No,No
1282,2025-09-17,The U.S. Justice Department has ordered Arizona to preserve all election records dating back to 2020 as it prepares for a potential lawsuit over alleged voting law violations. States have resisted such efforts out of privacy concerns.,https://www.reuters.com/legal/government/us-justice-dept-orders-arizona-preserve-election-records-2020-documents-show-2025-09-17/,Yes,No,No,No,No,No,No,No,No,No
1281,2025-09-17,White House prepares executive order on political violence and hate speech,https://www.reuters.com/world/us/white-house-readies-executive-order-political-violence-liberal-groups-sound-2025-09-17/,Yes,No,Yes,No,No,No,No,No,No,No
1280,2025-09-17,"Trump officials are pressuring federal prosecutors in Virginia to bring charges against New York Attorney General Letitia James for mortgage fraud, despite investigators so far failing to find sufficient evidence supporting such charges",https://abcnews.go.com/US/trump-officials-pressuring-federal-prosecutors-bring-criminal-charges/story,No,No,Yes,No,No,No,No,No,No,No
1279,2025-09-17,"Dept of Education (DoE) to prioritse ""patriotic education"" in discretionary grants",https://www.reuters.com/world/us/trump-administration-prioritize-patriotic-education-discretionary-grants-2025-09-18/,No,No,No,Yes,No,Yes,No,No,No,No
1278,2025-09-17,"Trump says he will designate ""antifa"" (anti-fascists) as ""major terrorist organisation"" - it is unclear how as it is not a single entity, but an umbrella term for far-left-leaning activist groups",https://www.theguardian.com/us-news/2025/sep/17/trump-antifa-terrorist-organization,No,No,Yes,No,No,No,No,No,No,No
1277,2025-09-17,"ABC pulls Jimmy Kimmel off air for Charlie Kirk comments after pressure from the Federal Communications Commision (FCC) - FCC Chair Brendan Carr suggested Jimmy Kimmel should be suspended and said, “We can do this the easy way or the hard way,”. [Disney reinstates show days later after outcry]",https://edition.cnn.com/2025/09/18/media/brendan-carr-jimmy-kimmel-fcc-first-amendment,No,No,Yes,Yes,No,No,No,No,No,No
1276,2025-09-17,"Trump attacks Jack Smith, former Special council, and the Biden administration for conducting a ""corrupt"" investigation into Charlie Kirk's organisation Turning Point USA. Turning point was previously investigated as part of election interference for supporting false claims that the 2020 election was rigged",https://thehill.com/homenews/administration/5507369-donald-trump-joe-biden-jack-smith-charlie-kirk-tpusa-probe/,No,No,Yes,No,No,No,No,No,No,No
1275,2025-09-17,"GOP senators attack ""anti-Trump"" attorneys working for Susan Monarez, the ousted former director of the CDC",https://thehill.com/policy/healthcare/5508038-cdc-director-monarez-banks-moody-cassidy-rfk-jr/,No,No,Yes,No,No,No,No,No,No,No
1274,2025-09-17,Report shows Trump administration retreat on combating child exploitation and human trafficking through cuts to key initiatives and programmes,https://www.theguardian.com/us-news/2025/sep/17/trump-human-trafficking-programs-cut,No,No,No,No,No,No,Yes,No,No,No
1273,2025-09-17,"ICE threatens federal assault charges against anyone attacking their officers - “Anyone – regardless of immigration status – who assaults an ICE officer WILL face federal felony assault charges and prosecution to the fullest extent of the law,” the agency posted on X. Embedded in the post was an image that read “think before you resist” with a clenched fist.",https://www.theguardian.com/us-news/2025/sep/16/assault-ice-officer-federal-crime,Yes,No,Yes,No,No,No,Yes,No,No,Yes
1272,2025-09-17,"U.S. government lawyers attempted to block a vaccine skeptic appointed by Health Secretary Robert F. Kennedy, Jr. from assuming new powers at the Centers for Disease Control and Prevention that could be used to restrict access to COVID-19 shots. Their advice was overridden.",https://www.reuters.com/legal/litigation/government-lawyers-objected-new-powers-kennedys-covid-vaccine-adviser-2025-09-17/,Yes,No,No,No,Yes,No,No,No,No,No
1271,2025-09-16,Deputy Attorney General Blanche defends idea of prosecuting protesters for racketeering for having disrupted Trump having dinner in DC,https://www.cnn.com/2025/09/16/politics/todd-blanche-defends-idea-of-prosecuting-protesters,No,No,Yes,No,No,No,No,No,No,No
1270,2025-09-16,"President Trump warns an Australian reporter that he’s hurting Australia because he asked him about his business activity: You are hurting Australia very much right now. They want to get along with me. Your leader is coming to see me soon, I'm going to tell him about you. """,https://bsky.app/profile/acyn.bsky.social/post/3lyxj2vzwhm2s,No,No,Yes,No,No,No,No,No,No,No
1269,2025-09-16,US Justice Dept (DoJ) sues Maine and Oregon over their failure to provide voter registration lists.,https://www.reuters.com/legal/government/us-justice-department-sues-oregon-maine-over-voter-registration-lists-2025-09-16/,Yes,No,No,No,No,No,Yes,No,No,No
1268,2025-09-16,DOJ deletes study from its website showing that domestic terriorists are most often right wing,https://www.404media.co/doj-deletes-study-showing-domestic-terrorists-are-most-often-right-wing/,No,No,No,Yes,No,No,No,No,No,No
1267,2025-09-16,"US Interior Dept states all interpretive signage in National Parks are under review and the Washington Post reported that it has ordered the removal of signs and exhibits related to slavery at multiple national parks, including a historic photograph of a formerly enslaved man showing scars on his back.",https://www.reuters.com/world/us/trump-administration-says-all-interpretive-signage-national-parks-under-review-2025-09-16/,No,No,No,Yes,No,Yes,No,No,No,No
1266,2025-09-16,"Trump in response to question about Pam Bondi hate speech comment threatens reporter saying ""We will probably go after people like you""",https://bsky.app/profile/atrupar.com/post/3lyxjkbpkhh26,No,No,Yes,No,No,No,No,No,No,No
1265,2025-09-16,US border agent who led immigration crackdown in LA arrives in Chicago. Gregory Bovino posted on X “Operation At Large is here to continue the mission we started in Los Angeles.”,https://www.theguardian.com/us-news/2025/sep/16/gregory-bovino-border-patrol-chicago,No,No,No,No,No,No,No,No,No,Yes
1264,2025-09-16,"Cuts at the Centers for Disease Control (CDC) forced Mississippi data collection for Pregnancy Risk Assessment Monitoring System (Prams), a national database that has been integral to policymaking on maternal and infant health for nearly four decades. Mississippi has just declared an infant deaths emergency.",https://www.theguardian.com/us-news/2025/sep/16/mississippi-infant-deaths-cdc-prams,No,No,No,No,Yes,No,No,No,No,No
1263,2025-09-16,Pentagon cracks down on troops' social media posts about Charlie Kirk,https://www.reuters.com/world/us/pentagon-cracks-down-troops-social-media-posts-about-charlie-kirk-2025-09-16/,No,No,Yes,Yes,No,No,No,No,No,No
1262,2025-09-16,"JD Vance backs mass ""doxxing"" campaign to find and harrass Charlie Kirk critics",https://www.theguardian.com/us-news/2025/sep/16/jd-vance-doxing-charlie-kirk-critics,No,No,Yes,No,No,No,Yes,No,No,No
1261,2025-09-16,"Donald Trump files $15bn lawsuit against New York Times. US president announces defamation action, accusing title of being ‘virtual mouthpiece’ for Democrats",https://www.theguardian.com/us-news/2025/sep/16/donald-trump-says-he-is-suing-new-york-times-15bn-lawsuit-against-newspaper-ntwnfb,No,No,Yes,Yes,No,No,No,No,No,No
1260,2025-09-15,Demolition for new White House ballroom does not require building permission according to Trump-appointed head of the National Capital Planning Commission ,https://apnews.com/article/trump-ballroom-national-planning-commission-approval-f537fa373705d560a9842b6250aee9ef,Yes,No,No,No,No,No,No,Yes,No,No
1259,2025-09-15,Top AfD politician makes surprise visit to White House. AfD are an extreme right wing political party in Germany,https://www.politico.eu/article/top-afd-white-house-donald-trump-jd-vance-germany-politics/,No,No,No,No,No,No,No,No,Yes,No
1258,2025-09-15,"Attorney general Pam Bondi says Dept of Justice (DoJ) will be ""targeting"" people who use ""hate speech"" in an apparent contravention of the first amendment. Bondi said that ""we all believe in the First Amendment,"" but that people who've said ""horrible things"" about Kirk in the days since his murder should be held to account.",https://www.nbcnews.com/politics/justice-department/attorney-general-pam-bondi-doj-hate-speech-rcna231633,No,No,Yes,Yes,No,No,No,No,No,No
1257,2025-09-15,"Trump signs order creating a federal task force to crack down on crime by sending National Guard troops to Memphis. He also stated he'd consider sending troops to Chicago, St. Louis and New Orleans",https://www.nytimes.com/2025/09/15/us/politics/trump-memphis-national-guard-crime.html,No,No,Yes,No,No,No,No,No,No,Yes
1256,2025-09-15,"Dept of Health and Human Services (HHS) names 5 new ACIP members, of which at least three are COVID-19 vaccine critics",https://www.cidrap.umn.edu/public-health/hhs-names-5-new-members-cdc-vaccine-advisory-board,No,No,No,No,Yes,No,No,No,No,No
1255,2025-09-15,Senate approves Trump economic advisor Stephen Miran to join the board of the Federal Reserve. This expands Donald Trump's influence over the world's most important central bank and gioves his top economic adviser one of 12 interest-rate-setting votes on the eve of a key policy meeting.,https://www.reuters.com/world/us/trump-economic-adviser-miran-gets-senate-nod-join-fed-board-2025-09-16/,Yes,No,No,No,No,No,No,No,No,No
1254,2025-09-15,Pentagon barred senior House staffers from attending briefing on (the first) Venezuela boat strike,https://theintercept.com/2025/09/15/venezuela-boat-attack-trump-legality/,No,No,No,Yes,No,No,No,No,No,No
1253,2025-09-15,"According to a Trump Truth Social post, another small vessel has been hit by US forces in the Caribbean",https://bsky.app/profile/bcfinucane.bsky.social/post/3lyvmdjcsxc2f,No,No,No,No,No,No,No,No,Yes,Yes
1252,2025-09-15,State Secretary Rubio states that visas will be denied to foreign citizens who posted messages publicly approving of the killing of Charlie Kirk,https://www.nytimes.com/live/2025/09/15/us/trump-news/14048d38-9073-5377-9f45-344d1d35dc5e,No,No,Yes,Yes,No,No,No,No,Yes,No
1251,2025-09-15,"JD Vance hosts Charlie Kirk's podcast and blames ""left wing extremism"" at least in part for assassination. Guests on the show included White House advisor Stephen Miller and press secretary Karoline Levitt",https://www.theguardian.com/us-news/2025/sep/15/jd-vance-charlie-kirk-podcast,Yes,No,Yes,Yes,No,No,No,No,No,No
1250,2025-09-15,Trump threatens national emergency to force Washington DC police cooperation after the 30-day federal take-over ended and mayor Bowser said police would no longer support immigration enforcement,https://www.theguardian.com/us-news/2025/sep/15/trump-national-emergency-washington-dc-police,No,No,Yes,No,No,No,No,No,No,Yes
1249,2025-09-14,Video footage shows that driver shot by ICE in Chcago was not driving at the agents or tried to hit them - this is contrary to claims by DHS.. ICE also claimed he was in the country illegally and had a criminal record (he had only driving convictions),https://unraveledpress.com/what-happened-to-silverio-villegas-gonzalez/,Yes,No,No,No,No,No,No,No,No,Yes
1248,2025-09-14,"White House seeks $58 million in extra funding for US Marshals from Congresss including for security for the Supreme Court, citing a surge in threats against public officials after the killing of the conservative activist Charlie Kirk",https://www.nytimes.com/2025/09/14/us/politics/trump-security-supreme-court-congress.html,No,No,No,No,No,No,No,No,No,Yes
1247,2025-09-14,Trump administration claims vast powers in emergency request to federal appeals court to as it races to fire Fed governor Lisa Cook before Central Bank meeting,https://www.nytimes.com/2025/09/14/us/politics/trump-lisa-cook-fed.html,Yes,No,No,No,No,No,No,No,No,No
1246,2025-09-13,New bill could allow Secretary of State to strip US Citizens' passports over political speech - the bill proposed by Rep Mast (R-Florida) will come up for hearing next week,https://truthout.org/articles/new-bill-would-allow-rubio-to-strip-us-citizens-passports-over-political-speech/,Yes,No,Yes,No,No,No,Yes,No,No,Yes
1245,2025-09-13,Venezuela says US navy raided a tuna boat in the Caribbean as tensions rise,https://apnews.com/article/venezuela-united-states-warship-fishermen-e08c3abde034df0f50c1ea66dff7718b,No,No,No,No,No,No,No,No,Yes,No
1244,2025-09-13,Trump escalates attacks on political opponents placing the blame for political violence on Democrats alone and signaling a broad crackdown on critics and left-leaning institutions.,https://www.nytimes.com/2025/09/13/us/politics/trump-kirk-political-opponents.html,No,No,Yes,Yes,No,No,No,No,No,No
1243,2025-09-13,Several people fired after clamp down on speech over Charlie Kirk shooting,https://www.theguardian.com/us-news/2025/sep/13/charlie-kirk-shooting-people-fired-social-media,Yes,No,Yes,No,No,No,No,No,No,No
1242,2025-09-13,"Union Pacific CEO met with Trump to discuss potential $85 billion merger with Norfolk Southern, as it seeks regulatory approval for the biggest U.S. rail merger in decades. Such a proposal would have been unthinkable under the Biden administration, which had an aggressive antitrust policy.",https://www.reuters.com/sustainability/boards-policy-regulation/union-pacific-ceo-held-talks-with-trump-85-billion-plan-buy-norfolk-2025-09-12/,No,No,No,No,No,No,Yes,Yes,No,No
1241,2025-09-13,"Following Pentagon rebrand of Dept of Defense to Dept of War, the White House is renaming its Directorate of Defense to ""Directorate of War""",https://www.reuters.com/world/us/following-pentagon-rebrand-white-house-creates-war-directorate-sources-say-2025-09-13/,No,No,No,No,No,No,No,No,No,Yes
1240,2025-09-12,"The Trump administration has drafted a proposal to deploy 1,000 Louisiana National Guard troops to conduct law enforcement operations in the state's urban centers",https://www.reuters.com/world/us/pentagon-plan-envisions-1000-troops-louisiana-policing-mission-washington-post-2025-09-13/,No,No,No,No,No,No,No,No,No,Yes
1239,2025-09-12,ICE officer kills man in Chicago suburb during arrest attempt,https://www.reuters.com/world/ice-officer-kills-man-chicago-suburb-during-arrest-attempt-2025-09-12/,No,No,No,No,No,No,No,No,No,Yes
1238,2025-09-12,University of California Berkeley shares 160 academic names with Trump administration in ‘McCarthy era’ move,https://www.theguardian.com/us-news/2025/sep/12/uc-berkeley-trump-administration-antisemitism,No,No,Yes,No,No,Yes,No,No,No,No
1237,2025-09-12,"Dept of Housing and Urban Development (HUD) only approved funding to groups aligned with Trump policies. In the latest round of applications for funding, groups located in any city, county or state that fails to enforce homeless-encampment bans or cooperate with federal enforcement of immigration laws were dsqualified.",https://www.nytimes.com/2025/09/11/us/politics/homeless-funding-trump-hud-lawsuit.html,Yes,No,Yes,No,No,No,Yes,Yes,No,No
1236,2025-09-12,"US to deploy National Guard to Democrat-run city Memphis, Tennessee instead of Chicago according to Trump",https://www.reuters.com/world/us/us-deploy-national-guard-memphis-trump-says-2025-09-12/,No,No,No,No,No,No,No,No,No,Yes
1235,2025-09-12,"Environmental Protection Agency (EPA) to stop collecting emissions data from polluters, incl coal-burning power plants, oil refineries, steel mills and other industrial facilities across the country.",https://www.nytimes.com/2025/09/12/climate/epa-emissions-data-collection-halt.html,No,No,No,No,Yes,No,No,No,No,No
1234,2025-09-12,"Republicans call for committee to investigate ""radical left"" following Kirk assassination",https://thehill.com/homenews/house/5500902-republicans-committee-investigate-kirk-assassination/,Yes,No,Yes,No,No,No,Yes,No,No,No
1233,2025-09-12,"Hegseth saying the Pentagon are ""tracking"" service members who celebrate Kirk's death. Several have already been fired.",https://www.nbcnews.com/politics/national-security/hegseth-pentagon-staff-negative-charlie-kirk-posts-service-members-rcna230915,No,No,Yes,No,No,No,No,No,No,No
1232,2025-09-12,Trump officials to link COVID vaccination with rare child deaths,https://www.washingtonpost.com/health/2025/09/12/covid-vaccine-child-death-cdc/,No,No,No,No,Yes,No,No,No,No,No
1231,2025-09-12,"US Senate loosens rule to speed up confirmation of Trump nominees, weakening democratic oversight of senior appointments",https://www.reuters.com/legal/government/us-senate-loosens-rule-speed-confirmation-some-trump-nominees-2025-09-11/,Yes,Yes,No,No,No,No,No,No,No,No
1230,2025-09-11,Trump approves FEMA funding for Wisconsin claiming he did so because he won there,https://bsky.app/profile/atrupar.com/post/3lylgu7d2sk2m,Yes,No,No,No,No,No,No,Yes,No,No
1229,2025-09-11,Court allows Trump administration to end Planned Parenthood's Medicaid funding,https://www.reuters.com/world/court-allows-trump-administration-end-planned-parenthoods-medicaid-funding-2025-09-11/,No,No,No,No,Yes,No,No,No,No,No
1228,2025-09-11,"Paramount names Kenneth Weinstein, former president and chief executive of the conservative-leaning Hudson Institute think tank, as the new ombudsman to oversee CBS news, raising concerns over bias towards the Trump administration",https://www.poynter.org/commentary/2025/cbs-ombudsman-kenneth-weinstein-who/,Yes,No,No,Yes,No,No,No,No,No,No
1227,2025-09-11,"Trump administration moves to lift ruling that blocked removal of Fed governor Lisa Cook, by asking federal appeals court to pause the order blocking her removal",https://www.reuters.com/world/trump-administration-moves-lift-ruling-that-blocked-removal-fed-governor-cook-2025-09-11/,No,No,Yes,No,No,No,No,No,No,No
1226,2025-09-11,South Korean workers detained in immigration raid at Hyundai plant in Georgia on flight back to South Korea,https://apnews.com/article/immigration-raid-south-korea-going-home-f93505321ddf511d5ae6f0949f75726d,No,No,No,No,No,No,No,No,No,Yes
1225,2025-09-11,"Dept of Education (DoE) revokes Minority-Serving Institution (MSI) funding for colleges with large minority student populations, claiming funding violated the law because it goes to institutions that “meet racial or ethnic quotas.”",https://thehill.com/homenews/education/5498182-trump-admin-grants-minority-student-population/,No,No,No,No,No,Yes,Yes,No,No,No
1224,2025-09-11,Judge allows Trump to cut more than $1 billion in National Science Foundation (NSF) grants,https://www.theguardian.com/us-news/2025/sep/11/trump-national-science-foundation-grants-ruling,No,No,No,No,Yes,No,No,No,No,No
1223,2025-09-11,"Deputy Secretary of State says they plan to punish foreigners who ""make light of"" Charie Kirk's death, including reviewing visa status of immigrants",https://www.theguardian.com/us-news/2025/sep/11/christopher-landau-charlie-kirk-foreigners,No,No,Yes,No,No,No,No,No,No,Yes
1222,2025-09-10,"US treasury-led watchdog, The Financial Stability Oversight Council, disbands two climate advisory panels: the Climate-Related Financial Risk Committee and the Climate-Related Financial Risk Advisory Committee",https://www.reuters.com/legal/government/us-treasury-led-watchdog-dismantles-climate-advisory-panels-2025-09-10/,No,No,No,No,Yes,No,No,No,No,No
1221,2025-09-10,"Trump says ""radical left"" rhetoric contributed to fatal shooting of right-wing activist Charlie Kirk, despite no information about the shooter or their motives being available",https://www.nytimes.com/2025/09/10/us/politics/trump-charlie-kirk-address.html,No,No,No,Yes,No,No,No,No,No,No
1220,2025-09-10,"Trump White House exerting enormous pressure over FBI, with three former FBI officials who were fired stating under oath in lawsuit that FBI lead Kash Patel was ordered to fire anyone working on investgations into Trump",https://www.nytimes.com/2025/09/10/us/politics/trump-fbi-lawsuit.html,Yes,No,Yes,No,No,No,No,No,No,No
1219,2025-09-10,"Republicans advance Trump's Federal Reserve pick Stephen Miran, despite his ties to the White House. This raises concerns about his commitment to upholding the institution’s longstanding political independence.",https://www.nytimes.com/2025/09/10/business/trump-fed-stephen-miran.html,Yes,No,No,No,No,No,No,No,No,No
1218,2025-09-10,"Bureau of Land Management proposes to scrap Biden-era rule protecting public lands. This would prioritise public land for oil and gas drilling, mining and other industrial activities",https://www.nytimes.com/2025/09/10/climate/trump-public-lands-rule-biden.html,No,No,No,No,Yes,No,No,No,No,No
1217,2025-09-10,"Leaked docs show that worker at Hyundai plant who was detained in ICE raid had valid visa, but officials ""mandated' that he agree to be removed and deported to South Korea",https://www.theguardian.com/us-news/2025/sep/10/hyundai-factory-ice-raid-legal-visa,No,No,No,No,Yes,No,No,No,No,Yes
1216,2025-09-10,"Right-wing influencer accompanied ICE agents during immigration raids in Chicago, created content and called protesters ""the enemy within""",https://www.theguardian.com/us-news/2025/sep/10/rightwing-influencer-ice-raids-chicago,No,No,No,No,No,No,No,No,No,Yes
1215,2025-09-10,"Irish woman with green card, who has lived in the US since 1977 faces deportation and is currently detained by ICE",https://www.theguardian.com/us-news/2025/sep/10/irish-woman-with-green-card-faces-us-deportation-over-25-bad-cheque,No,No,No,No,No,No,No,No,No,Yes
1214,2025-09-10,"Texas A&M University children's literature professor, dean of the college for art and science and the head of department were fired over gender content and pressure from Republican politicians including Gov Abbott",https://www.theguardian.com/us-news/2025/sep/10/texas-am-university-children-lit-professor-fired,No,No,Yes,No,Yes,Yes,No,No,No,No
1213,2025-09-10,"Northern Ireland man from Lisburn wrongly detained by Trump’s Ice raids because he “looked like a Mexican”. He had the correct visa, all his documents and no previous interactions with Police. He said he felt ""kidnapped"" and that he was held in terrible conditions.",https://www.belfasttelegraph.co.uk/news/world-news/horrors-of-trump-detention-centre-lisburn-man-tells-his-story-after-arrest-for-looking-like-a-mexican/a1990029828.html,No,No,No,No,No,No,No,No,No,Yes
1212,2025-09-09,Dept of Health and Human Services has put on ice a CDC project that would make information about dozens of infectious diseases available in near real time in a user friendly way to the public,https://www.medpagetoday.com/special-reports/exclusives/117385,No,No,No,Yes,Yes,No,No,No,No,No
1211,2025-09-09,Top health officials under U.S. Health and Human Services Secretary Robert F. Kennedy Jr. are compiling examples of harmful effects from COVID-19 vaccines on pregnant women to share with the public,https://www.reuters.com/business/healthcare-pharmaceuticals/us-health-officials-compiling-examples-covid-vaccine-harm-during-pregnancy-wsj-2025-09-10/,No,No,No,No,Yes,No,No,No,No,No
1210,2025-09-09,"White House Press Secretary said ""These are the bad guys that we are picking up in Washington DC every day. The president would love to do this in every Democrat-run city across the country"", explicitly targeting Democrat-run cities only",https://bsky.app/profile/atrupar.com/post/3lygbt7nct52j,No,No,Yes,No,No,No,No,No,No,Yes
1209,2025-09-09,"Under Trump administration, ICE scraps paperwork officers once had to do before immigration arrests",https://www.nbcnews.com/politics/national-security/trump-administration-ice-scraps-paperwork-officers-immigration-arrests-rcna229407,Yes,No,No,Yes,No,No,No,No,No,Yes
1208,2025-09-09,US Justice Department (DoJ) considers handing over voter roll data to DHS for criminal and immigration-related investigations,https://www.reuters.com/legal/government/us-justice-dept-considers-handing-over-voter-roll-data-criminal-probes-documents-2025-09-09/,Yes,No,No,Yes,No,No,Yes,No,No,Yes
1207,2025-09-09,"Missouri House approves Republican drawn congressional maps, giving Republicans one more seat in unprecedented mid-decade redistricting pushed by Trump",https://www.reuters.com/world/us/missouri-house-approves-republican-drawn-congressional-map-2025-09-09/,Yes,Yes,No,No,No,No,No,No,No,No
1206,2025-09-09,"WH calls Trump signature on Epstein birthday card ""fake"", despite plenty of evidence to the contrary",https://www.nytimes.com/2025/09/08/us/politics/trump-signature-epstein-letter.html,No,No,No,Yes,No,No,No,No,No,No
1205,2025-09-09,"Speaker Johnson aggressively calls on Democratic mayors to let troops into their cities - he said ""“Yield, man. Let the troops come into your city and show how crime can be reduced. It’s a morale boost for the county and it’s safe and right for everybody involved”",https://www.pbs.org/newshour/politics/watch-yield-man-speaker-johnson-calls-on-democratic-mayors-to-let-troops-into-their-cities,Yes,No,No,No,No,No,No,No,No,Yes
1203,2025-09-08,US immigration operations ramping up again in Los Angeles (LA). This follows the lifting of ICE raid restrictions by the Supreme Court,https://www.theguardian.com/us-news/2025/sep/08/immigration-officers-los-angeles-california,No,No,No,No,No,No,No,No,No,Yes
1202,2025-09-08,Supreme Court (SCOTUS) temporarily allows Trump to withold $4 billion in foreign aid,https://www.nbcnews.com/politics/supreme-court/supreme-court-temporarily-allows-trump-withhold-4-billion-foreign-aid-rcna230186,No,No,No,No,No,No,No,No,Yes,No
1201,2025-09-08,"Trump suggests ""a little fight with the wife"" shouldn't be counted in DC crime numbers",https://thehill.com/homenews/administration/5492876-trump-suggests-a-little-fight-with-the-wife-shouldnt-count-in-dc-crime-stats/,Yes,No,No,No,No,No,Yes,No,No,No
1200,2025-09-08,"US defense secretary Hegseth tells navy off Puerto Rico coast that they are not on a training exercise, but sent to the ""front lines"" of a critical counter-narcotics mission",https://www.reuters.com/world/americas/us-defense-secretary-tells-sailors-off-puerto-rico-this-isnt-training-2025-09-08/,No,No,No,No,No,No,No,No,Yes,No
1199,2025-09-08,"US enlists ""Amerikaners"" group in refugee scheme for white South Africans",https://www.reuters.com/world/us/us-enlists-amerikaners-group-refugee-scheme-white-south-africans-2025-09-09/,No,No,No,No,No,No,No,No,Yes,No
1198,2025-09-08,Trump shares video linking autism to vaccines on his Truth Social Media,https://www.nytimes.com/2025/09/08/us/politics/trump-shares-video-promoting-discredited-link-of-vaccines-to-autism.html,No,No,No,Yes,Yes,No,No,No,No,No
1197,2025-09-08,"Trump administration announces that immigration crackdown in chicago has begun, although there is no direct evidence of this yet apart from a handful of arrests. the Dept of Homeland Security released a newrelease calling it ""Operation Midway Blitz""",https://www.nytimes.com/2025/09/08/us/chicago-immigration-crackdown-trump-administration.html,No,No,No,No,No,No,No,No,No,Yes
1196,2025-09-08,"ICE spends millions on ClearView AI Facial Recognition to find people ""assaulting"" officers",https://www.404media.co/ice-spends-millions-on-clearview-ai-face-recognition-to-find-people-assaulting-officers/,No,No,No,No,No,No,Yes,No,No,Yes
1195,2025-09-08,"Trump applauds Wes Point Academy's cancellation of its award ceremony for Tom Hanks, accusing him of being ""woke"" (Hanks has supported Democrats in the past and was to be awarded the Sylvanus Thayer Award for ""outstanding citizens"")",https://www.politico.com/news/2025/09/08/trump-tom-hanks-west-point-ceremony-cancellation-00550304,No,No,Yes,No,No,No,No,No,No,No
1194,2025-09-08,"Supreme Court (SCOTUS) lifts restrictions on aggressive immigration raids in LA, allowing targeting people for deportation based on their race or language raising concerns that Latinx citizens will be unfairly harrassed (the three liberal judges dissented)",https://www.nytimes.com/2025/09/08/us/politics/supreme-court-los-angeles-immigration.html,Yes,No,No,No,No,No,No,No,No,Yes
1193,2025-09-08,Supreme Court (SCOTUS) allows Trump to fire Federal Trade Commission (FTC) commissioner although this is in direct tension with a law from 1935 that is intended to restrict the White House power to control the agency,https://www.nbcnews.com/politics/supreme-court/supreme-court-allows-trump-fire-ftc-commissioner-rcna229385,No,No,Yes,No,No,No,No,No,No,No
1192,2025-09-07,"Trump administration to target more businesses for deportation raids, similar to the raid on the Hyundai plant in Georgia",https://www.reuters.com/business/autos-transportation/us-target-more-businesses-after-hyundai-raid-top-official-says-2025-09-07/,No,No,No,No,No,No,No,No,No,Yes
1191,2025-09-07,Trump begins new ICE operation in Massachusetts. A Dept of Homeland Security (DHS) confirmed this and blamed sanctuary policies for the decision. The operation is called Patriot 2.0,https://www.theguardian.com/us-news/2025/sep/06/trump-administration-immigration-crackdown-massachusetts,No,No,No,No,No,No,No,No,No,Yes
1190,2025-09-06,"Eric Schmitt, Missouri Representative and assistant Attorney General in the Dept of Justice (DOJ) and other Trump officials (border ""czar"" Tom Homan and Deputy attorney general Harmeet Dhillon) speak at right-wing conference ""National Conservatism"" , alongside theocratic Christian nationalists, far-right publishers and members of men-only secret societies",https://www.theguardian.com/us-news/2025/sep/06/national-convservatism-conference-trump,No,No,No,No,No,No,No,No,No,Yes
1189,2025-09-06,US Open organisers have asked broadcasters not to highlight any negative reactions to President Donald Trump during Sunday's men's singles final.,https://www.bbc.co.uk/sport/tennis/articles/c20zr0ve6y2o,No,No,No,Yes,No,No,No,No,No,No
1188,2025-09-06,Trump threatening Chicago with the Department of War in a social media meme,https://bsky.app/profile/govpritzker.illinois.gov/post/3ly6mbwbujk2i,No,No,Yes,No,No,No,No,No,No,Yes
1187,2025-09-06,Trump says Venezuelan jets will be shot down if they endanger US ships,https://www.bbc.co.uk/news/articles/cr70511v774o,No,No,No,No,No,No,No,No,Yes,No
1186,2025-09-05,Interior Secretary Doug Bugrum puts Park Police under his direct control to give him greater authority over its operation,https://subscriber.politicopro.com/article/eenews/2025/09/05/burgum-places-park-police-under-his-direct-control-00547111,Yes,Yes,No,No,No,No,No,No,No,Yes
1185,2025-09-05,US imposes sanctions against three Palestinian human rights groups for requesting war crimes investigation,https://www.theguardian.com/world/2025/sep/04/us-sanctions-palestinian-human-rights,No,No,No,No,No,No,No,No,Yes,No
1184,2025-09-05,"Trump threatens to send troops to Portland, Oregon because of protests despite having been misled by video footage from protests in 2020",https://www.theguardian.com/us-news/2025/sep/05/trump-portland-video-protests,No,No,No,No,No,No,No,No,No,Yes
1183,2025-09-05,Trump threatens EU with tariff investigation after Google hit with $3.45 billion anti-trust fine,https://www.cnn.com/2025/09/05/tech/google-eu-antitrust-fine-adtech,No,No,No,No,No,No,No,No,Yes,No
1182,2025-09-05,"Trump signs executive order (EO) rebranding the Department of Defence ""Department of War"" - in order to get around Congress it is a secondary title, however the website was already been renamed to war.gov",https://www.theguardian.com/us-news/2025/sep/05/department-war-defense-trump-executive-order-pentagon,No,Yes,No,No,No,No,No,No,No,Yes
1181,2025-09-05,Trump sends 10 F-16 Stealth fighter jets to Puerto Rico to bolster US military operations in the Caribbean,https://www.theguardian.com/us-news/2025/sep/05/trump-fighter-planes-puerto-rico-venezuela-drug-cartel,No,No,No,No,No,No,No,No,Yes,No
1180,2025-09-05,"Trump orders take down of White House Peace Vigil tent, which has stood and been manned by volunteers for over 40 years",https://thehill.com/homenews/administration/5489497-trump-orders-takedown-peace-vigil-white-house/,No,No,No,No,No,No,No,No,Yes,No
1179,2025-09-05,"Trump officials abruptly cancel bipartisan briefing on Venezuela vessel strike, which killed 11 people, without reason and after attendees had arrived",https://www.axios.com/2025/09/05/trump-drug-boat-strike-venezuela-meeting,Yes,No,No,Yes,No,No,No,No,No,No
1178,2025-09-05,Trump administration to end security programmes protecting European allies from Russia,https://www.nytimes.com/2025/09/04/us/politics/trump-europe-russia-security.html,No,No,No,No,No,No,No,No,Yes,No
1177,2025-09-05,"Trump administration threatens Kilmar Abrego Garcia with deportation tho El Salvador, again",https://www.nytimes.com/2025/09/05/us/politics/trump-deportations-abrego-garcia-el-salvador.html,No,No,No,No,No,No,Yes,No,No,Yes
1176,2025-09-05,Trump administration investigating Medicaid spending on immigrants in democratic states,https://www.pbs.org/newshour/world/trump-administration-investigates-medicaid-spending-on-immigrants-in-democratic-states,Yes,No,No,No,No,No,Yes,No,No,Yes
1175,2025-09-05,"Treasury Secretary Bessant calls for 'entire"" review of the Federal Reserve, in an effort of the Trump administration exerting pressure on the central bank",https://www.reuters.com/world/us/treasury-secretary-bessent-calls-entire-review-fed-2025-09-05/,No,No,Yes,No,No,No,No,No,No,No
1174,2025-09-05,"Republicans unveil ""Department of War"" legislation",https://thehill.com/policy/defense/5488531-congress-rebranding-defense-war/,No,No,No,No,No,No,No,No,No,Yes
1173,2025-09-05,Georgia Governor plans on sending 316 National Guards to DC in mid-September. He also stated they may be armed. (Georgia will be the eighth state to do so),https://apnews.com/article/trump-dc-crime-kemp-georgia-national-guard-6bf884bbc8c323cc64bb00379e054fd3,No,No,No,No,No,No,No,No,No,Yes
1172,2025-09-05,"Federal report on alcohol drinking withdrawn and to be replaced with US dietary guidelines, based on a competing report favoured by the alcohol industry, stating that moderate alcohol consumption is healthier than not drinking",https://www.nytimes.com/2025/09/05/health/alcohol-drinking-hhs-report.html,No,No,No,No,Yes,No,No,No,No,No
1171,2025-09-05,475 workers arrested during ICE raid on Hyundai car battery plant in Georiga. This is the largest single-site DHS immigration raid in US history (most are South Korean workers),https://www.reuters.com/world/asia-pacific/us-immigration-agents-arrest-hundreds-raid-georgia-hyundai-plant-2025-09-05/,No,No,No,No,No,No,No,No,No,Yes
1170,2025-09-04,"Immigration officers forced their way into a confectionery plant near Syracuse on Thursday morning and detained dozens of workers, witnesses said, in what appeared to be one of the biggest workplace raids in New York since President Trump’s deportation crackdown began",https://www.nytimes.com/2025/09/04/nyregion/immigration-raid-new-york.html,No,No,No,No,No,No,No,No,No,Yes
1169,2025-09-04,"US State Department ""very troubled"" and criticising Norway's wealth fund over its plans to sell its shares in NYC based firm Caterpillar concerns about ties to the conflict in the Gaza Strip.",https://www.cnbc.com/2025/09/04/white-house-hits-out-at-norway-wealth-fund-over-caterpillar-exit.html,No,No,No,No,No,No,No,No,Yes,No
1168,2025-09-04,US Justice Department (DoJ) opens criminal investigation into mortgage fraud against Fed Governor Lisa Cook,https://www.reuters.com/legal/government/us-justice-department-opens-criminal-mortgage-fraud-probe-into-fed-governor-cook-2025-09-04/,No,No,Yes,No,No,No,No,No,No,No
1167,2025-09-04,The US Department of Justice has requested access to voting equipment used in the 2020 election in two Missouri counties in what appears to be a wide-ranging effort to more closely monitor election processes around the country,https://edition.cnn.com/2025/09/04/politics/doj-voting-equipment-states,Yes,No,No,No,No,No,No,No,No,No
1166,2025-09-04,"The Department of Health and Human Servises (HHS) planning to issue a no-bid contract to Trump ally's firm HarrisX, to run a vaccine poll",https://www.nytimes.com/2025/09/04/us/politics/hhs-vaccines-poll-harrisx-trump-rfk.html,No,No,No,No,No,No,No,Yes,No,No
1165,2025-09-04,"RFK Jr hints that access to abortion drug mifepristone could be rolled back, claiming the Biden adminstration ""twisted"" the data. This is despite evidence from over 100 studies that it is safe and effective.",https://www.theguardian.com/us-news/2025/sep/04/trump-rfk-mifepristone-abortion-pill,No,No,No,Yes,Yes,No,No,No,No,No
1164,2025-09-04,"Ousted CDC director Susan Monarez states that she was fired after refusing to comply with RFK Jrs ""troubling directives"", including to preapprove the recommendations of a “vaccine advisory panel newly filled with people who have publicly expressed antivaccine rhetoric.”",https://www.wsj.com/opinion/robert-f-kennedy-jr-the-cdc-and-me-b4ca2eaa,No,No,Yes,No,Yes,No,No,No,No,No
1163,2025-09-04,"Donald Trump Threatens - again - To Strip Rosie O'Donnell's Citizenship, saying she ""is not a Great American"".",https://www.newsweek.com/donald-trump-threatens-remove-rosie-odonnell-us-citizenship-2124281,No,No,Yes,No,No,No,No,No,No,No
1162,2025-09-04,"Department of Justice sues Boston and its mayor over ""sanctuary"" limits on immigration cooperation. This is to challenge an ordinance that restricts police from cooperating with federal immigration enforcement carrying out Trump's agenda",https://www.reuters.com/legal/government/trump-administration-sues-boston-over-sanctuary-limits-immigration-cooperation-2025-09-04/,No,No,Yes,No,No,No,No,No,No,Yes
1161,2025-09-04,Department of Justice considering to ban trans people from buying guns - this follows a shooting at a school in Minnesota,https://www.reuters.com/world/us/trump-administration-considering-banning-trans-people-buying-guns-us-media-2025-09-04/,No,No,No,No,Yes,No,Yes,No,No,No
1160,2025-09-04,Department of Justice (DoJ) asks the Supreme Court to remove Democratic Federal Trade Commission (FTC) member while legal battle over her firing continues,https://www.theguardian.com/us-news/2025/sep/04/trump-administration-supreme-court-ftc-rebecca-slaughter,No,No,Yes,No,No,No,No,No,No,No
1159,2025-09-04,"Agency that handles green cards and citizenship to hire armed agents who can make arrests. The move is a major change for U.S. Citizenship and Immigration Services, which has been kept separate from immigration arrests and enforcing deportations",https://www.nbcnews.com/news/us-news/uscis-hire-special-agents-trump-admin-us-citizenship-immigration-rcna229076,No,No,No,No,No,No,No,No,No,Yes
1158,2025-09-03,New NIH funding rules shift decision-making power from peer review panels to political appointees in determining future scientific grants.,https://conexiant.com/infectious-disease/articles/policy-shift-adjusts-nih-peer-review-role,No,No,No,No,Yes,No,No,No,No,No
1157,2025-09-03,"Vinay Prasad, the Food and Drug Administration's (FDA) top vaccine official overuled scientists on wider access to COVID-19 shots",https://www.nytimes.com/2025/09/04/us/politics/hhs-vaccines-poll-harrisx-trump-rfk.html,No,No,No,No,Yes,No,No,No,No,No
1156,2025-09-03,"US intelligence meeting scrapped after attack from far-right activist Laura Loomer. Democratic vice chair of the Senate Intelligence Committee was scheduled to meet with staff at the National Geospatial-Intelligence Agency’s headquarters, but Loomer discovered the classified meeting and location and launched a campaign of social media attacks",https://www.reuters.com/legal/government/us-intelligence-meeting-scrapped-after-far-right-activist-attacks-democratic-2025-09-03/,Yes,No,No,No,No,No,No,No,No,No
1155,2025-09-03,Trump targets another off-shore wind project for cancellation (New England 1 and 2),https://thehill.com/policy/energy-environment/5484952-trump-offshore-wind-farms/,No,No,No,No,Yes,No,No,No,No,No
1154,2025-09-03,"Trump says he may send troops to New Orleans to fight crime, despite data showing a drop in crime. Louisiana Governor Landry (Republican) said he welcomes the support",https://www.nytimes.com/2025/09/03/us/politics/trump-national-guard-new-orleans-crime.html,No,No,No,No,No,No,No,No,No,Yes
1153,2025-09-03,"Trump asks supporters in fundraising email to ""pledge $15"" to “to join the MAGA Blitz” against Chicago, and that he would ""liberate Chicago"", although not giving a date",https://www.democracydocket.com/news-alerts/trump-liberate-chicago-vow-fundraising-email/,Yes,No,No,Yes,No,No,No,Yes,No,Yes
1152,2025-09-03,"Trump advisers have discussed finding a job for NYC mayor Eric Adams if he quits the mayoral race, with the goal of giving Andrew Cuomo a better chance to defeat Zohran Mamdani in November",https://www.nytimes.com/2025/09/03/nyregion/trump-adams-sliwa-quit-nyc-mayor.html,Yes,No,No,No,No,No,No,Yes,No,No
1151,2025-09-03,"Russell Vought, director of the Office of Management and Budget (OMB) says that the Government Accountability Office (GOA) a non-partidsan independent congressional watchdog, should not exisit",https://thehill.com/homenews/administration/5485324-russ-vought-says-government-accountability-office-shouldnt-exist/,Yes,Yes,No,No,No,No,No,No,No,No
1150,2025-09-03,FDA questions safety of receiving COVID-19 and flu shot together despite no evidence of harm,https://www.washingtonpost.com/health/2025/09/03/vaccine-access-covid-flu-fda-safety/,No,No,No,Yes,Yes,No,No,No,No,No
1149,2025-09-03,Dept of Homeland Security purposefully chooses notorious prison in Louisiana to detain immigrants,https://www.theguardian.com/us-news/2025/sep/04/louisiana-prison-chosen-for-immigration-detainees-due-to-its-notoriety-say-noem,No,No,No,No,No,No,No,No,No,Yes
1148,2025-09-03,"Dept of Homeland Security (DHS) ends deportation protections (TPS - Temporary Protected Status) from another 250,000 Venezuelans",https://thehill.com/homenews/administration/5485057-venezuelan-tps-stripped-again/,No,No,No,No,No,No,Yes,No,No,Yes
1147,2025-09-02,"US military kills 11 in strike on alleged drug boat tied to Venezuelan cartel. The use of military force against Latin American drug cartels represents a significant escalation by the Trump administration. No evidence for allegation has been offered and there was no suggestion that this was in self defence, potentially violating international law.",https://www.nytimes.com/2025/09/02/us/politics/trump-venezuela-boat-drugs-attack.html,No,No,No,No,No,No,No,No,Yes,Yes
1146,2025-09-02,Trump says he's moving Space Command HQ to Alabama because of Colorado's mail-in voting system,https://www.nbcnews.com/politics/white-house/trump-moving-space-command-hq-alabama-colorado-mail-voting-system-rcna228647,Yes,No,Yes,No,No,No,No,No,No,No
1145,2025-09-02,Trump says he will order federal intervention in Chicago and Baltimore despite local opposition,https://apnews.com/article/trump-chicago-baltimore-law-enforcement-6d7c80258f17c3d679358467531f7e9d,No,No,Yes,No,No,No,No,No,No,Yes
1144,2025-09-02,"Republican Senator Rand Paul claims gay CDC director's ""lifestyle"" disqualified him from government. GOP Rep. Buddy Carter (Ga.) has also criticized Daskalakis for his personal life, calling him a “BDSM Satan worshipper” on CNN on Sunday.",https://thehill.com/policy/healthcare/5482672-rand-paul-daskalakis-lifestyle-criticism/,No,No,Yes,No,No,No,Yes,No,No,No
1143,2025-09-02,"Pentagon approves 600 military lawyers as temporary immigration judges, doubling the numbers of immigration judges",https://apnews.com/article/pentagon-immigration-judges-trump-pete-hegseth-b07950833591270b926ad86ede8b961f,Yes,No,No,No,No,No,No,No,No,Yes
1142,2025-09-02,"Paul Offit, an outspoken critic of Trump and his administration is dismissed from FDA vaccine panel",https://edition.cnn.com/2025/09/02/health/offit-fda-vrbpac,No,No,Yes,No,Yes,No,No,No,No,No
1141,2025-09-02,"Nongovernmental groups (NGOs) are now barred from registering new voters at naturalization ceremonies. Celina Stewart, CEO of the League of Women Voters, said in a statement that this new policy ""is an attempt to keep new citizens from accessing their full rights.""",https://www.npr.org/2025/09/02/nx-s1-5525875/trump-naturalization-voter-registration-uscis,Yes,No,No,No,No,No,No,No,No,No
1140,2025-09-02,"Ice (Immigration enforcement) obtains access to spyware that can hack phones and encrypted apps. The Trump adminstration is going ahead with a contract with Paragon Solutions, a company founded in Israel",https://www.theguardian.com/us-news/2025/sep/02/trump-immigration-ice-israeli-spyware,No,No,No,No,No,No,Yes,No,No,Yes
1139,2025-09-02,"Dept of Energy's (DoE) contentious climate report (complied by five hand-picked fringe researchers) criticised by 85 top climate scientsts as biased, riddled with errors and failing basic scientific credibility.",https://www.theguardian.com/us-news/2025/sep/02/trump-administration-climate-report,No,No,No,No,Yes,No,No,No,No,No
1138,2025-09-02,Alarm after FBI arrests US army veteran for ‘conspiracy’ over protest against ICE. Legal experts say charges against Afghanistan war veteran Bajun Mavalwalla II mark an escalation in the Trump administration’s crackdown on first amendment rights,https://www.theguardian.com/us-news/2025/sep/02/fbi-arrest-us-army-veteran-ice-protest,No,No,Yes,No,No,No,No,No,No,No
1137,2025-09-01,"White House wrongly claims to have raised trillions from tariffs when in fact it is much less, at billions of dollars",https://www.msn.com/en-us/money/markets/trump-says-his-tariffs-collected-trillions-in-revenue-here-s-the-real-figure/ar-AA1KoVft,No,No,No,Yes,No,No,No,No,No,No
1136,2025-09-01,Trump says he will order voter ID requirement for every vote and reiterates proposed restrictions on mail-in voting. Any such move is likely to be challenged in court as unconstitutional.,https://www.theguardian.com/us-news/2025/sep/01/president-trump-administration-news-updates-today,Yes,No,No,No,No,No,No,No,No,No
1135,2025-09-01,Trump and his sons amass up to $5 billion in paper wealth after WLFI token crypto launch,https://www.wsj.com/finance/currencies/trump-family-amasses-6-billion-fortune-after-crypto-launch-567faec5,No,No,No,No,No,No,No,Yes,No,No
1134,2025-09-01,Previous CDC directors write a public article in the New York Times warning that Kennedy (JFK Jr) is endangering the health of Americans,https://www.nytimes.com/2025/09/01/opinion/cdc-leaders-kennedy.html,No,No,No,No,Yes,No,No,No,No,No
1133,2025-09-01,Donald Trump on Monday called on pharmaceutical companies to justify the success of their drugs intended to treat COVID. Trump said there is disagreement on whether the drugs saved lives but the scientific consensus and evidence is clear that they have saved millions of lives.,https://www.reuters.com/business/healthcare-pharmaceuticals/trump-calls-pharmaceutical-companies-justify-success-covid-drugs-2025-09-01/,No,No,No,Yes,Yes,No,No,No,No,No
1132,2025-08-31,"US reportedly suspends visa approvals for nearly all Palestinian passport holders. This goes beyond the previously announced ban for visitors from Gaza, and Palestinian officials planning to attend the UN General Assembly.",https://www.theguardian.com/us-news/2025/aug/31/palestine-passport-visa-approval-suspension,No,No,No,No,No,No,No,No,Yes,No
1131,2025-08-31,Trump saying it would not bother him to see former FBI director James Comey and former CIA director John Brennan arrested and hand-cuffed on live television. Trump said he thinks arrests should be made over the Obama-era investigation into Russia’s involvement in the 2016 election,https://thehill.com/regulation/court-battles/5479962-trump-russia-comey-brennan-2016-election-probe/,No,No,Yes,Yes,No,No,No,No,No,No
1130,2025-08-31,Trump planning to sign an executive order mandating voter I.D. (the constitution does not give him the power to do so),https://www.nytimes.com/2025/08/31/us/politics/trump-voter-id-executive-order.html,Yes,No,No,No,No,No,Yes,No,No,No
1129,2025-08-31,"Trump admnistration discussing ""Riviera of the Middle East"" plans for Gaza, including the possibility of the U.S. taking control and paying Gazans to relocate",https://www.washingtonpost.com/national-security/2025/08/31/trump-gaza-plan-riviera-relocation/,No,No,No,No,No,No,No,No,Yes,No
1128,2025-08-31,"Trump administration is continuing its talks with trading partners despite a U.S. appeals court ruling that most of President Donald Trump's tariffs are illegal, U.S. Trade Representative Jamieson Greer said",https://www.reuters.com/world/us/us-still-working-trade-deals-despite-court-ruling-ustr-says-2025-08-31/,Yes,No,No,No,No,No,No,No,No,No
1127,2025-08-31,Possible changes to the National Vaccine Injury Compensation Program (VICP) by RFK Jr might threaten vaccine availability,https://www.theguardian.com/us-news/2025/aug/31/rfk-jr-vaccine-injury-compensation,No,No,No,No,Yes,No,No,No,No,No
1126,2025-08-31,FDA's top vaccine regulator Vinay Prasad requests removal of youtube videos of him criticising COVID-19 vaccines,https://www.theguardian.com/us-news/2025/aug/31/fda-official-youtube-videos,No,No,No,Yes,Yes,No,No,No,No,No
1125,2025-08-31,Dept of Homeland Security (DHS) secretary Noem confirms more ICE resources are heading to Chicago for immigration crackdown,https://apnews.com/article/ice-noem-trump-chicago-immigrant-pritzker-7b0e2e4589a570f1776335903619940b,No,No,No,No,No,No,No,No,No,Yes
1124,2025-08-30,"White House moves forward on plans for ""Department of War"" (this would likely require congressional action, but the White House is exploring alternative methods to implement the change)",https://www.reuters.com/world/us/white-house-moves-forward-plans-department-war-wsj-reports-2025-08-30/,Yes,No,No,Yes,No,No,No,No,Yes,No
1123,2025-08-30,"Right-wing podcaster Benny Johnson is given ""new media seat"" at White House press briefing - privilege includes being called on first by the press secretary, Karoline Leavitt.",https://www.nytimes.com/2025/08/30/business/media/trump-benny-johnson.html,No,No,No,Yes,No,No,No,No,No,No
1122,2025-08-30,"Demetre Daskalakis, recently resigned director of the National Center for Immunization and Respiratory Diseases in the Centers for Disease Control (CDC), said"" No one from my center has ever briefed [Kennedy (RFK)] on any of those topics … He’s getting information from somewhere, but that information is not coming from CDC expert""",https://www.theguardian.com/us-news/2025/aug/28/rfk-resign-cdc-susan-monarez-fired,No,No,No,No,Yes,No,No,No,No,No
1121,2025-08-29,"Vance attacks Politico news website for a story criticising peace envoy Witkoff, accusing it - without evidence - of ""a foreign influence operation meant to hurt the administration """,https://thehill.com/homenews/administration/5477327-witkoff-vance-russia-ukraine-talks/,Yes,No,Yes,Yes,No,No,No,No,Yes,No
1120,2025-08-29,US blocks Palestinian President Mahmoud Abbas and 80 other officials from United Nations' annual meeting in New York,https://news.sky.com/story/bluesky-13420954,No,No,No,No,No,No,No,No,Yes,No
1119,2025-08-29,"U.S. working with Guatemala to send unaccompanied children back raising concerns about due process, especially as this was recently blocked by a judge",https://www.nytimes.com/2025/08/29/us/immigration-guatemala-children.html,No,No,No,No,No,No,No,No,No,Yes
1118,2025-08-29,Trump cancelling $679 billion in federal funding on off-shore wind projects - U.S. Transportation Secretary Sean Duffy announced that the department was cancelling or terminating awards made under the Biden administration.,https://www.reuters.com/sustainability/climate-energy/trump-cancelling-679-million-federal-funding-offshore-wind-projects-2025-08-29/,No,No,No,No,Yes,No,No,No,No,No
1117,2025-08-29,"The White House replaces fired CDC chief Monarez with O'Neill, a former investment executive with no medical or scientific background. He is currently RFK Jr's (Kennedy) deputy at Health at Human Services",https://www.theguardian.com/us-news/2025/aug/28/cdc-chief-fired-white-house-monarez-trump,No,No,No,No,Yes,No,No,No,No,No
1116,2025-08-29,"RFK Jr. (Kennedy) Blames Gun Violence on Antidepressants After Minneapolis School Shooting: 'We're Launching Studies'. Robert F. Kennedy Jr. claimed SSRI (anti-depressant) medications carry warnings of homicidal thoughts, which mental health experts say is not true",https://people.com/rfk-jr-blames-gun-violence-on-antidepressants-11800552,No,No,No,Yes,Yes,No,No,No,No,No
1115,2025-08-29,Pentagon to restore portrait of Confederate (pro-slavery) general Robert E Lee at West Point library,https://www.theguardian.com/us-news/2025/aug/29/robert-e-lee-west-point-portrait-confederate,No,No,No,No,No,No,Yes,No,No,No
1114,2025-08-29,"New Trump rule to ban doctors from the US Dept of Veteran Affairs (VA) to perform abortions, even in case of incest or rape",https://www.theguardian.com/us-news/2025/aug/29/trump-veterans-affairs-abortion-ban,No,No,No,No,Yes,No,Yes,No,No,No
1113,2025-08-29,Missouri Governor calls lawmakers back to Capitol to gerrymander congressional map,https://missouriindependent.com/2025/08/29/missouri-governor-calls-lawmakers-back-to-capitol-to-gerrymander-congressional-map/,Yes,No,No,No,No,No,No,No,No,No
1112,2025-08-29,Lay-off notices sent to 552 (almost all) members of staff at Voice of America,https://www.nytimes.com/2025/08/29/us/politics/voice-of-america-layoffs-kari-lake-trump.html,No,Yes,No,Yes,No,No,No,No,No,No
1111,2025-08-29,"Environmental Protection Agency (EPA) fires staff who had signed letter of dissent, critcising Trump",https://www.reuters.com/legal/litigation/us-epa-fires-some-employees-who-signed-letter-criticizing-trump-administration-2025-08-29/,No,No,Yes,No,No,No,No,No,No,No
1110,2025-08-29,Donald Trump revokes Secret Service protection for former vice president Kamala Harris,https://news.sky.com/story/bluesky-13420601,No,No,Yes,No,No,No,No,No,No,No
1109,2025-08-28,"White House seeks to use Chicago-area military base for ""sanctuary city"" crackdown - Naval Station Great Lakes (NSGL) has been asked to provide “limited support in the form of facilities, infrastructure, and other logistical needs to support DHS operations”.",https://www.theguardian.com/us-news/2025/aug/28/ashli-babbitt-military-honors-january-6-riot,No,No,No,No,No,No,No,No,No,Yes
1108,2025-08-28,US-Venezuela tesnions rise as US warships arrive in southern Carribean,https://www.reuters.com/world/americas/us-venezuela-tensions-rise-us-warships-arrive-southern-caribbean-2025-08-28/,No,No,No,No,No,No,No,No,Yes,No
1107,2025-08-28,"US rejects taking part in UN human rights review, arguing engaging with the process would present an endorsement of the U.N. Human Rights Council (HRC), which President Trump withdrew the U.S. from in February.",https://thehill.com/homenews/administration/5475829-us-boycotts-un-human-rights/,No,No,No,No,No,No,No,No,Yes,No
1106,2025-08-28,US airforce to grant military honors to Jan 6 rioter fatally shot during the attack,https://www.theguardian.com/us-news/2025/aug/28/ashli-babbitt-military-honors-january-6-riot,Yes,No,No,No,No,No,No,No,No,No
1105,2025-08-28,"Trump signs executive order ending collective bargaining with some federal unions in some agencies that have ""national security missions"" - this will include agencies like NASA, Patent and Trademark Office and the National Weather Service amongst others",https://www.reuters.com/world/us/trump-signs-order-end-collective-bargaining-with-some-federal-unions-2025-08-28/,No,Yes,No,No,No,No,Yes,No,No,No
1104,2025-08-28,"Trump fires Democrat Robert Primus, board member of Surface Transportation Board STB,- a transportation regulator that is weighing a merger between Union Pacific and Norfolk Southern, valued at $85billion, because he “did not align with the President’s America First agenda and was terminated from his position by the White House.”",https://thehill.com/regulation/transportation/5475683-donald-trump-surface-transportation-board-firing/,Yes,No,No,No,No,No,No,No,No,No
1103,2025-08-28,"The Pediatric Brain Tumor Consortium, an association of 16 academic centers and children’s hospitals dedicated to trials of novel treatments for pediatric brain cancer, is halting enrollment in clinical trials for children with brain cancer after the federal government said it would no longer provide funding to the group.",https://www.nytimes.com/2025/08/28/well/pediatric-brain-cancer-trial-group.html,No,No,No,No,Yes,No,No,No,No,No
1102,2025-08-28,"The Chairman of the Federal Trade Commission is warning Google not to filter or suppress emails sent by Republicans over Gmail, according to a letter sent from the FTC chair to Google's parent company, Alphabet Inc.",https://www.axios.com/2025/08/28/ftc-google-gop-email-andrew-ferguson-alphabet-sundar-pichai,No,No,Yes,No,No,No,No,No,No,No
1101,2025-08-28,The Centers for Disease Control and Prevention (CDC) has scaled back a federal-state surveillance program for foodborne pathogens.,https://www.cidrap.umn.edu/foodborne-disease/cdc-cuts-back-foodborne-illness-surveillance-program,No,No,No,No,Yes,No,No,No,No,No
1100,2025-08-28,"RFK Jr (Kennedy) and White House say that Centers for Disease Control and Prevention (CDC) have to align with MAHA agenda and accept recommendations from new vaccine panel members, handpicked by Kennedy (ACIP)",https://thehill.com/policy/healthcare/5475599-trump-administration-overhauls-cdc/,No,No,No,No,Yes,No,No,No,No,No
1099,2025-08-28,"Republican US senator, Lindsey Graham, threatened to impose tariffs and/or deny visas to Norwegians after the country’s sovereign wealth fund announced it was divesting from an American company whose products are used in Israel’s war on Gaza.",https://www.yahoo.com/news/articles/lindsey-graham-calls-sanctions-norway-181401589.html,No,No,No,No,No,No,No,No,Yes,No
1098,2025-08-28,DOJ drops charges against client represented by Attorney General Pam Bondi's brother Brad,https://abcnews.go.com/US/doj-drops-charges-client-ag-pam-bondis-brother/story,No,No,No,No,No,No,No,Yes,No,No
1097,2025-08-28,"Director of National Intelligence Tulsi Gabbard abruptly ousted CIA Russia expert following Trump-Putin meeting, naming her despite being undercover. (She was included in a list of 37 ntelligence officers Gabbard said had “abused the public trust by politicizing and manipulating intelligence, leaking classified intelligence without authorization, and/or committing intentional egregious violations of tradecraft standards.”)",https://www.cnn.com/2025/08/28/politics/gabbard-abruptly-ousted-cia-russia-expert-days-after-trump-putin-meeting,No,No,Yes,No,No,No,No,No,No,No
1096,2025-08-28,Dept of Education (DoE) threatens to pull federal funding from Denver schools for violating students’ civil rights by providing gender-neutral bathroom facilities and letting transgender students use bathrooms that align with their gender identity. Schools have 10 days to comply,https://www.nytimes.com/2025/08/28/us/politics/trump-denver-schools-transgender-bathrooms.html,No,No,No,No,No,Yes,Yes,No,No,No
1095,2025-08-28,"Defying Congress, Trump Moves to Cut $4.9 Billion in Foreign Aid. The White House notified Congress that it plans to use a legally untested maneuver to circumvent lawmakers and claw back more money for foreign aid programs. The Palestinian Authority called the decision to revoke visas as ""a violation of US commitments"" which ""contravenes international law""",https://www.nytimes.com/2025/08/29/us/politics/defying-congress-trump-moves-to-cut-4-9-billion-in-foreign-aid.html,No,No,No,No,No,No,No,No,Yes,No
1094,2025-08-27,"White House fires new Centers for Disease Control and Prevention (CDC) director Susan Monarez, after she refused to resign ; three senior CDC offiials resigned immediately after over ""weaponizing of public health""",https://www.bbc.co.uk/news/articles/cwy3zjxy3dwo,No,No,Yes,No,Yes,No,No,No,No,No
1093,2025-08-27,"US Dept of Justice (DoJ) opens investigation into California's Environmental Protection Agency, aiming to determine if it ""may be engaged in employment practices that discriminate based on race, sex, color, or national origin,""",https://www.reuters.com/legal/government/us-justice-dept-investigating-californias-environmental-agency-2025-08-27/,Yes,No,Yes,No,Yes,No,Yes,No,No,No
1092,2025-08-27,Trump White House (top economic advisor Kevin Hassett) pressures Fed governor Lisa Cook to go on leave while law suit over Trump's attempted dismissal looms,https://www.cnbc.com/2025/08/27/trump-white-house-lisa-cook-fed.html,No,No,Yes,No,No,No,No,No,No,No
1091,2025-08-27,"Trump vows to look into NBC's decision to extend Seth Myer's ""Late Night"" contract",https://thehill.com/homenews/administration/5472319-donald-trump-seth-meyers-nbc-contract/,No,No,Yes,No,No,No,No,No,No,No
1090,2025-08-27,"Trump says Democratic donor Soros and his son should be charged with corruption under the Racketeer Influenced and Corrupt Organizations Act (RICO), but offeres no evidence",https://www.reuters.com/legal/litigation/trump-says-democratic-donor-soros-son-should-be-charged-with-corruption-offers-2025-08-27/,No,No,Yes,No,No,No,No,No,No,No
1089,2025-08-27,"Trump administration plans to take control of Washington Union Station, one of the country's biggest rail hubs. The plan follows Trump's move to deploy hundreds of National Guard troops to Washington after he took control of the local police department over the objections of local leaders",https://www.reuters.com/world/us/trump-administration-plans-take-control-washington-union-station-2025-08-27/,Yes,No,No,No,No,No,No,No,No,Yes
1088,2025-08-27,Trump administration moves to tighten duration of visas for students and media,https://www.reuters.com/business/media-telecom/trump-administration-moves-tighten-duration-visas-students-media-2025-08-27/,No,No,No,No,No,Yes,No,No,Yes,No
1087,2025-08-27,"Researcher who distorted voter data on 2020 election appointed into new role as the deputy assistant secretary for election integrity in the Office of Strategy, Policy and Plans which is part of the Dept of Homeland Security (DHS)",https://www.nbcnews.com/politics/trump-administration/researcher-voter-data-2020-trump-election-integrity-rcna227494,Yes,No,No,No,No,No,No,No,No,No
1086,2025-08-27,"Immigration advocates alarmed over detention of Daca recipient: ‘No legal basis’. Border patrol agents arrested Catalina Santiago, granted temporary protection as a Dreamer, on 3 August",https://www.theguardian.com/us-news/2025/aug/27/daca-recipient-detention-immigration,Yes,No,No,No,No,No,No,No,No,Yes
1085,2025-08-27,ICE agents arrest two firefighters working on Washington State wild fire,https://www.seattletimes.com/seattle-news/climate-lab/federal-agents-arrest-firefighters-working-on-wa-wildfire/,No,No,No,No,No,No,No,No,No,Yes
1084,2025-08-27,"Denmark's foreign minister has summoned the top US diplomat in Copenhagen, following a report that American citizens have been conducting covert operations in Greenland. Danish intelligence warned Greenland was being targeted by ""various kinds of influence campaigns"".",https://www.bbc.co.uk/news/articles/c0j9l08902eo,No,No,No,No,No,No,No,No,Yes,No
1083,2025-08-26,"White House Deputy Chief of Staff for Policy Stephen Miller escalated authoritarian rhetoric against Democrats while defending Trump's plan to deploy the National Guard to Chicago. He said ""[The Democrat Party] is devoted exclusively to the defense of hardened criminals, gangbangers and illegal alien killers and terrorists. The Democrat Party is not a political party. It is a domestic extremist organization.""",https://www.aol.com/domestic-extremist-organization-stephen-miller-044024458.html,Yes,No,No,No,No,No,No,No,No,Yes
1082,2025-08-26,US naval surge in the Caribean,https://www.economist.com/the-americas/2025/08/26/a-surprise-us-navy-surge-in-the-caribbean,No,No,No,No,No,No,No,No,Yes,No
1081,2025-08-26,"University of Michigan Hospital ends gender-affirming care for minors, citing federal pressure. The decision comes after the University received a subpoena from the Department of Justice",https://www.michiganpublic.org/health/2025-08-26/u-of-m-ends-gender-affirming-care-for-minors-citing-federal-pressure,No,No,No,No,Yes,No,Yes,No,No,No
1080,2025-08-26,Trump says US will seek death penalty in Washington DC homicide cases (there hasn't been an execution in DC since 1957),https://www.cbsnews.com/news/trump-death-penalty-murders-washington-dc/,Yes,No,No,No,No,No,Yes,No,No,No
1079,2025-08-26,"Trump says in press conference about sending troops to Chicago, that he has the right do anything he wants to do as President of the United States when it comes to keeping the country 'safe'",https://bsky.app/profile/atrupar.com/post/3lxdalfrxrt2z,Yes,No,No,No,No,No,No,No,No,No
1078,2025-08-26,Trump says he wants ‘nothing less than $500m’ from Harvard as a condition for restoring billions of dollars in federal funding,https://www.theguardian.com/education/2025/aug/26/trump-harvard-feud,No,No,No,No,No,Yes,No,No,No,No
1077,2025-08-26,"The Trump administration is reinstating a long-dormant practice of conducting ""neighborhood checks"" to vet immigrants applying for U.S. citizenship, expanding its efforts to aggressively scrutinize immigration applications",https://www.cbsnews.com/news/neighborhood-checks-citizenship-applications/,No,No,No,No,No,No,No,No,No,Yes
1076,2025-08-26,"The Federal Emergency Management Agency (FEMA) suspended around 30 employees after those workers wrote to Congress warning that the Trump administration had gutted the nation’s ability to handle hurricanes, floods and other extreme weather disasters.",https://www.nytimes.com/2025/08/26/climate/fema-suspends-staff-who-criticized-trump-cuts.html,Yes,No,Yes,No,Yes,No,No,No,No,No
1075,2025-08-26,Pentagon weighing equity stakes in defence contractors like Lockheed Martin,https://www.cnbc.com/2025/08/26/trump-pentagon-equity-stakes-in-defense-contractors.html,Yes,No,No,No,No,No,No,No,No,No
1074,2025-08-26,"Federal agencies including departments of defense (DoD) and energy and commerce to work together to review offshore wind farms approved by the Biden administration, according to RFK Jr.",https://www.reuters.com/sustainability/climate-energy/trump-agencies-team-up-review-offshore-wind-kennedy-says-2025-08-26/,No,No,No,No,Yes,No,No,No,No,No
1073,2025-08-26,"DOGE members copied Social Security data to an internal agency server that only DOGE could access, forgoing the type of “independent security monitoring” normally required under agency policy for such sensitive data and creating “enormous vulnerabilities.”",https://www.nytimes.com/2025/08/26/us/politics/doge-social-security-data.html,No,No,No,No,No,No,Yes,No,No,No
1072,2025-08-26,"Diplomatic Security Service joins law enforcement in Washington DC. The Service traditionally focused on protecting diplomats, helping secure overseas missions and managing background checks",https://www.nytimes.com/2025/08/26/us/politics/state-department-washington-trump.html,Yes,Yes,Yes,No,No,No,No,No,No,Yes
1071,2025-08-26,"Department of Health and Human Services (HHS) asks 46 states/territories to remove all references to ""gender ideology"" from federally funded sex ed program. States aree given 60 days to revise materials",https://www.reuters.com/legal/litigation/hhs-asks-46-states-territories-remove-gender-ideology-content-sex-ed-materials-2025-08-26/,No,No,No,No,Yes,No,Yes,No,No,No
1070,2025-08-26,"Dep of Transportation (DoT) threatens to withhold federal funding from states (CA,WA,NM) unless they adopt English proficiency requirement for commercial truck drivers.",https://www.reuters.com/world/us/us-threatens-withhold-funding-states-over-truck-driver-english-proficiency-rules-2025-08-26/,Yes,No,No,No,No,No,No,No,No,Yes
1069,2025-08-25,"US CDC taps vaccine skeptic, Retsef Levi, to lead its COVID vaccine workgroup. Retsef Levi had critiqued mRNA vaccines in the past, saying they can cause serious harm and death, especially among children, and called for their immediate withdrawal.",https://www.reuters.com/business/healthcare-pharmaceuticals/us-cdc-taps-vaccine-skeptic-lead-covid-vaccine-committee-2025-08-25/,No,No,No,No,Yes,No,No,No,No,No
1068,2025-08-25,"Trump writes letter to fire Fed governor Lisa Cook, although it is unclear that he has the authority to do so",https://www.theguardian.com/business/2025/aug/25/trump-fires-federal-reserve-governor-lisa-cook,No,No,Yes,No,No,No,No,No,No,No
1067,2025-08-25,"Trump wanting to rename the Dept of Defence (DoD) ""Department of War"" (the name changed from War to Defence in 1949)",https://bsky.app/profile/atrupar.com/post/3lxad57bayb25,No,No,No,No,No,No,No,No,Yes,No
1066,2025-08-25,"Trump threatens to investigate former Gov Chris Christie over a 2013 poltical scandal, after Christie criticised Trump's use of the Justice Dept",https://www.nytimes.com/2025/08/25/us/politics/trump-chris-christie-bridgegate.html,No,No,Yes,No,No,No,No,No,No,No
1065,2025-08-25,"Trump threatens broadcast networks, ABC and NBC, with fines or losing their licence in late-night social media posts, angered by their reporting low poll numbers for him",https://thehill.com/homenews/media/5468568-trump-threatens-broadcast-networks-in-late-night-social-media-posts/,No,No,Yes,Yes,No,No,No,No,No,No
1064,2025-08-25,"Trump signs two executive orders eliminating cashless bail in Washington DC and other juristrictions, and to instruct Attorney General Bondi to revoke federal funds and grants that go to any other jurisdictions that have cashless bail policies. Move is an escalation in president’s efforts to take control of law enforcement in the capital city and beyond",https://www.theguardian.com/us-news/2025/aug/25/trump-executive-order-cashless-bail,Yes,No,No,No,No,No,Yes,No,No,No
1063,2025-08-25,Trump signs executive order to criminally charge those burning the US flag. Flag burning is protected as free speech by the First Amendment since a Supreme Court decision in 1989. Trump does not have the power to introduce new laws,https://www.theguardian.com/us-news/2025/aug/25/trump-flag-burning-executive-order,Yes,No,Yes,No,No,No,No,No,No,Yes
1062,2025-08-25,Trump signs executive order establishing ‘specialized’ National Guard units to address 'public order issues'. This raises concerns over Americans' rights to protest.,https://edition.cnn.com/2025/08/25/politics/trump-executive-order-national-guard-units-crime,No,No,Yes,No,No,No,No,No,No,Yes
1061,2025-08-25,"Trump administration pushes ahead with National Oceanic and Atmospheric Administration (NOAA) and weather cuts, despite congressional resistance",https://www.science.org/content/article/trump-administration-pushes-ahead-noaa-climate-and-weather-cuts,No,No,No,No,Yes,No,No,No,No,No
1060,2025-08-25,Some National Guard units in Washington DC are now carrying firearms,https://www.nytimes.com/2025/08/24/us/politics/national-guard-weapons-guns-dc.html,No,No,No,No,No,No,No,No,No,Yes
1059,2025-08-25,President Donald Trump's administration is considering imposing sanctions on European Union or member state officials responsible for implementing the bloc's landmark Digital Services Act,https://www.reuters.com/world/us/trump-administration-weighs-sanctions-officials-implementing-eu-tech-law-sources-2025-08-25,No,No,No,No,No,No,No,No,Yes,No
1058,2025-08-25,"President Donald Trump and Health and Human Services Secretary Robert F. Kennedy Jr. (RFK) are allegedly planning to ban the COVID vaccine ""within months,"" according to an associate of Kennedy's.",https://www.newsweek.com/donald-trump-rfk-covid-vaccine-hhs-2118816,No,No,No,No,Yes,No,No,No,No,No
1057,2025-08-25,"Kilmar Abrego Garcia has been detained by ICE in Baltimore with Homeland Security secretary Kristi Noem stating that deportation to third country is being processed, escalating the rhetoric from DHS following Garcia's recent release from jail. Garcia has not been convicted of any crime.",https://www.bbc.co.uk/news/articles/c04ryk6ed5lo,Yes,No,No,No,No,No,Yes,No,No,Yes
1056,2025-08-25,"Kennedy Center's new director of Dance critisises ballet culture as ""woke"" and complained about ""radically leftist ideologies in ballet""",https://www.nytimes.com/2025/08/25/arts/dance/kennedy-center-stephen-nakagawa.html,No,No,No,No,No,Yes,No,No,No,No
1055,2025-08-25,Dept of Health and Human Sevices (HHS) terminates NIH (National Institutes of Health) program aimed at diversifying biomedical workforce,https://www.statnews.com/2025/08/25/nih-minority-biomedical-research-support-program/,No,No,No,No,No,No,Yes,No,No,No
1054,2025-08-24,Trump's redistricting push could bring decades of Republican rule to the US House. Trump is looking to break the streak of midterm House losses for the sitting president's party by pushing states starting with Texas to aggressively redistrict.,https://www.reuters.com/world/us/trumps-redistricting-push-could-bring-decades-republican-rule-us-house-2025-08-24/,Yes,Yes,No,No,No,No,No,No,No,No
1053,2025-08-24,"Trump threatens to send ""troops"" to Baltimore and withdraw money for rebuilding of Francis Kay Scott Bridge",https://www.nytimes.com/live/2025/08/24/us/trump-news-updates,Yes,No,Yes,No,No,No,No,No,No,Yes
1052,2025-08-24,"Since Trump pardoned the Jan 6 rioters, over two dozen prosecutors inolved in prosecuting the original cases have been demoted or fired by the Dept of Justice (DOJ)",https://www.nytimes.com/2025/08/24/nyregion/january-6-capitol-riot-prosecutors.html,No,No,Yes,No,No,No,No,No,No,No
1051,2025-08-24,Pentagon working on plans to deploy military to Chicago,https://www.reuters.com/world/us/pentagon-working-plans-military-deployment-chicago-washington-post-reports-2025-08-24/,No,No,Yes,No,No,No,No,No,No,Yes
1050,2025-08-23,"The Trump administration (Dept of Justice, DOJ) said it will not defend a decades-old grant program for colleges with large numbers of Hispanic students that is being challenged in court, declaring the government believes the funding is unconstitutional.",https://www.msn.com/en-gb/news/uknews/justice-department-won-t-defend-grants-for-hispanic-serving-colleges-calling-them-unconstitutional/ar-AA1L3buy,Yes,No,No,No,No,Yes,Yes,No,No,Yes
1049,2025-08-23,Texas Senate approves redistricting bill to give 5 more house Congressional seats to the Republicans,https://www.reuters.com/world/us/texas-senate-approves-redistricting-bill-sending-it-governor-sign-2025-08-22/,Yes,Yes,No,No,No,No,No,No,No,No
1048,2025-08-23,Pentagon has blocked Ukraine from striking Russia with US manufactured long range missiles (Ukraine was previously given permission by Biden administration),https://www.theguardian.com/us-news/2025/aug/23/pentagon-ukraine-russia-missiles,No,No,No,No,No,No,No,No,Yes,No
1047,2025-08-23,"Dept of Homeland Security (DHS) intend to deport Kilmar Abrego Garcia to third country Uganda after he was released from jail earlier today, despite Garcia still awaiting trial on unproven charges of human smuggling. Garcia has not been convicted of any crime.",https://www.theguardian.com/us-news/2025/aug/23/kilmer-abrego-garcia-deportation-uganda,Yes,No,No,No,No,No,Yes,No,No,Yes
1046,2025-08-23,"Defense Secretary Hegseth fires two more senior navy officials, the head of Navy Reserve and Naval Special Warfare Command",https://taskandpurpose.com/news/navy-fires-reserve-special-warfare-command/,Yes,No,No,No,No,No,No,No,No,No
1045,2025-08-22,US Dept of Health and Human Services (HHS) latest federal agency to strip its employees of their collective bargaining rights (i.e. stop recognising their labour unions),https://www.theguardian.com/us-news/2025/aug/22/trump-administration-collective-bargaining-rights,No,Yes,No,No,No,No,Yes,No,No,No
1044,2025-08-22,Trump threatens Washington DC mayor Bowser accusing her of inaccurate crime numbers and later stating “Mayor Bowser better get her act straight or she won’t be mayor for long.”,https://apnews.com/live/donald-trump-news-updates-8-22-2025#00000198-d2e9-d403-a5bc-f7f96add0000,No,No,Yes,Yes,No,No,No,No,No,No
1043,2025-08-22,Trump threatening Chicago and NYC could be the next cities to be put under federal control,https://www.politico.com/news/2025/08/22/trump-national-guard-chicago-new-york-00519849,Yes,No,Yes,No,No,No,No,No,No,Yes
1042,2025-08-22,Trump says Intel has agreed to give the US government 10% of its stake. Unprecedented deal comes after president demanded CEO Lip-Bu Tan to resign over his ties to Chinese firms,https://www.theguardian.com/technology/2025/aug/22/trump-stake-intel-chips,Yes,No,No,No,No,No,No,No,No,No
1041,2025-08-22,Trump rolls back rules meant to keep politics out of climate research,https://www.msn.com/en-us/news/politics/trump-rolls-back-rules-meant-to-keep-politics-out-of-climate-research/ar-AA1L2Wgc,No,No,No,No,Yes,No,No,No,No,No
1040,2025-08-22,"Trump revels in ""nice"" gesture from Putin [a gift of a photo of the two of them together]. Meanwhile Putin is continuing to bombard Ukraine despite recent 'peace' talks with Trump",https://www.nytimes.com/2025/08/22/us/politics/trump-putin-photo.html,No,No,No,No,No,No,No,No,Yes,No
1039,2025-08-22,"Trump falsely claims to be ""chief law enforcement officer"" over FBI raid on Trump former advisor John Bolton, but also said he told Attorney General Pam Bondi ""you have to do what you have to do. I don’t want to know about it,""",https://thehill.com/homenews/administration/5465543-donald-trump-john-bolton-fbi-raid/,Yes,No,Yes,No,No,No,No,No,No,No
1038,2025-08-22,"Trump administration's Bureau of Ocean Management (BOEM) halts off-shore wind project in Rhode Island. The Revolution Wind Project, a $1.5 billion plan, approved under former President Biden is 80 percent complete and projected to be finished by 2026, according to Ørsted. The company says it’s “fully permitted, having secured all required federal and state permits.”",https://thehill.com/policy/energy-environment/5467000-trump-halts-rhode-island-wind-energy-project/,No,No,No,No,Yes,No,No,No,No,No
1037,2025-08-22,"Trump administration cancels union contracts for hundreds of thousands of federal workers. Government workers are ‘canary in coalmine’ for Trump bid to gut union rights, leaders warn",https://www.theguardian.com/us-news/2025/aug/22/trump-federal-workers-union-rights,No,Yes,No,No,No,No,Yes,No,No,No
1036,2025-08-22,The Consumer Financial Protection Bureau (CFPB) has closed out virtually all pending regulatory issues flagged by the agency’s bank examiners as Trump-appointed leaders prepare to fire most remaining staff members.,https://news.bloomberglaw.com/banking-law/cfpb-closing-out-hundreds-of-bank-exam-red-flags-as-firings-loom,Yes,Yes,No,No,No,No,No,No,No,No
1035,2025-08-22,Kennedy Center fires dance director and two other dance programmers saying he had lost confidence in “the ability of the department as currently constituted to align with the priorities of the Kennedy Center.”,https://www.nytimes.com/2025/08/22/arts/dance/kennedy-center-dance-jane-raleigh.html,No,No,No,No,No,Yes,No,No,No,No
1034,2025-08-22,"In a further escalation, Trump threatens to fire Federal Reserve Governor Lisa Cook, after she refused to resign and the Fed have not acted to remove her as previously requested by him",https://www.reuters.com/business/finance/trump-says-hell-fire-feds-cook-if-she-doesnt-resign-over-mortgage-questions-2025-08-22/,No,No,Yes,No,No,No,No,No,No,No
1033,2025-08-22,"FBI raids house of Trump's former national security advisor turned critic, John Bolton - claiming an investigation into classified documents",https://www.theguardian.com/us-news/2025/aug/22/fbi-raids-john-bolton-house,No,No,Yes,No,No,No,No,No,No,No
1032,2025-08-22,"Dept of Homeland Security (DHS) Tells Watchdog It Hasn’t Kept Text Message Data Since April. The agency’s response to public records requests indicated potential violations of federal records laws, experts said.",https://www.nytimes.com/2025/08/22/us/politics/homeland-security-foia-text-messages.html,Yes,No,No,Yes,No,No,No,No,No,No
1031,2025-08-22,"Defense Secretary Hegseth fires head of Defense Intelligence Agency (DIA). The DIA had made a preliminary assessment of the Iran nuclear site estimating less damage than Trump had asserted, which had caused a backlash from the administration",https://www.washingtonpost.com/national-security/2025/08/22/defense-intelligence-agency-kruse-fired-hegseth/,No,No,Yes,Yes,No,No,No,No,No,No
1030,2025-08-22,Defense Secretary Hegseth authorizes National Guard troops to carry arms in Washington DC,https://www.yahoo.com/news/articles/defense-secretary-hegseth-authorizes-2k-125829204.html,Yes,No,No,No,No,No,No,No,No,No
1029,2025-08-22,"According to new FEMA rule, disaster victims require an email address to apply for federal aid, effectively reducing access for most vulnerable",https://www.theguardian.com/us-news/2025/aug/22/fema-rule-aid-disaster-victims,No,No,No,No,No,No,Yes,No,No,No
1028,2025-08-21,"White House Advisor Lindsey Halligan defending the administration's move to ""review"" Smithonian content stating an overemphasis on slavery",https://thehill.com/homenews/administration/5463220-trump-administration-defends-review-smithsonian-content/,No,No,No,Yes,No,Yes,No,No,No,No
1027,2025-08-21,"US State Secretary Rubio halts worker visas for commercial truck drivers stating ""The increasing number of foreign drivers operating large tractor-trailer trucks on U.S. roads is endangering American lives and undercutting the livelihoods of American truckers""",https://www.reuters.com/world/us/us-halts-worker-visas-commercial-truck-drivers-rubio-says-2025-08-21/,No,No,No,No,No,No,No,No,No,Yes
1026,2025-08-21,US State Department reviewing all 55mio foreigners with US visas,https://apnews.com/article/trump-visas-deportations-068ad6cd5724e7248577f17592327ca4,No,No,No,No,No,No,Yes,No,No,Yes
1025,2025-08-21,Trump officials urge Fed to remove governor after she refuses to quit. Federal Reserve governor Lisa Cook is latest figure targeted by Trump administration over claims of mortgage fraud,https://www.theguardian.com/business/2025/aug/21/trump-federal-reserve-governor-lisa-cook,No,No,Yes,No,No,No,No,No,No,No
1024,2025-08-21,"Trump calls again for release of Colorado clerk guilty of election data breach, threatening ""harsh consequences"" if she isn't released from prison",https://www.theguardian.com/us-news/2025/aug/21/trump-colorado-election-clerk-prison,Yes,No,Yes,No,No,No,No,No,No,No
1023,2025-08-21,"Trump administration rescinding federal guidance requiring schools to provide a broad range of services to students who are not proficient in English. These had been in place since 2015, and this will likely weaken support for immigrant children",https://www.nytimes.com/2025/08/21/us/politics/trump-administration-education-instructions-english-learners.html,No,No,No,No,No,Yes,Yes,No,No,Yes
1022,2025-08-21,"Trump administration cuts California grant for program designed to prevent teenage pregnancy and childhood sexually transmitted infections, saying the state refused to remove ""radical gender ideology"" from its curriculum.",https://www.reuters.com/world/us/trump-administration-cuts-california-grant-over-transgender-policies-2025-08-21/,No,No,No,No,Yes,No,Yes,No,No,No
1021,2025-08-21,"Supreme Court (SCOTUS) allows Trump administration to cut $783m in NIH funds in its push to cut federal diversity, equity and inclusion efforts",https://www.theguardian.com/us-news/2025/aug/21/supreme-court-trump-research-dei,No,No,No,No,Yes,No,Yes,No,No,No
1020,2025-08-21,"Pentagon asks civilian employees to join ""volunteer force"" to aid ICE deportations",https://www.theguardian.com/us-news/2025/aug/21/trump-hegseth-pentagon-ice,No,No,No,No,No,No,No,No,No,Yes
1019,2025-08-21,Missouri to revise congressional districts to favor Republicans - this follows pressure from Trump on Gov. Kehoe and legislative leaders,https://missouriindependent.com/2025/08/21/missouri-gop-leader-says-lawmakers-will-start-with-a-congressional-map-drawn-in-d-c/,Yes,Yes,No,No,No,No,No,No,No,No
1018,2025-08-21,"Dept of Justice (DOJ) blocks use of justice grants for legal aid to immigrants - it ordered states, local governments and non-profits not to use existing federal grant funds to provide legal services to immigrants in the country illegally or who could face deportation",https://www.reuters.com/legal/government/doj-blocks-use-justice-grants-legal-aid-migrants-us-illegally-email-shows-2025-08-21/,No,No,No,No,No,No,Yes,No,No,Yes
1017,2025-08-21,"A coal-fired plant in Michigan was to close. But Trump forced it to keep running at $1m a day. The town had big plans for the facility site, until the Trump administration ordered it to stay open, a move it extended this week",https://www.theguardian.com/environment/2025/aug/21/jh-campbell-coal-power-plant-michigan-trump-administation,Yes,No,No,No,Yes,No,No,No,No,No
1016,2025-08-20,"Tulsi Gabbard announces reorganisation of her office, including closure of National Intelligence University and shrinking the Foreign Malign Influence Center, which tracked efforts by adversarial countries to manipulate U.S. elections",https://www.nytimes.com/2025/08/20/us/politics/gabbard-odni-reorganization.html,Yes,Yes,No,No,No,No,No,No,No,No
1015,2025-08-20,At least two large law firms that struck deals with President Trump to avoid punitive executive orders have committed to doing free legal work for the Commerce Department,https://www.nytimes.com/2025/08/20/us/politics/law-firms-free-work-trump-administration.html,Yes,No,Yes,No,No,No,No,Yes,No,No
1014,2025-08-20,"Trump has bought $103 million in bonds since first day in office, include debt sold by companies, local governments and entities that could be affected by his agenda which raises ethical concerns",https://finance.yahoo.com/news/trump-bought-103-million-bonds-171923639.html,No,No,No,No,No,No,No,Yes,No,No
1013,2025-08-20,"Trump calls for Federal Reserve Governor Lisa Cook to resign, citing unconfirmed allegations of mortgage fraud. This is an escalation of the administration's attempt to remake the Central Bank",https://www.nytimes.com/2025/08/20/us/politics/trump-fed-resign-lisa-cook-governor.html,No,No,Yes,No,No,No,No,No,No,No
1012,2025-08-20,"Trump adminstration issues sanctions to four International Criminal Court (ICC) officials (two judges, two prosecutors) for ""efforts to “investigate, arrest, detain, or prosecute” Americans and Israelis without the consent of either country.""",https://thehill.com/homenews/administration/5461738-icc-judges-targeted-sanctions/,No,No,Yes,No,No,No,No,No,Yes,No
1011,2025-08-20,"The Trump administration is in talks to secure a 10% stake in Intel in exchange for converting government grants that were pledged to Intel under President Joe Biden. If the deal is completed, the U.S. government would become one of Intel’s largest shareholders and blur the traditional lines separating the public sector and private sector",https://apnews.com/article/intel-trump-chips-government-stake-lutnick-09584b8418fe3589e1c4cd03cc5f156b,Yes,No,No,No,No,No,No,No,No,No
1010,2025-08-20,Texas Republicans pass redistricting bill requested by Trump to give Republicans five more seats - this now passes to the State Senate,https://www.theguardian.com/us-news/2025/aug/20/texas-house-redistricting-bill-floor,Yes,Yes,No,No,No,No,No,No,No,No
1009,2025-08-20,"RFK Jr attacks American Academy of Pediatrics over their vaccine recommendations, accusing the group of being part of a pay-to-play scheme to promote commercial ambitions of AAP’s big pharma benefactors",https://www.politico.com/news/2025/08/19/rfk-jr-attacks-pediatricians-covid-vaccine-recommendations-00515609,No,No,No,No,Yes,No,No,No,No,No
1008,2025-08-20,"President Trump Says He’ll ‘Lead a Movement’ to Eliminate Mail-In Ballots before the next Mid-term elections, falsely asserting that they are a source of voter fraud",https://www.nytimes.com/live/2025/08/18/us/trump-news,Yes,Yes,No,No,No,No,No,No,No,No
1006,2025-08-19,US to ‘root out anti-Americanism’ in reviewing immigration applications,https://www.theguardian.com/us-news/2025/aug/19/immigration-social-media,No,No,No,No,No,No,No,No,No,Yes
1005,2025-08-19,US Dept of Agriculture (USDA) limits funding for wind and solar energy on farmland,https://thehill.com/policy/energy-environment/5459631-usda-restricts-wind-solar-farms/,No,No,No,No,Yes,No,No,No,No,No
1004,2025-08-19,US deploys warships to Venezuelan coast to combat drug threats (three Aegis missile-guided destroyers),https://www.reuters.com/world/americas/us-deploys-warships-near-venezuela-combat-drug-threats-sources-say-2025-08-18/,No,No,No,No,No,No,No,No,Yes,No
1003,2025-08-19,"U.S. attorney for Washington DC, Jeanine Pirro, told her prosecutors to file the highest possible charges against those arrested in the administration’s crackdown on city crime and to charge them federally whenever possible",https://www.nytimes.com/2025/08/19/us/politics/pirro-has-ordered-her-office-to-maximize-criminal-charges-on-street-arrests.html,Yes,No,No,No,No,No,Yes,No,No,Yes
1002,2025-08-19,"Trump revokes security clearance of 37 current and former national security officials, many worked on Russia analysis and other foreign threats, some worked under cover. Rescinding security clearances appears to be part of a campaign by Tulsi Gabbard, the director of national intelligence, to draw attention to what she sees as the 'Russia Hoax' in 2016",https://www.nytimes.com/2025/08/19/us/politics/trump-security-clearances.html,No,No,Yes,No,No,No,No,No,No,No
1001,2025-08-19,Trump attacks American museums for being 'too woke' and talking too much about slavery,https://www.nytimes.com/2025/08/19/us/politics/trump-smithsonian-slavery.html,No,No,No,Yes,No,Yes,No,No,No,No
1000,2025-08-19,Texas Democrats forced by Republicans to agree to police surveillance to prevent new districting walkout,https://abcnews.go.com/Politics/wireStory/democrats-police-escorts-prevent-new-redistricting-walkout-california-124766827,Yes,No,Yes,No,No,No,No,No,No,No
999,2025-08-19,"Speechwriter for the Dept of Homeland Security (DHS) linked to hate speech online, comparing situation of American conservatives to Jews in Nazi-Germany and that the racist great replacement conspiracy theory is real",https://www.theguardian.com/us-news/2025/aug/19/eric-lendrum-trump-dhs-speechwriter-hate-speech,No,No,No,No,No,No,No,No,No,Yes
998,2025-08-19,"Ousted Dept of Justice (DoJ) Lawyer Says Bondi Appointees Let Corporate Lobbyists 'Rule' Over Anti-trust Enforcement. Alford, who was fired over his objections to a corrupt tech merger last month, said MAGA lobbyists and DOJ officials are ""determined to exert and expand their influence and enrich themselves.""",https://www.commondreams.org/news/bondi-lobbyists-antitrust,Yes,No,Yes,No,No,No,No,Yes,No,No
997,2025-08-19,"Mississippi, Louisiana and Tennessee sending National Guard troops to Washington DC, joining other Republican states",https://www.nytimes.com/2025/08/19/us/politics/tennessee-becomes-latest-republican-led-state-to-send-national-guard-to-dc.html,Yes,No,No,No,No,No,No,No,No,Yes
996,2025-08-19,"Dept of Homeland Security (DHS) to open new detention centre in Nebraska, calling it ""Cornhusker Clink""",https://www.bbc.co.uk/news/articles/cz93vznxd07o,No,No,No,No,No,No,Yes,No,No,Yes
995,2025-08-18,White House sending social media filming teams with FBI to some arrests in Washington DC raising conerns about ethical standards and law inforcement integrity,https://www.reuters.com/legal/government/white-house-sending-social-media-teams-with-fbi-some-arrests-dc-sources-say-2025-08-18/,No,No,No,Yes,No,No,Yes,No,No,Yes
994,2025-08-18,"US State Department revokes 6,000 student visas",https://www.bbc.co.uk/news/articles/cz93vznxd07o,No,No,No,No,No,Yes,No,No,No,Yes
993,2025-08-18,Trump Claims That MSNBC Host Nicolle Wallace ‘Will Be Fired Soon’,https://www.yahoo.com/news/articles/trump-claims-msnbc-host-nicolle-112951700.html,No,No,Yes,No,No,No,No,No,No,No
992,2025-08-18,Trump claiming mail in voting was a source of fraud (there is no evidence for this) and vowing to sign an executive order to eliminate mail-in ballots and voting machines,https://www.nytimes.com/2025/08/18/us/politics/trump-mail-ballots-voting-machines-election.html,Yes,No,No,Yes,No,No,No,No,No,No
991,2025-08-18,"Oklahoma to vet prospective teachers from New York And California with ""America First"" test. Teachers from California and New York to be grilled on such topics as ‘biological differences between males and females’",https://www.theguardian.com/us-news/2025/aug/18/oklahoma-teachers-america-first-test,No,No,No,Yes,No,Yes,No,No,No,No
990,2025-08-18,"Dept of Housing and Urban Development to no longer offer material in languages other than English, making it difficult for non English-speakers to access services",https://www.nytimes.com/2025/08/18/us/politics/housing-agency-english-material-trump.html,No,No,No,No,No,No,Yes,No,No,Yes
989,2025-08-17,"South Carolina, Ohio and West Virginia send National Guard troops to Washington DC, in support of Trump",https://www.theguardian.com/us-news/2025/aug/16/west-virginia-national-guard-troops-dc-trump,No,No,No,No,No,No,No,No,No,Yes
988,2025-08-17,"National Guard say members patrolling Washington DC ""may be armed"" , when previously the Army had stated that National Guard members would not be carrying weapons ",https://www.npr.org/2025/08/17/g-s1-83196/national-guard-armed-washington-dc,No,No,Yes,No,No,No,No,No,No,Yes
987,2025-08-17,"Federal immigration agents from US Customs and Border Protection (CBP) smash car window and shoot at car during a targeted immigration enforcement operation in San Bernadino, CA",https://www.cbsnews.com/losangeles/news/san-bernardino-family-car-shot-ice-federal-agents/,No,No,No,No,No,No,Yes,No,No,Yes
986,2025-08-16,"The US State Department said it was halting all visitor visas for individuals from Gaza, including children on medical visas, while it conducts ""a full and thorough"" review",https://www.theguardian.com/us-news/2025/aug/16/gaza-children-visas-medical-care-laura-loomer,No,No,No,No,No,No,No,No,Yes,Yes
985,2025-08-16,"A new wave of book bans has hit Florida school districts, with hundreds of titles being pulled from library and classroom shelves as the school year kicks off. The books taken off the school shelves included The Diary of Anne Frank and What Girls Are Made of.",https://www.theguardian.com/us-news/2025/aug/16/florida-new-book-bans,No,No,No,Yes,No,Yes,No,No,No,No
984,2025-08-15,"White House has created a ""loyalty"" rating for companies - this is a scorecard that rates over 500 companies on how hard they've worked to promote and support Trumo's ""big beautiful bill""",https://www.axios.com/2025/08/15/white-house-rating-big-beautiful-bill,No,No,No,No,No,No,No,Yes,No,No
983,2025-08-15,U.S. President Donald Trump's administration is eyeing Chips Act funds for Intel in exchange for a stake in the chipmaker,https://www.reuters.com/technology/trump-administration-eyeing-chips-act-funds-intel-stake-bloomberg-news-reports-2025-08-15,No,No,No,No,No,No,No,Yes,No,No
982,2025-08-15,"President Donald Trump’s administration is discussing a refugee admissions cap of around 40,000 for the coming year with a majority allocated to white South Africans",https://www.reuters.com/world/africa/trump-administration-weighing-refugee-cap-40000-with-focus-white-south-africans-2025-08-15,No,No,No,No,No,No,No,No,No,Yes
981,2025-08-15,"New proposal from the Dep of Education (DOE) to exclude some workers from student loan forgiveness program ,if employers are found to engage in ""illegal activities"" - this takes aim at nonprofits or government bodies that work with immigrants and transgender youth,",https://apnews.com/article/student-loan-forgiveness-public-service-changes-trump-69243c5b83f3fe42c56744004a1a27fe,No,No,No,No,No,No,Yes,No,No,No
980,2025-08-15,Internal Revenue Service (IRS) issues new rules that restrict wind and solar projects to claim federal tax breaks,https://www.nytimes.com/2025/08/15/climate/irs-wind-solar-tax-credits.html,No,No,No,No,Yes,No,No,No,No,No
979,2025-08-15,"ICE documents reveal plan to double immigrant detention space to more than 107,000 beds (incl in mega-facilities, tents and detention centres)",https://www.washingtonpost.com/immigration/2025/08/15/ice-documents-reveal-plan-double-immigrant-detention-space-this-year/,No,No,No,No,No,No,No,No,No,Yes
978,2025-08-15,"Although White House agrees to scale back control in DC and allow law enforcment chief Pam Smith to remain in control, the new directive allows Terry Cole to direct the DC Mayor “to provide such services of the Metropolitan Police Department as the attorney general deems necessary and appropriate”. This includes assisting federal immigration enforcement, contrary to DC “sanctuary city” policies",https://www.theguardian.com/us-news/2025/aug/15/trump-dc-police-chief-dea,No,No,No,No,No,No,No,No,No,Yes
977,2025-08-14,"US Secretary of State Marco Rubio restricting or revoking visas from some African, Brazilian and Caribbean officals, stating ties to Cuban program that sends medical workers abroad",https://www.reuters.com/world/americas/us-impose-visa-restrictions-officials-alleging-ties-cuban-labor-program-2025-08-13/,No,No,No,No,No,No,No,No,Yes,No
976,2025-08-14,"The Department of Health and Human Services (HHS) said it is reviving a long-defunct task force on the safety of childhood vaccines, responding to a demand from the anti-vaccine organization founded by HHS Secretary Robert F. Kennedy (RFK) Jr",https://thehill.com/policy/healthcare/5453022-hhs-revives-childhood-vaccine-task-force/,No,No,No,No,Yes,No,No,No,No,No
975,2025-08-14,Masked and armed federal agents conduct immigration raid outside California redistricting press conference,https://www.democracydocket.com/news-alerts/federal-agents-immigration-raid-california-redistricting-press-conference/,Yes,No,Yes,No,No,No,No,No,No,Yes
974,2025-08-14,"In a departure from recent practice, Washington DC police to increase cooperation with ICE as part of Trump's crackdown - Metropolitan Police Department Chief Pamela Smith issued an executive order allowing officers making traffic stops to notify ICE",https://www.nbcnews.com/politics/politics-news/dc-police-increase-cooperation-ice-part-trumps-crackdown-rcna224990,No,No,No,No,No,No,Yes,No,No,Yes
973,2025-08-14,"Florida to use a decomissioned prison as second detention centre - Baker Correctional Institution will hold up to 1300 detainees. It will be called ""Deportation Depot"" [Nationalism]",https://www.politico.com/news/2025/08/14/florida-to-use-shuttered-prison-as-2nd-immigration-detention-center-after-alligator-alcatraz-00509108,No,No,No,No,No,No,No,No,No,Yes
972,2025-08-14,"Director of National Intelligence Tulsi Gabbard is going after her predecessor, continuing the attacks on the Obama administration to undermine President Trump with for its investigation of Russia’s 2016 election interference.",https://thehill.com/homenews/administration/5452288-obama-trump-russia-investigation/,No,No,Yes,No,No,No,No,No,No,No
971,2025-08-14,Attorney General Pam Bondi sends 32 letters to sanctuary cities threatening prosecution of leaders who do not comply with immigration officers,https://www.theguardian.com/us-news/2025/aug/14/pam-bondi-sanctuary-cities-letter-immigration,No,No,Yes,No,No,No,Yes,No,No,Yes
970,2025-08-14,"Attorney General Pam Bondi rescinds policies that restrict Washington DC. local police from aiding in immigration enforcement and declares Terry Cole, Head of the DEA (Drug Enforcement Administration) as new 'emergency police commisioner"". Cole has ""all the power and duties of the current police chief and she and her entire department have to seek Cole's approval before issuing any directives.",https://www.nytimes.com/2025/08/14/us/politics/dc-police-federal-immigration-enforcement.html,Yes,No,No,No,No,No,No,No,No,No
969,2025-08-14,"Acting NASA administratorSean Duffy says climate science will ""move aside"" and all focus at NASA will be on space exploration",https://thehill.com/policy/energy-environment/5453230-duffy-nasa-climate-science/,No,No,No,No,Yes,No,No,No,No,No
968,2025-08-13,"US State department report criticises UK, France and Germany of failling to uphold human rights, however it spares allies like Israel and El Salvador",https://www.theguardian.com/us-news/2025/aug/12/state-department-trump-human-rights-report,No,No,No,No,No,No,No,No,Yes,No
967,2025-08-13,Trump says he’ll seek ‘long-term’ control of DC police and signals he’ll target other cities next,https://www.theguardian.com/us-news/2025/aug/13/mayor-dc-trump-national-guard,Yes,No,Yes,No,No,No,No,No,No,No
966,2025-08-13,Trump casts himself for Kennedy Center Honors - handpicking honorees and excluding those who are 'too woke',https://www.theguardian.com/us-news/2025/aug/13/donald-trump-kennedy-center-honors,No,No,No,No,No,Yes,No,No,No,No
965,2025-08-13,"Treasury Sectretary Scott Bessent has yet to fully divest assets, posing possible conflicts of interest",https://www.nytimes.com/2025/08/13/us/politics/scott-bessent-conflicts-of-interest.html,No,No,No,No,No,No,No,Yes,No,No
964,2025-08-13,New Zealand woman (with valid US visa) and six-year-old son detained for three weeks by Ice in US enduring ‘terrifying’ ordeal,https://www.theguardian.com/world/2025/aug/13/new-zealand-woman-six-year-old-son-ice-detention-us-ntwnfb,No,No,No,No,No,No,Yes,No,No,Yes
963,2025-08-13,"NASA is planning to decommission premier (and fully functioning) satellite missions that gather information on planet-warming pollution and other climate vital signs as soon as October, marking the latest step by the Trump administration to scale back federal climate science.",https://edition.cnn.com/2025/08/13/climate/nasa-satellites-trump-budget-cuts-weather,No,No,No,No,Yes,No,No,No,No,No
962,2025-08-13,Federal Trade Commission (FTC) invalidates California emissions reduction agreement with truck manufacturers,https://thehill.com/policy/energy-environment/5450798-california-truck-emissions-ftc/,Yes,No,No,No,Yes,No,No,No,No,No
961,2025-08-13,Dept of Health and Human Services (HHS) orders Vaxart's mRNA COVID-19 vaccine trials to stop mid-trial as part of mRNA vaccine wind down,https://www.reuters.com/business/healthcare-pharmaceuticals/us-orders-vaxart-stop-covid-19-trial-amid-mrna-wind-down-2025-08-13/,No,No,No,No,Yes,No,No,No,No,No
960,2025-08-13,"20 officers came to arrest Dept of Justice (DoJ) employee charged with throwing sandwich at a police officer in DC, and then charged with felony assault (unusually harsh). Attorney General Pam Bondi called him an example of the 'Deep State'",https://edition.cnn.com/2025/08/13/politics/man-sandwich-dc-felony-charged,No,No,Yes,No,No,No,Yes,No,No,No
959,2025-08-13,US Dept of Agriculture (USDA) moves to end union contracts for 6500 Food Safety Inspection Services (FSIS) and 150 Animal and Plant Health Inspection Services (APHIS),https://www.reuters.com/legal/litigation/usda-moves-end-employee-union-contracts-documents-show-2025-08-13/,No,Yes,No,No,Yes,No,Yes,No,No,No
958,2025-08-12,"White House announces comprehensive review of Smithsonian Museum exhibitions “to assess tone, historical framing and alignment with American ideals"", and “replacing divisive or ideologically driven language with unifying, historically accurate and constructive descriptions.”",https://www.nytimes.com/2025/08/12/arts/design/smithsonian-exhibitions-review-white-house-trump.html,No,No,No,Yes,No,Yes,No,No,No,No
957,2025-08-12,US to retaliate against International Maritime Organization (IMO) member countries that back IMO's net zero emissions plan for international shipping,https://www.reuters.com/sustainability/climate-energy/us-retaliate-against-imo-members-that-back-net-zero-emissions-plan-2025-08-12/,No,No,No,No,Yes,No,No,No,Yes,No
956,2025-08-12,Trump’s pick for Bureau of Labor Statistics (BLS) commissioner suggests suspending the monthly jobs report [controlling information],https://edition.cnn.com/2025/08/12/economy/antoni-bls-mulls-suspending-jobs-report,No,No,No,Yes,No,No,No,No,No,No
955,2025-08-12,"Trump threatens Federal Reserve chair Jerome Powell with ""major law suit"" about renovations at the Fed building, if he doesn't drop interest rates",https://www.cnbc.com/2025/08/12/trump-fed-powell-lawsuit-washington-building.html,No,No,Yes,No,No,No,No,No,No,No
954,2025-08-12,Trump tells Goldman Sachs CEO to hire a new economist after bank says consumers will pay bulk of tariff costs,https://edition.cnn.com/2025/08/12/economy/trump-goldman-sachs,No,No,Yes,Yes,No,No,No,No,No,No
953,2025-08-12,"Trump administration says homeless people in D.C. will be removed but have ""places to stay"" - the options are jail or already-full shelters",https://www.nbcnews.com/politics/donald-trump/trump-dc-homeless-people-places-stay-jail-shelters-rcna224527,No,No,No,No,No,No,Yes,No,No,No
952,2025-08-12,Pentagon considers a “Domestic Civil Disturbance Quick Reaction Force” that could be deployed amid civic unrest,https://www.theguardian.com/us-news/2025/aug/12/trump-national-guard-pentagon,Yes,No,No,No,No,No,Yes,No,No,Yes
951,2025-08-12,"Newly appointed deputy chief of staff at the Dept of Labor has a known history of racist,sexist and conspiratorial posts on social media (incl. false claims about Jan 6 and sexually graphic posts about Kamala Harris)",https://www.theguardian.com/us-news/2025/aug/12/trump-labor-department-official-racist-posts,Yes,No,No,Yes,No,No,No,No,No,No
950,2025-08-12,Kennedy (RFK) Jr. contradicts law enforcement on CDC shooter motive claiming not enough was known about the motive (this is untrue),https://edition.cnn.com/2025/08/12/politics/video/rfk-jr-cdc-shooter-motive-digvid,No,No,No,Yes,Yes,No,No,No,No,No
949,2025-08-12,Federal Emergency Management Agency (FEMA) and US Citizenship and Immigration Services (USCIS) terminate collective bargaining. This is in response to an executive order Trump signed in March that nixed collective bargaining rights for federal workers in the name of national security.,https://federalnewsnetwork.com/unions/2025/08/fema-uscis-become-latest-agencies-to-end-collective-bargaining/,No,Yes,No,No,No,No,Yes,No,No,No
948,2025-08-12,"Department of Justice (DOJ) says that George Washington University (GWU) violated federal civil rights laws by failing to take ""meaningful action"" against anti-semitism",https://www.theguardian.com/us-news/2025/aug/12/trump-administration-george-washington-university-civil-rights-law,No,No,No,No,No,Yes,No,No,No,No
947,2025-08-12,Department of Homeland Security (DHS) uses white supremacist text for ICE recrutiment drive on social media,https://x.com/DHSgov/status/1955011982488228231,No,No,No,No,No,No,No,No,No,Yes
946,2025-08-11,"Trump selects right wing Heritage Foundation's Antoni to head Bureau of Labor Statistics. Antoni has never worked for a government statistical agency, either at federal level or state.",https://www.reuters.com/world/us/trump-selects-heritage-foundations-antoni-head-bureau-labor-statistics-2025-08-11,No,No,No,Yes,No,No,No,No,No,No
945,2025-08-11,"Trump places the Washington DC Metropolitan police department under direct federal control and will deploy the National Guard as part of 'crime crackdown 'drive, despite despite sharp drop in violence over last year [nationalism; undermining rule of law]",https://www.reuters.com/world/us/trump-seizes-control-washington-dc-police-deploys-national-guard-2025-08-11/,No,No,Yes,No,No,No,No,No,No,Yes
944,2025-08-11,Trump administration plans to reassign 120 FBI agents to night duty patrols around Washington DC [nationalism; undermining rule of law],https://www.nytimes.com/2025/08/10/us/politics/trump-fbi-patrol-washington.html,No,No,Yes,No,No,No,No,No,No,Yes
943,2025-08-11,"Nvidia and AMD have agreed to give the US government 15% of their revenues from chip sales in China, to obtain export licenses for the semiconductors. No US company has ever agreed to pay a portion of their revenues to obtain export licences",https://www.theguardian.com/technology/2025/aug/10/nvidia-amd-china-chip-sale-revenues,No,No,No,No,No,No,No,Yes,No,No
942,2025-08-11,"National Institute of Health (NIH) Director, Bhattacharya , spreads vaccine Misinformation about Covid mRNA vaccines One Day After CDC Shooting [controlling information; attacking science/health]",https://www.importantcontext.news/p/nih-director-spreads-vaccine-misinformation,No,No,No,Yes,Yes,No,No,No,No,No
941,2025-08-10,Trump Launches Attack on senior Democrat politician Nancy Pelosi calling her a 'Disgusting Degenerate' and accusing her of insider trading,https://www.newsweek.com/trump-launches-attack-nancy-pelosi-disgusting-degenerate-2111343,No,No,Yes,No,No,No,No,No,No,No
940,2025-08-09,Trump shows White house Trump merchandise section to Azerbaijan leader and discusses running for a third term in 2028,https://x.com/MeidasTouch/status/1954242967163830276,Yes,No,No,No,No,No,No,Yes,No,No
939,2025-08-09,Internal Revenue Service (IRS) commissioner Billy Long removed after clash over clash on undocumented immigrant data - the agency said it could not release information on taxpayers suspected of being in the US illegally,https://www.theguardian.com/us-news/2025/aug/09/billy-long-irs-removal-immigrant-data-trump,No,No,Yes,No,No,No,No,No,No,No
938,2025-08-08,"US Secretary of Defense, Pete Hegseth, shares clip saying women shouldn't have right to vote and be exxcluded from many leadership positions.",https://www.theguardian.com/us-news/2025/aug/09/pete-hegseth-video-pastors-women-voting,Yes,No,No,No,No,No,Yes,No,No,No
937,2025-08-08,"Trump touts peace deal between Armenia and Azerbijan which includes granting the US exclusive development access to a critical transit corridor in the South Caucasus, which will be named after Trump",https://www.cnn.com/2025/08/08/politics/strategic-armenia-azerbaijan-corridor-named-after-trump,No,No,No,No,No,No,No,No,Yes,No
936,2025-08-08,"Trump signs executive order to tighten federal grant approvals, with grant award decisions to now undergo evaluation by Trump's political appointees",https://www.reuters.com/legal/government/trump-signs-executive-order-targeting-spending-grants-2025-08-08/,No,No,No,No,Yes,Yes,No,No,No,No
935,2025-08-08,Trump directs military to target foreign drug cartels by ordering the Pentagon to use the armed forces to carry out what in the past was considered law enforcement.,https://www.nytimes.com/2025/08/08/us/trump-military-drug-cartels.html,No,No,No,No,No,No,No,No,Yes,No
934,2025-08-08,Trump asks Supreme Court to lift restrictions on LA immigration stops (A lower court had ordered agents not to make indiscriminate stops relying on factors like race or speaking Spanish.),https://www.nytimes.com/2025/08/07/us/politics/trump-supreme-court-los-angeles-immigrants.html,No,No,No,No,No,No,Yes,No,No,Yes
933,2025-08-08,"Trump administration threatens to take Harvard's patents in new escalation - ""Commerce Secretary Howard Lutnick is launching an ""immediate comprehensive review"" of whether Harvard has complied with federal laws around patents""",https://www.cbsnews.com/news/trump-administration-threatens-to-take-harvards-patents/,No,No,No,No,No,Yes,No,No,No,No
932,2025-08-08,Trump administration seeking $1 billion settlement from UCLA,https://us.cnn.com/2025/08/08/politics/ucla-trump-administration-settlement,No,No,No,No,No,Yes,No,No,No,No
931,2025-08-08,"The US ambassador to Israel, Mike Huckabee, has launched an attack on Keir Starmer by invoking the allied second world war bombing of Dresden after the British prime minister criticised the Israeli security cabinet’s decision to expand the war in Gaza",https://www.theguardian.com/us-news/2025/aug/08/huckabee-starmer-gaza-dresden,No,No,No,No,No,No,No,No,Yes,No
930,2025-08-08,The Smithsonian National Museum of American History changes descriptions of Trump's role on Jan 6. it removed some details of the charges President Trump faced when it replaced a display about his two impeachments.,https://www.nytimes.com/2025/08/08/arts/design/smithsonian-trump-impeachment-jan-6.html,No,No,No,Yes,No,Yes,No,No,No,No
929,2025-08-08,"Justice Dept. (DoJ) abruptly escalates pressure campaign on a Trump Adversary. Letitia James, New York’s attorney general and a longtime nemesis of the president, is being investigated in two separate inquiries, in a remarkable use of executive power to pursue a foe",https://www.nytimes.com/2025/08/08/nyregion/letitia-james-subpoena-trump-doj.html,No,No,Yes,No,No,No,No,No,No,No
928,2025-08-08,Internal Revenue Service (IRS) begins sharing sensitive tax payer data with immigration authorities to find undocumented migrants,https://edition.cnn.com/2025/08/08/politics/irs-dhs-share-taxpayer-data-undocumented-immigrants,No,No,No,No,No,No,Yes,No,No,Yes
927,2025-08-08,EPA (Environemntal Protection Agency) cancels federal union contracts in push to end collective bargaining,https://www.nytimes.com/2025/08/08/us/politics/trump-epa-union-contracts.html,No,Yes,No,No,No,No,Yes,No,No,No
926,2025-08-08,Environmental Protection Agency (EPA) database helping companies calculate greenhouse emissions at risk of no longer being updated after its creator was suspended for criticising the Trump administration,https://www.nytimes.com/2025/08/08/climate/epa-database-useeio-greenhouse-gases.html,No,No,Yes,Yes,Yes,No,No,No,No,No
925,2025-08-08,"Dept of Justice (DoJ) investigating Senator Adam Schiff (Dem, CA) in addition to already investigating NYC Attorney General Letitia James",https://www.nbcnews.com/politics/justice-department/doj-opens-investigation-new-york-ags-office-brought-fraud-case-trump-rcna223731,No,No,Yes,No,No,No,No,No,No,No
924,2025-08-08,Department of Homeland Security (DHS) delaying millions in pre-approved North Carolina recovery funds,https://www.washingtonpost.com/climate-environment/2025/08/08/dhs-fema-north-carolina-helene-recovery-funds/,Yes,No,No,No,No,No,No,No,No,No
923,2025-08-08,"Democratic lawmakers maintained their walkout to thwart a Republican gerrymander, prompting Texas Attorney General, Ken Paxton, to ask the state’s supreme court to remove 13 of them from their seats",https://www.nytimes.com/2025/08/08/us/politics/texas-redistricting-democrats.html,Yes,No,Yes,No,No,No,No,No,No,No
922,2025-08-07,"US to rewrite its past national climate reports, furthering its efforts to undermine the scientific consensus on human-caused global warming.",https://www.france24.com/en/live-news/20250807-us-to-rewrite-its-past-national-climate-reports,No,No,No,Yes,Yes,No,No,No,No,No
921,2025-08-07,"US to ease its human rights criticism of El Salvador, Israel and Russia in upcoming report",https://www.reuters.com/world/americas/us-ease-human-rights-criticism-el-salvador-israel-russia-washington-post-says-2025-08-07/,No,No,No,No,No,No,No,No,Yes,No
920,2025-08-07,"US government plans to incinerate $9.7 mio in already purchased birth control pills and conttraceptives after USAID shut down, despite other orgnaisations offering to distribute them at no cost to the US",https://www.nytimes.com/2025/08/07/world/europe/usaid-contraceptives-trump.html,No,No,No,No,Yes,No,No,No,Yes,No
919,2025-08-07,"US Air Force refusing to allow early retirement to transgender service members, instead forcing them out of the military with no benefits",https://www.theguardian.com/us-news/2025/aug/07/air-force-transgender-retirement-military,No,No,No,No,No,No,Yes,No,No,No
918,2025-08-07,UCLA says the Trump administration froze $584mio of its federal funding,https://www.reuters.com/legal/government/ucla-says-trump-administration-froze-584-million-its-federal-funding-2025-08-06/,No,No,No,No,Yes,No,No,No,No,No
917,2025-08-07,"Trump to sign EO requiring all universities to disclose admissions data on race to prove that they are not engaged in ""affirmative action""",https://www.reuters.com/legal/government/trump-sign-order-requiring-universities-disclose-admissions-data-race-2025-08-07/,No,No,No,No,No,Yes,No,No,No,No
916,2025-08-07,"Trump presents and promotes his own version of employment statistics, collated by an economist from the conservative ""Heritage Fund"" at impromptu press conference, after firing head of Bureau of Labor Statistics",https://www.nytimes.com/2025/08/07/us/politics/trump-new-economic-numbers.html,No,No,Yes,Yes,No,No,No,No,No,No
915,2025-08-07,"Trump orders deployment of increased law enforcement in Washington DC. The deployment follows President Trump’s effort to portray the nation’s capital as rife with violent crime, despite data showing crime rates dropping significantly",https://www.nytimes.com/2025/08/07/us/politics/trump-washington-dc-federal-police.html,No,No,Yes,Yes,No,No,No,No,No,No
914,2025-08-07,Trump demanding new census excluding undocumented immigrants - this is highly unususal and likely unconstitutional (and was previously disallowed by the supreme court),https://www.nytimes.com/2025/08/07/us/politics/trump-census-undocumented-immigrants.html,Yes,No,No,No,No,No,Yes,No,No,Yes
913,2025-08-07,"Trump calls for ""Intel"" chief to resign, accusing him of links to the Chinese Communist Party. This comes one day after setting 100% tariffs on chips (with many exemptions)",https://www.theguardian.com/us-news/2025/aug/07/trump-lip-bu-tan-intel-tariffs,No,No,Yes,No,No,No,No,No,No,No
912,2025-08-07,Trump administration ousts senior FBI official Brian Driscoll who had refused to name agents investigating Jan 6,https://www.theguardian.com/us-news/2025/aug/07/trump-fbi-brian-driscoll-january-6,No,No,Yes,No,No,No,No,No,No,No
911,2025-08-07,"Three key figures at FBI fired, likely in response to their role in investigating Jan 6 insurrection",https://www.politico.com/news/2025/08/07/fbi-firings-trump-00499193,No,No,Yes,No,No,No,No,No,No,No
910,2025-08-07,State Secretary Marco Rubio orders US diplomats to launch a lobbying blitz against EU tech law (Digital Services Act) claiming it stifles free speech,https://www.reuters.com/sustainability/society-equity/rubio-orders-us-diplomats-launch-lobbying-blitz-against-europes-tech-law-2025-08-07/,No,No,No,No,No,No,No,No,Yes,No
909,2025-08-07,JD Vance to travel to Indiana in an effort to redraw districts in Republicans' favour before the mid-terms,https://www.theguardian.com/us-news/2025/aug/07/jd-vance-indiana-redistricting-midterms,Yes,Yes,No,No,No,No,No,No,No,No
908,2025-08-07,"Fort Bliss, a Southern Border Army base near El Paso, TX, to take 1000 ICE detainees, as White House moves to use military bases for immigration crackdown",https://www.theguardian.com/us-news/2025/aug/07/fort-bliss-ice-immigration-trump,No,No,No,No,No,No,No,No,No,Yes
907,2025-08-07,"Energy Sectretary suggests that the administration are updating previously published National Climate Assessments, saying previus reports ""weren’t fair in broad-based assessments of climate change.”",https://edition.cnn.com/2025/08/07/climate/wright-national-climate-assessments-updating,No,No,No,No,Yes,No,No,No,No,No
906,2025-08-06,US Dept of Justice (DOJ) seeking sanctions against lawyer Joshua Schroeder who sought to block his clients' deportation,https://www.politico.com/news/2025/08/06/justice-department-sanctions-immigration-lawyer-00496886,Yes,No,Yes,No,No,No,No,No,No,No
905,2025-08-06,Trump says he will raise tariffs for India by a further 25% to 50% as punishment for India buying Russian oil,https://www.nytimes.com/live/2025/08/06/us/trump-news#trump-india-tariffs-russia-oil,No,No,No,No,No,No,No,No,Yes,No
904,2025-08-06,"The US State Department has voiced rare support for El Salvador’s decision to abolish presidential term limits, paving the way for President Nayib Bukele to seek indefinite reelection.",https://edition.cnn.com/2025/08/06/world/el-salvador-eliminating-presidential-term-limits-intl-latam,Yes,No,No,No,No,No,No,No,Yes,No
903,2025-08-06,"RFK Jr's. (Kennedy) Health department to halt $500m in mRNA vaccine research, questioning its safety.",https://apnews.com/article/kennedy-vaccines-mrna-pfizer-moderna-1fb5b9436f2957075064c18a6cbbe3c9,No,No,No,No,Yes,No,No,No,No,No
902,2025-08-06,"Report from Senator Jon Ossoff (Dem) finds 510 credible reports of human rights abuse at ICE facilities since Jan 2025, including physical and sexual assault and mistreatment of pregnant women",https://www.theguardian.com/us-news/2025/aug/06/physical-sexual-abuse-pregnant-women-children-immigration-centers,No,No,No,No,No,No,Yes,No,No,Yes
901,2025-08-06,Florida planning second immigrant detention centre,https://apnews.com/article/florida-immigration-detention-center-alligator-alcatraz-contracts-af607a50f1e78ad85f6292cbef0adc92,No,No,No,No,No,No,No,No,No,Yes
900,2025-08-06,FEMA employees who were on paid leave (while fighting attempts to them fire them in the courts) asked to report to ICE in reassigned roles or lose their jobs,https://prospect.org/labor/2025-08-06-fema-employees-reassigned-to-ice/,No,Yes,No,No,No,No,No,No,No,Yes
899,2025-08-06,"Federal agents use unmarked rental truck as ""trojan Horse"" to carry out ICE raid at Home Depot in LA",https://www.latimes.com/california/story/2025-08-06/more-raids-home-depot-in-macarthur-park-raided,Yes,No,No,No,No,No,Yes,No,No,Yes
898,2025-08-06,Dept of Veterans' Affairs (VA) terminating collective bargaining agreements with several key government unions representing its employees. This is in response to an executive order Trump signed in March that nixed collective bargaining rights for federal workers in the name of national security.,https://edition.cnn.com/2025/08/06/politics/va-terminates-key-union-contracts,No,Yes,No,No,No,No,Yes,No,No,No
897,2025-08-06,Apple gifted a 24K gold and glass statue to Trump (likely in response to being threatened with tariffs if not brining production to US),https://www.theverge.com/news/737757/apple-president-donald-trump-ceo-tim-cook-glass-corning,No,No,No,No,No,No,No,Yes,No,No
896,2025-08-05,"Trump says Texas Republicans are ""entitled"" to five more congressional seats",https://www.theguardian.com/us-news/2025/aug/05/texas-republicans-redistricting-maps-trump,Yes,Yes,No,No,No,No,No,No,No,No
895,2025-08-05,Trump names himself chair of the LA Olympics task force in a new EO and does not rule out military involvement,https://www.latimes.com/politics/story/2025-08-05/trump-l-a-2028-olympics-task-force-billion-dollar-security-effort,No,No,No,No,No,No,No,No,No,Yes
894,2025-08-05,Trump calls for Washington DC to change the law for teens to be prosecuted as adults and threatens (again) to federalise the city,https://thehill.com/homenews/administration/5437405-trump-washington-dc-youth-crimes-federal-control/,Yes,No,Yes,No,No,No,No,No,No,No
893,2025-08-05,Texas Senator Coryn asks FBI to help bring back Democrats who left the state [further escalation],https://www.nytimes.com/2025/08/05/us/politics/california-texas-redistricting-maps.html,Yes,No,Yes,No,No,No,No,No,No,No
892,2025-08-05,"State Department denounces Brazilian court descision to put former president Bolsonaro under house arrest, stepping up its efforts to help Bolsanaro avoid jail",https://www.theguardian.com/world/2025/aug/05/bolsonaro-us-support-coup-plot-trial-house-arrest,No,No,Yes,No,No,No,No,No,Yes,No
891,2025-08-05,"Federal Emergency Management agency (FEMA) cuts NYC anti-terrorism funds by $64m, a cut of 41% year-on-year, despite recent incidents.",https://www.theguardian.com/us-news/2025/aug/05/new-york-city-anti-terrorism-funding-trump-cuts,No,No,Yes,No,No,No,No,No,No,No
890,2025-08-05,EPA moves to cancel $7billion in grants for solar energy (intended to help low and moderate income families install solar panels),https://www.nytimes.com/2025/08/05/climate/epa-cancels-solar-energy-grants.html,No,No,No,No,Yes,No,No,No,No,No
889,2025-08-04,"White House preparing executive order (EO) to fine banks that drop clients for political reasons, particularly conservative and crypto companies clients",https://www.reuters.com/business/finance/white-house-readies-order-fine-banks-dropping-clients-over-politics-wsj-reports-2025-08-05/,No,No,Yes,No,No,No,No,No,No,No
888,2025-08-04,Voice of America director fired by Trump administration USAGM agency after declining demotion and reassignment - authority USAGM does not have. Firing decisions are for the independent board.,https://ca.news.yahoo.com/voice-america-director-fired-refusing-025633609.html,Yes,No,Yes,No,No,No,No,No,No,No
887,2025-08-04,"US program could require up to $15,000 bonds for some tourist visas including for some people from countries where vetting is deemed insufficient",https://www.reuters.com/world/us/us-could-require-up-15000-bonds-some-tourist-visas-under-pilot-program-2025-08-04/,No,No,No,No,No,No,No,No,Yes,No
886,2025-08-04,US Citizenship and Immigration Service (USCIS) restricting sports visas for transgender athletes,https://www.reuters.com/legal/government/us-government-restricts-sports-visas-transgender-women-2025-08-04/,No,No,No,No,No,No,Yes,No,No,No
885,2025-08-04,"Trump attacks Jaguar and Taylor Swift, while supporting American Eagle advertisement.",https://www.politico.com/news/2025/08/04/trump-sydney-sweeney-discourse-00491685,No,No,Yes,No,No,No,No,No,No,Yes
884,2025-08-04,"The Trump administration has asked NASA employees to draw up plans to end at least two major satellite missions designed and built specifically to monitor planet-warming greenhouse gases. The data they collect is widely used, including by scientists and farmers",https://www.npr.org/2025/08/04/nx-s1-5453731/nasa-carbon-dioxide-satellite-mission-threatened,No,No,No,No,Yes,No,No,No,No,No
883,2025-08-04,Texas Governor Greg Abbott orders arrests of Democrats who fled the state over redistricting efforts by Republicans [escalation from previous threat],https://thehill.com/homenews/campaign/5435617-texas-democrats-flee-state/,Yes,No,Yes,No,No,No,No,No,No,No
882,2025-08-04,"Texas Governor Greg Abbott (R) threatens to prosecute Texas Democrats who left the State to avoid holding a vote on Republican gerrymandering, while Illinois Governor (D) says he will protect them",https://thehill.com/homenews/state-watch/5434746-texas-democrats-flee-redistricting/,Yes,No,Yes,No,No,No,No,No,No,No
881,2025-08-04,FEMA to deny emergency funds to cities and states that boycott Israeli companies,https://www.reuters.com/world/us/us-links-19-billion-state-disaster-funds-israel-boycott-stance-2025-08-04/,No,No,Yes,No,No,No,No,No,No,No
880,2025-08-04,DOJ (Dept of Justice) is launching grand jury investigation into Russiagate conspiracy allegations against Obama administration. Pam Bondi acts on Tulsi Gabbard's criminal referral claiming intelligence community suppression.,https://www.foxnews.com/politics/doj-launching-grand-jury-investigation-russiagate-conspiracy-allegations-source,No,No,Yes,No,No,No,No,No,No,No
879,2025-08-03,"White House economic adviser Hassett defends Trumps' firing of the head of the Bureau of Labor Statistics (BLS), including Trump's unsubstantiated claim that the data was 'rigged'",https://www.nbcnews.com/politics/economics/economic-adviser-kevin-hassett-defends-trumps-firing-labor-jobs-report-rcna222725,Yes,No,Yes,Yes,No,No,No,No,No,No
878,2025-08-03,Senate confirms Trump ally Jeanine Pirro as top federal prosecutor for DC. Former Fox News host boosted lies that Trump lost 2020 election because of electoral fraud,https://www.theguardian.com/us-news/2025/aug/03/senate-confirms-jeanine-pirro-us-attorney-dc,Yes,No,No,No,No,No,No,No,No,No
877,2025-08-03,"Secretary of Health RFK Jr (Kennedy) publishes a non-peer reviewed article alleging harm from aluminium salts in vaccine products that is not based on scientific evidence, and could be a prelude to banning vaccines (including many routine childhood vaccines) that continain aluminium salts",https://rasmussenretorts.substack.com/p/aluminum-standard-science,No,No,No,No,Yes,No,No,No,No,No
876,2025-08-03,Irate Trump tells Schumer to ‘go to hell’ after Senate standoff over confirmations. Republicans plan to change rules in September.,https://www.theguardian.com/us-news/2025/aug/03/us-senate-recess,No,No,Yes,No,No,No,No,No,No,No
875,2025-08-03,"Dozens of major law firms, wary of retaliation, have scaled back pro bono work, diversity initiatives and litigation that could place them in conflict with Trump",https://www.reuters.com/investigations/trumps-war-big-law-leads-firms-retreat-pro-bono-work-underdogs-2025-07-31/,Yes,No,No,No,No,No,No,No,No,No
874,2025-08-02,"US Office of Special Counsel launches investigation into former Trump prosecutor Jack Smith alleging violation of the Hatch Act, which restricts government employees from political involvement",https://thehill.com/homenews/administration/5433797-jack-smith-investigation-hatch-act-reports/,No,No,Yes,No,No,No,No,No,No,No
873,2025-08-02,Donor list reveals extent of Trump's Pay-for-Access tactics [corruption],https://www.nytimes.com/2025/08/02/us/politics/donor-list-suggests-scale-of-trumps-pay-for-access-operation.html,No,No,No,No,No,No,No,Yes,No,No
872,2025-08-02,Dept. of Homeland Security (DHS) memo shows Dept of Defense (DoD) is seeking increased military involvement in immigration enforcement,https://newrepublic.com/article/198708/trump-military-anti-immigration-dhs-leaked-memo,No,No,No,No,No,No,Yes,No,No,Yes
871,2025-08-02,"After Texas gerrymandering, Trump and his allies are pressing other states, inc Ohio and Florida, to follow suit and remake their maps with more Republican seats. Trump said he thought it could results in 3 or 4 more seats on top of the Texas 5.",https://www.nytimes.com/2025/08/02/us/politics/texas-redistricting-democrats-republicans-midterms.html,Yes,No,No,No,No,No,No,No,No,No
870,2025-08-01,"Trump orders firing of Commissioner of Labor Statistics at the Bureau of Labor Statistics (BLS) Erika Mc Entarfer, claiming she had ""faked"" employment statistics in the run up to last years' election.This comes hours after employment data showed that the job market stalled",https://www.theguardian.com/us-news/2025/aug/01/trump-fires-erika-mcentarfer-labor-statistics,Yes,No,Yes,Yes,No,No,No,No,No,No
869,2025-08-01,"Trump freezes $200 million in UCLA science and medical research funding, citing antisemitism",https://ca.news.yahoo.com/trump-freezes-200-million-ucla-035213794.html,No,No,No,No,No,Yes,No,No,No,No
868,2025-08-01,Trump calls on top Federal Reserve officials to seize control from chair Jerome Powell if he fails to cut interest rates,https://www.theguardian.com/business/2025/aug/01/trump-jerome-powell-tariffs-federal-reserve,No,No,Yes,No,No,No,No,No,No,No
867,2025-08-01,"Trump administration blocks funding for CDC programs including youth violence prevention programs, gun injury and death and programs tackling diabetes and tobacco use",https://www.msn.com/en-us/news/politics/trump-administration-blocks-funding-for-cdc-health-programs/ar-AA1JKDpv,No,No,No,No,Yes,No,No,No,No,No
866,2025-08-01,"Supreme court to consider changing interpretation of Voting RIghts Act used since civil rights area, which would act to reduce the voting power of black voters",https://www.politico.com/news/2025/08/01/supreme-court-louisiana-redistricting-order-00490390,Yes,No,No,No,No,No,Yes,No,No,No
865,2025-08-01,New tariffs imposed on 68 countries plus European Union (EU). Traditionally trade policy is the responsibility of Congress,https://www.theguardian.com/us-news/2025/aug/01/trump-news-at-a-glance-president-unleashes-slew-of-new-tariff-rates-for-trading-partners-and-sets-another-deadline,Yes,No,No,No,No,No,No,No,Yes,No
864,2025-08-01,CPB ( Corporation for Public Broadcasting) shutting down after 6 decades after being defunded by Congress and a direct result of attacks by Trump,https://www.pbs.org/newshour/politics/cpb-says-it-is-shutting-down-after-being-defunded-by-congress-targeted-by-trump,No,No,Yes,Yes,No,No,No,No,No,No
863,2025-08-01,"American Medical Association (AMA), American Academy of Pediatrics and Infectious Disease Society of America are kicked out of ACIP (Advisory Comittee on Immunization Practices) workgroups at CDC (Centers for Disease Control and Prevention)",https://apnews.com/article/vaccine-committee-cdc-cfbdcab84b2a919a6131d471959c3431,No,No,No,No,Yes,No,No,No,No,No
862,2025-08-01,"A researcher on a green card at Texas A&M University flying home from abroad was detained for more than a week by immigration authorities at the San Francisco International Airport, sleeping in a chair and living off food sold in the airport. Kim, who went to South Korea to attend his brother’s wedding, is now in removal proceedings to be deported. Neither he nor his lawyers know why.",https://apnews.com/article/texas-researcher-detained-san-francisco-airport-d038b3cca949f0f028eb9e17d350a79a,No,No,No,No,No,Yes,Yes,No,No,Yes
861,2025-07-31,"Trump, again, attacks Jerome Powell, chair of the Federal Reserve (US Central Bank), after the Fed kept intrest rates unchanged",https://thehill.com/homenews/administration/5429281-donald-trump-jerome-powell-interest-rates/,No,No,Yes,No,No,No,No,No,No,No
860,2025-07-31,Trump threatens Canada trade deal over Canada's support for recognising Palestinian state,https://www.independent.co.uk/news/world/americas/us-politics/trump-palestine-canada-trade-deal-b2799408.html,No,No,No,No,No,No,No,No,Yes,No
859,2025-07-31,Trump administration's Bureau of Ocean Energy Management cancels off-shore wind projects,https://apnews.com/article/trump-wind-permitting-offshore-7a05dff77ba92e4a7761604583a6d208,No,No,No,No,Yes,No,No,No,No,No
858,2025-07-31,"Trump administration has sent letter to Harvard referring it to the Department of Justice in civil rights probe to address allegations of Harvard""s antisemitic discrimination",https://www.reuters.com/legal/government/trump-administration-refers-harvard-justice-department-civil-rights-probe-2025-07-31/,No,No,No,No,No,Yes,No,No,No,No
857,2025-07-31,The Trump administration has halted litigation aimed at stopping civil rights abuses of prisoners in Louisiana and mentally ill people living in South Carolina group homes. Civil rights lawyers said the move is another sign of the Trump administration’s retreat from protecting the rights of vulnerable groups,https://www.propublica.org/article/trump-doj-civil-rights-lawsuits-halted-louisiana-south-carolina,No,No,No,No,No,No,Yes,No,No,No
856,2025-07-31,"President Trump’s super PAC is sitting on about $200 million that it can spend against his rivals, giving a term-limited president a never-before-seen amount of power in his party’s finances and future",https://www.nytimes.com/2025/07/31/us/politics/maga-inc-trump-fundraising.html,Yes,No,No,No,No,No,No,No,No,No
855,2025-07-31,Judges overseeing Trump cases speak out against threats and intimidation,https://thehill.com/regulation/court-battles/5430326-trump-judges-face-threats/,Yes,No,Yes,No,No,No,No,No,No,No
854,2025-07-31,"Former vaccine panel ousted by RFK (Kennedy) Jr. says scientific rigor is ""rapidly eroding""",https://www.cbsnews.com/news/acip-vaccine-panel-ousted-by-rfk-jr-speaks-out/,No,No,No,No,Yes,No,No,No,No,No
853,2025-07-31,"Environment Protection Agency (EPA) moves ahead with plans to undo almost all UC climate regulations by rescinding the ""endangerment finding""",https://www.theguardian.com/environment/2025/jul/31/trump-epa-endangerment-finding,No,No,No,No,Yes,No,No,No,No,No
852,2025-07-31,Energy Department attacks climate science in new contentious report criticising the consensus on global wamring,https://www.nytimes.com/2025/07/31/climate/trump-climate-skeptics-science-report.html,No,No,No,No,Yes,No,No,No,No,No
851,2025-07-30,"Trump threatens India with 25% tariffs, including a penalty ""secondary tariff"" for oils and military equipment purchases from Russia",https://www.nytimes.com/2025/07/30/us/politics/india-tariffs-trump-russia.html,No,No,No,No,No,No,No,No,Yes,No
850,2025-07-30,"Trump calls progressive Fox News host Jessica Tarlov a ""real loser"" after she said that stricter gun contral laws could have prevented shooting in NYC",https://thehill.com/homenews/media/5427426-trump-fox-news-the-five-jessica-tarlov/,No,No,Yes,No,No,No,No,No,No,No
849,2025-07-30,"Trump administration puts 50% tariffs on Brazil (and copper) in latest trade war escalation. The announcement of the increased tariff rate comes the same day that the United States is sanctioning Brazilian Justice Alexandre de Moraes, 12 days after announcing visa restrictions against him and other court officials over Bolsonaro’s trial.",https://edition.cnn.com/2025/07/30/politics/brazil-tariff-trump-executive-order,No,No,No,No,No,No,No,No,Yes,No
847,2025-07-30,"Senate approves Trump pick Joe Kent as Director of the National Counterterrorsim Center. He is a known conspiracy theorist with links to far-right extremist groups,",https://www.nytimes.com/2025/07/30/us/politics/joe-kent-counterterrorism-center.html,Yes,No,No,No,No,No,No,No,No,No
846,2025-07-30,President Donald Trump is seeking to pressure Senate Judiciary Chair Chuck Grassley to ram through more judicial nominees without buy-in from home-state Democratic senators,https://www.politico.com/live-updates/2025/07/29/congress/trump-hits-grassley-00483005,Yes,No,Yes,No,No,No,No,No,No,No
845,2025-07-30,"ICE entices new recruits with patriotic pitch and $50,000 signing-up bonus",https://apnews.com/article/immigration-hiring-trump-border-mass-deportations-ed1580c3f5c0c2a2b5c1ebd621574365,No,No,No,No,No,No,No,No,No,Yes
844,2025-07-30,"Brown University reaches deal with Trump administration to restore $50m in funds and will commit to nondiscrimination in admissions and campus programs, and grant officials access to its admissions data. Brown says the government does not have the authority to dictate teaching, learning and academic speech",https://www.theguardian.com/us-news/2025/jul/30/brown-university-trump-administration-agreement,No,No,No,No,No,Yes,No,No,No,No
843,2025-07-30,Army Secretary withdraws a publicised West Point distinguished professorship appointment from former Biden official amid pressure from right wing activist Laura Loomer,https://edition.cnn.com/2025/07/30/politics/army-secretary-withdraws-west-point-job-offer,Yes,No,Yes,No,Yes,No,No,No,No,No
842,2025-07-30,"A new Department of Energy (DoE) report “fundamentally misrepresents” climate research and leaves out key context, say multiple scientists cited in the report",https://www.wired.com/story/scientists-say-new-government-climate-report-twists-their-work/,No,No,No,No,Yes,No,No,No,No,No
841,2025-07-29,"Top lawyer for National Security Agency (NSA), a Biden appointee, fired after criticism from right-wing conspiracy theorist and outside Trump advisor Laura Loomer",https://www.nytimes.com/2025/07/29/us/politics/nsa-lawyer-fired.html,Yes,No,Yes,No,No,No,No,No,No,No
840,2025-07-29,Top generals nominated for new positions must now meet with Trump. The move is a departure from past practice and has raised worries that it could lead to the politicization of the military’s top ranks,https://www.nytimes.com/2025/07/29/us/politics/generals-trump.html,Yes,No,No,No,No,No,No,No,No,No
839,2025-07-29,"The Trump administration has frozen $108m in federal National Institute of Health (NIH) research funding to Duke University after the federal government announced that it was investigating allegations that the school engaged in racial discrimination in the form of affirmative action,",https://www.theguardian.com/us-news/2025/jul/30/white-house-duke-university-racial-discrimination,No,No,No,No,No,Yes,No,No,No,No
838,2025-07-29,"The Trump administration has extended the terms of the interim federal prosecutors in Southern California and Nevada who were serving under temporary appointments that were set by law to expire, setting stage for new potential conflicts with Congress and federal judiciary",https://www.nytimes.com/2025/07/29/us/politics/trump-us-attorneys-california-nevada.html,Yes,No,No,No,No,No,No,No,No,No
837,2025-07-29,New senior Food and Drug Administration (FDA) official Prasad resigns following pressure from right-wing conspiracy theorist Laura Loomer who has no official role in the administration,https://www.nytimes.com/2025/07/29/health/vinay-prasad-fda-resigns-loomer.html,Yes,No,No,No,No,No,No,No,No,No
836,2025-07-29,Justice Dept (DOJ) has filed a misconduct claim against a federal judge (Boasberg) who had ruled against Trump's deportation plans,https://www.nytimes.com/2025/07/29/us/politics/judge-boasberg-misconduct-complaint-bondi.html,No,No,Yes,No,No,No,No,No,No,No
835,2025-07-29,Justice Dept (DOJ) asked California to provide personal details of non-citizens on voter rolls,https://www.theguardian.com/us-news/2025/jul/29/justice-department-california-non-citizen-voters,Yes,No,No,No,No,No,Yes,No,No,Yes
834,2025-07-29,"Homeland security secretary, Kristi Noem, offers student loan forgiveness and $50K sign on bonus for people joining ICE to ""defend the homeland"". [Nationalism]",https://www.dhs.gov/news/2025/07/29/dhs-launches-defend-homeland-nationwide-recruit-patriots-join-ice-law-enforcement,No,No,No,No,No,No,No,No,No,Yes
833,2025-07-29,Harvard to comply with Trump official's demands to turn over employment forms,https://www.theguardian.com/education/2025/jul/29/harvard-trump-administration-employment-forms,No,No,No,No,No,Yes,Yes,No,No,No
832,2025-07-29,"Former Trump lawyer Emil Bove confirmed to federal appeals court, despite claims by whistleblowers that he advocated for ignoring court orders.",https://www.theguardian.com/us-news/2025/jul/29/trump-attorney-emil-bove-federal-appeals-court-senate,Yes,No,No,No,No,No,No,No,No,No
831,2025-07-29,Department of the Interior scraps preferential treatment for wind energy,https://www.doi.gov/pressreleases/department-interior-curbs-preferential-treatment-wind-energy,No,No,No,No,Yes,No,No,No,No,No
830,2025-07-29,Department of Justice (DoJ) issues memo warning recipients of federal funds that consideration of protected characteristics in employment practices was unlawful and that they mustn't let transpeople use single sex facilities of their identified gender,https://www.justice.gov/ag/media/1409486/dl,No,No,No,No,No,No,Yes,No,No,No
829,2025-07-29,Department of Education (DOE) and Dept of Health and Human Services (HHS) investigating Duke University and the Duke Law Journal over race-related discrimination allegations.,https://thehill.com/homenews/education/5425285-trump-administration-duke-university-race-discrimination-allegations/,No,No,No,No,No,Yes,No,No,No,No
828,2025-07-29,6 members of Maryland congressional delegation denied access to US Immigration and Customs Enforcement (ICE) office in Baltimore where they said people are being temporarily held for deportation or awaiting court hearings,https://www.newsfromthestates.com/article/maryland-delegation-denied-access-inspect-baltimore-ice-facility,Yes,No,No,No,No,No,No,No,No,No
827,2025-07-28,Trump uses press conference in Scotland to boost his golf business,https://www.theguardian.com/us-news/2025/jul/28/trump-uses-press-conference-with-starmer-to-boost-his-golfing-business,No,No,No,No,No,No,No,Yes,No,No
826,2025-07-28,The National Science Foundation (NSF) plans to abruptly end operation of the last remaining US research ship capable of braving the farthest reaches of Antarctica and the Southern Ocean. It supports crucial climate change research,https://www.science.org/content/article/nsf-plans-abrupt-end-lone-u-s-antarctic-research-icebreaker,No,No,No,No,Yes,No,No,No,No,No
825,2025-07-28,"RFK Jr. targets vaccine injury compensation program (VICP) saying ""I will not allow the VICP to continue to ignore its mandate and fail its mission of quickly and fairly compensating vaccine-injured individuals,""",https://www.nytimes.com/2025/07/28/health/kennedy-vaccine-injury-court.html,No,No,No,No,Yes,No,No,No,No,No
824,2025-07-28,"Republican Party seeks to rename Kennedy Arts Center to ""Donald J. Trump Center for the Performing Arts.'” [Propaganda]",https://thehill.com/homenews/administration/5423549-trump-center-kennedy-center/,No,No,No,Yes,No,No,No,No,No,No
823,2025-07-28,Harvard contemplating spending up to $500 Million to placate Trump White House,https://www.nytimes.com/2025/07/28/us/politics/trump-harvard-payment.html,No,No,No,No,No,Yes,No,No,No,No
822,2025-07-28,"""Alligator Alcatraz"" detainees held without charges and barred from legal access according to attorneys",https://apnews.com/article/florida-immigration-alligator-alcatraz-8607894cc7bab9c17bce30fdf541f0bc,Yes,No,No,No,No,No,Yes,No,No,Yes
821,2025-07-27,Trump calls for Beyonce to be prosecuted based on a false claim that Kamala Harris paid her $11 million for an endorsement,https://edition.cnn.com/2025/07/27/politics/trump-beyonce-prosecute-fact-check,No,No,Yes,No,No,No,No,No,No,No
820,2025-07-26,"With Columbia as a model, White House seeks fines in potential deals with Harvard and others",https://apnews.com/article/harvard-columbia-trump-university-fines-settlement-template-4a39b2894f08beffcff5da4971585710,No,No,No,No,No,Yes,No,No,No,No
819,2025-07-26,"Trump doubles down on claims Kamala Harris paid for celebrity endorsements, and that she should be prosecuted",https://thehill.com/homenews/campaign/5422201-trump-doubles-down-on-claims-harris-paid-for-endorsements-says-she-should-be-prosecuted/,No,No,Yes,No,No,No,No,No,No,No
818,2025-07-26,NASA says about 20% of staff to leave the agency,https://www.reuters.com/business/world-at-work/nasa-says-20-workforce-depart-space-agency-2025-07-26/,No,Yes,No,No,Yes,No,No,No,No,No
817,2025-07-26,"Donald Trump calls illegal migration a ""horrible invasion"" that is ""killing Europe"" and also attacks European wind farms on a trip to Scotland",https://news.sky.com/story/immigration-is-killing-europe-donald-trump-issues-warning-to-leaders-as-he-arrives-in-scotland-13401882,No,No,No,No,Yes,No,No,No,Yes,No
816,2025-07-26,"Doge reportedly using AI tool to create ""delete list"" of federal regulations, proposing to use the tool to cut 50% of regulations by the first anniversary of Donald Trump’s second inauguration.",https://www.theguardian.com/us-news/2025/jul/26/doge-ai-tool-delete-list-federal-regulations,Yes,No,No,No,No,No,No,No,No,No
815,2025-07-26,"After firing most board members in March, new board of US Institiute Of Peace (USIP) has apppointed right-wing ideologue with a history of inflammatory comments on women and minorities, to lead the congressionally-backed organization.",https://www.reuters.com/world/us/us-institute-peace-taps-state-dept-official-right-wing-ideologue-top-post-2025-07-26/,No,No,No,No,No,No,No,No,Yes,No
814,2025-07-25,"US states get $608m from FEMA (Federal Emergency Management Agency) to build migration detention centres, through a “detention support grant program” to cover the cost of states building temporary facilities",https://www.reuters.com/legal/government/us-states-get-608-million-fema-build-migrant-detention-centers-2025-07-25/,No,No,No,No,No,No,No,No,No,Yes
813,2025-07-25,"US regulator FCC (Federal Communications Commission) approve Paramount/Skydance merger ( this comes after CBS, part of Paramount Global settled a lawsuit with Trump). FCC's chief Brendan Carr was hand-picked by Trump",https://www.theguardian.com/us-news/2025/jul/24/paramount-skydance-merger-fcc,No,No,No,Yes,No,No,No,Yes,No,No
812,2025-07-25,"Two Arizona Democrat state representatives were denied access by ICE to make spot check ICE, interfering with their legal right to do so",https://www.phoenixnewtimes.com/news/arizona-democrats-rip-ice-barring-them-from-detention-center-22177535,Yes,No,No,No,No,No,No,No,No,No
811,2025-07-25,Trump doesn't rule out giving Ghislaine Maxwell a pardon over Epstein,https://edition.cnn.com/politics/live-news/trump-epstein-files-news-07-25-25#cmditpf8j00003b6nfhsw38b8,Yes,No,No,No,No,No,No,No,No,No
810,2025-07-25,"Trump administration clears way to keep Alina Habba as New Jersey's top prosecutor, depsite opposition from judges, by withdrawing Habba’s nomination to hold the role permanently, setting in motion a transition for Habba to become an acting U.S. attorney and remain in the job for the next 210 days",https://apnews.com/live/donald-trump-news-updates-7-25-2025#00000198-4239-db6a-a7fc-62bb91bc0000,Yes,No,No,No,No,No,No,No,No,No
809,2025-07-25,"The Trump White House is planning to send a second rescissions request to Congress, to remove funding previously authorised by Congress. Use of recissions is a way of circumventing the power of Congress to decide on US money is spent",https://talkingpointsmemo.com/news/the-trump-admin-gets-ready-to-seize-congress-power-of-the-purse,Yes,No,No,No,No,No,No,No,No,No
808,2025-07-25,"RFK Jr. (Kennedy) to Oust Advisory Panel on Cancer Screenings, HIV Prevention Drugs. The panel determines which preventive services insurers must cover at no cost to patients",https://www.wsj.com/health/healthcare/rfk-health-screening-panel-members-c308cbb0,No,No,No,No,Yes,No,No,No,No,No
807,2025-07-25,Outcry as US agriculture department to cut salaries and relocate staff. Experts warn ‘half-baked’ restructuring will further erode support for US farmers and hamper wildfire response,https://www.theguardian.com/us-news/2025/jul/24/usda-salary-cuts,No,Yes,No,No,Yes,No,No,No,No,No
806,2025-07-25,"Less than a week before Neil Jacob’s senate committee vote as new head of the National Oceanic and Atmospheric Administration (NOAA), two high ranking career civil servants who investigated Jacob for scientific integrity violations around Sharpiegate were dismissed",https://edition.cnn.com/2025/07/25/weather/noaa-sharpiegate-hurricane-officials-trump,Yes,No,Yes,No,No,No,No,No,No,No
805,2025-07-25,"ICE agents arrest US-citizen telling him he had no rights, and discussing a bonus",https://www.theguardian.com/us-news/2025/jul/25/florida-teen-immigration-arrest,No,No,No,No,No,No,Yes,Yes,No,Yes
804,2025-07-25,"Highest ranking official in the US State Department's refugee and migration bureau saying the ""Refugee program for South Africans is intended for white people""",https://www.reuters.com/world/africa/us-diplomats-asked-if-non-whites-qualify-trump-refugee-program-south-africans-2025-07-25/,No,No,No,No,No,No,No,No,No,Yes
803,2025-07-25,"FCC (Federal Communications Commission) to Appoint a Babysitter to Make Sure CBS Isn’t Anti-Trump. FCC commissioner Brendan Carr says CBS will have a ""bias monitor"" who reports directly to the president of Paramount.",https://gizmodo.com/fcc-to-appoint-a-babysitter-to-make-sure-cbs-isnt-anti-trump-2000634566,No,No,Yes,Yes,No,No,No,No,No,No
802,2025-07-25,Department of Education (DOE) says five school districts in Democratic-leaning Northern Virginia were violating federal law by allowing transgender students to use bathrooms and other facilities matching their gender identity.,https://www.reuters.com/legal/government/us-government-says-virginia-school-gender-policies-unlawful-2025-07-25/,No,No,No,No,No,Yes,Yes,No,No,No
801,2025-07-25,"Consent decrees meant to curb police abuse are ending in more than 20 cities, including Breonna Taylor’s Louisville, after Department of Justice (DoJ) announced a reversal in investigations and consent decrees in May",https://www.theguardian.com/us-news/2025/jul/25/trump-ends-police-reform-consent-decrees,No,No,No,No,Yes,No,Yes,No,No,No
800,2025-07-24,"Trump signs EO to push local governments to remove homeless people from street, an order which The National Homelessness Law Center condemned as it “deprives people of their basic rights”",https://www.theguardian.com/us-news/2025/jul/24/trump-homelessness-executive-order,No,No,No,No,No,No,Yes,No,No,No
799,2025-07-24,"Trump administration, in an emergency appeal, asks Supreme Court to allow NIH (National Institutes of Health) to cut funding for grants related to Diversity, Equity and Inclusion (DEI)",https://www.nytimes.com/2025/07/24/us/politics/trump-supreme-court-nih-dei-grants.html,No,No,No,No,Yes,No,No,No,No,No
798,2025-07-24,"The White House is seeking fines from several universities it says failed to stop antisemitism on campus, including hundreds of millions of dollars from Harvard University, in exchange for allowing the schools to access federal funding",https://www.wsj.com/us-news/education/harvard-columbia-trump-white-house-fines-payment-deal-settlement-d61aa9c6,No,No,No,No,No,Yes,No,No,No,No
797,2025-07-24,"Senate confirms Trump's EPA air office nominee Aaron Szabo, a former lobbyist who has links to the oil industry and is a co-author in a chaper of Project 25 on dismantling the EPA",https://subscriber.politicopro.com/article/eenews/2025/07/24/senate-confirms-trumps-epa-air-office-nominee-00473029,No,No,No,No,Yes,No,No,No,No,No
796,2025-07-24,"IRS considers elimination of non-English language tax services. To comply with the Administration's order making English the official language, IRS might need to get rid of free translation services and interpretors",https://www.washingtonpost.com/business/2025/07/24/irs-non-english-tax-services-trump-administration/,No,No,No,No,No,No,Yes,No,No,Yes
795,2025-07-24,"ICE moves to shackle 180,000 immigrants with GPS ankle monitors as part of ICE's ""Alternative to Detention"" program",https://www.yahoo.com/news/articles/ice-moves-shackle-180-000-125047005.html,No,No,No,No,No,No,Yes,No,No,Yes
794,2025-07-24,Environmental Protection Agency (EPA) seeks to bring back twice-already banned pesticide,https://www.newsweek.com/epa-seeks-bring-back-twice-banned-pesticide-2103447,No,No,No,No,Yes,No,No,No,No,No
793,2025-07-24,"Environmental Protection Agency (EPA) rescinds $20m for clean water in pesticide-riden rural California claiming it is a ""wasteful DEI program""",https://www.theguardian.com/us-news/2025/jul/24/water-pesticide-polution-california-trump,No,No,No,No,Yes,No,No,No,No,No
792,2025-07-24,"Department of Justice (DOJ) is suing New York City (NYC) and its mayor Eric Adams over NYC sanctuary city policies, claiming they continue to obstruct law enforcement",https://www.axios.com/2025/07/24/trump-nyc-sanctuary-city-lawsuit,No,No,Yes,No,No,No,Yes,No,No,Yes
791,2025-07-24,"Columbia University will pay $200m to the federal government over accusations it failed to protect its Jewish students and “not maintain programs that promote unlawful efforts” related to diversity, equity and inclusion (DEI). Settlement allows federal govt oversight into its admissions. In return govt will restart some grants to Columbia",https://www.bbc.co.uk/news/articles/cq8zljpvyk0o,No,No,No,No,No,Yes,No,No,No,No
790,2025-07-24,Colorado clerks voice alarm at murky ‘official’ push to access voting machines. At least 10 clerks received queries as Dept of Justice (DoJ) ramps up requests to states about how they keep ineligible voters off the rolls,https://www.theguardian.com/us-news/2025/jul/24/colorado-election-clerks-voting-machines,Yes,No,No,No,No,No,No,No,No,No
789,2025-07-24,"Artist, famous for her portrait of Michelle Obama, cancels show at Smithsonian citing censorship, after learning that her painting of a transgender Statue Of Liberty might be removed to avoid provoking Trump",https://www.nytimes.com/2025/07/24/arts/design/amy-sherald-smithsonian-censorship.html,No,No,No,No,No,Yes,No,No,No,No
788,2025-07-23,"US AI action plan ""continues this crusade against “woke” AI, recommending that federal procurement guidelines are updated so that only AI companies that “ensure that their systems are objective and free from top-down ideological bias” are given contracts.""",https://www.wired.com/story/trumps-ai-action-plan-crusade-against-bias-regulation/,No,No,No,Yes,Yes,No,Yes,No,No,No
787,2025-07-23,"The Supreme Court (voting along party lines) allows President Trump to fire the 3 Democratic members of the Consumer Product Safety Commission, a 5-member group that monitors the safety of items like toys, cribs and electronics. This weakens its independence and overrides Congress",https://edition.cnn.com/2025/07/23/politics/supreme-court-consumer-protection-commission,Yes,No,No,No,No,No,No,No,No,No
786,2025-07-23,The Justice Department announced the formation of a task force to look into unsubstantiated allegations by President Trump that President Barack Obama and his aides ordered an investigation into the 2016 Trump campaign’s connections to Russia to destroy Mr. Trump,https://www.nytimes.com/2025/07/23/us/politics/trump-russia-obama-gabbard.html,No,No,Yes,No,No,No,No,No,No,No
785,2025-07-23,"The Environmental Protection Agency (EPA) has drafted a proposal to reverse a landmark scientific finding that climate change pollution from fossil fuels endangers human health ('the endangerment finding'), which would reduce EPA's ability to limit greenhouse gas producing industry",https://edition.cnn.com/2025/07/23/climate/epa-greenhouse-gas-endangerment,No,No,No,No,Yes,No,No,No,No,No
784,2025-07-23,"The Education Department (DoE) said it would investigate five universities that offer aid to students in the Deferred Action for Childhood Arrivals (DACA) program, also known as ""Dreamers""",https://www.nytimes.com/2025/07/23/us/politics/education-department-will-investigate-scholarships-for-daca-students.html,No,No,No,No,No,No,Yes,No,No,Yes
783,2025-07-23,State Department Opens New Investigation Into Harvard’s Use of International Visas,https://www.nytimes.com/2025/07/23/us/politics/state-department-trump-harvard.html,No,No,No,No,No,Yes,No,No,No,No
782,2025-07-23,RFK Jr to remove preservative thimerosal from all US vaccines . Anti-vaccine campaigns have targeted thimerosal for decades despite no evidence of ingredient causing harm,https://www.theguardian.com/politics/live/2025/jul/24/keir-starmer-narendra-modi-uk-india-trade-deal-labour-politics-latest-updates-news,No,No,No,No,Yes,No,No,No,No,No
781,2025-07-23,"Dept of Homeland Security (DHS) using idealised art of (white) American history as propaganda on 'protecting the homeland' or 'remembering homeland heritage', using images and language evocative of anti-immigrant sentiment",https://www.theguardian.com/artanddesign/2025/jul/23/dhs-art-post-propaganda,No,No,No,Yes,No,No,No,No,No,Yes
780,2025-07-23,Congress voted to restore $400 million for the federal program to combat HIV in developing nations (PEPFAR) but that may be short-lived: Officials at the State Department have been mapping out a plan to shut it down anyway,https://www.nytimes.com/2025/07/23/health/pepfar-shutdown.html,No,No,No,No,Yes,No,No,No,Yes,No
779,2025-07-23,Afghan translator who worked for U.S. military and in the US with a valid visa detained by ICE while attending a routine green card appointment,https://www.theguardian.com/us-news/2025/jul/23/afghanistan-war-translator-ice-connecticut,No,No,No,No,No,No,Yes,No,No,Yes
778,2025-07-22,White House leads push to block Government Accountability Office inquiries into spending cuts,https://www.nytimes.com/2025/07/22/us/politics/trump-spending-government-accountability-office.html,Yes,Yes,No,Yes,No,No,No,No,No,No
777,2025-07-22,Video taken by migrant shows overcrowded and unsanitary conditions at an ICE holding centre in New York City,https://www.nytimes.com/2025/07/22/nyregion/video-immigration-holding-cells-overcrowded-unsanitary.html,No,No,No,No,No,No,Yes,No,No,Yes
776,2025-07-22,US set to deport permanent residents over alledged support of Haitian gang leaders,https://www.dw.com/en/us-set-to-deport-permanent-residents-over-haitian-gang-links/a-73360724,No,No,No,No,No,No,Yes,No,No,Yes
775,2025-07-22,US House spending panel votes to rename Kennedy Center Opera House for Melania Trump,https://www.newsfromthestates.com/article/us-house-spending-panel-votes-rename-kennedy-center-opera-house-melania-trump,No,No,No,No,No,No,No,Yes,No,No
774,2025-07-22,"Trump pulls US out of UNESCO, the UN culture and education agency",https://www.theguardian.com/world/2025/jul/22/us-unesco-withdrawal-trump-united-nations,No,No,No,No,No,No,No,No,Yes,No
773,2025-07-22,Trump falsely claims President Obama cheated in the 2016 election and tells Republican congress to keep mentioning it in media interviews,https://bsky.app/profile/atrupar.com/post/3lulre26zbc2v,No,No,Yes,Yes,No,No,No,No,No,No
772,2025-07-22,"Trump awards $1.26bn contract to build biggest detention centre in US using tents, raising concerns about standards. ""basic needs that are significantly harder to meet with tents: protection from the elements, adequate medical facilities, safe and clean food preparation and storage""",https://www.bloomberg.com/news/articles/2025-07-22/trump-awards-immigration-detention-center-contract-for-fort-bliss-in-texas,No,No,No,No,No,No,Yes,No,No,Yes
771,2025-07-22,"The United States Olympic & Paralympic Committee banned transgender women from women’s competitions to comply with Trump’s executive order on the issue, taking the decision away from national governing bodies for each sport.",https://www.nytimes.com/2025/07/22/us/politics/us-olympics-trans-women-athletes-ban-trump.html,No,No,No,No,No,No,Yes,No,No,No
770,2025-07-22,"The Harvard Educational Review academic journal abruptly cancels entire special issue on Education and Palestine shortly before release, ""a remarkable new development in a mounting list of examples of censorship of pro-Palestinian speech""",https://www.theguardian.com/education/2025/jul/22/harvard-educational-review-palestine-issue-cancelled,No,No,Yes,Yes,Yes,No,No,No,No,No
769,2025-07-22,"President Trump boasts about the amount of money he is extracting from media companies ""in a long line of VICTORIES over the Fake News Media""",https://bsky.app/profile/paleofuture.bsky.social/post/3lul4afqkxk2q,Yes,No,Yes,Yes,No,No,No,Yes,No,No
768,2025-07-22,House Speaker Johnson cuts short House session and said he would send lawmakers home early to deny Democrats the chance to force a vote on whether to release the Epstein material.,https://www.nytimes.com/2025/07/22/us/politics/mike-johnson-ends-house-session-epstein-vote.html,Yes,No,No,No,No,No,No,No,No,No
767,2025-07-22,"Discussing Tulsi Gabbard's criminal referral of the Obama Administration for the 2016 election, Trump accuses President Obama of treason and says ""it's time to go after people"" during an Oval Office press conference",https://www.msn.com/en-us/politics/government/trump-accuses-obama-of-treason-says-it-s-time-to-go-after-people/vi-AA1J5tlc,No,No,Yes,No,No,No,No,No,No,No
766,2025-07-22,Defence Secretary Hegseth has cleared out all women who were serving in the military’s top jobs,https://www.theatlantic.com/newsletters/archive/2025/07/hegseths-purge-of-women-from-us-military-leadership/683631/,No,No,No,No,No,No,Yes,No,No,No
765,2025-07-22,"Attorney General Pam Bondi fires a federal prosecutor whom New Jersey's federal judges had named to replace the state's interim U.S. attorney, Alina Habba, a close ally of President Donald Trump who the judges had refused to confirm. Bondi said ""Department of Justice does not tolerate rogue judges""",https://www.nbcnews.com/politics/justice-department/trump-ally-alina-habba-replaced-interim-us-attorney-new-jersey-rcna220296,Yes,No,Yes,No,No,No,No,No,No,No
764,2025-07-22,"2,000 National Guard troops expected to be called up to assist at ICE detention facilities [Nationalism]",https://edition.cnn.com/2025/07/22/politics/2000-national-guard-troops-assist-ice-detention,No,No,No,No,No,No,No,No,No,Yes
763,2025-07-21,"White House removes Wall Street Journal from Scotland trip press pool, in retaliation for its Epstein article",https://www.politico.com/news/2025/07/21/journal-removed-white-house-pool-epstein-00465548,No,No,Yes,No,No,No,No,No,No,No
762,2025-07-21,"US Treasury Secretary Bessent calls for probe into ""the entire Federal Reserve institution"", the independent US Central Bank",https://www.ft.com/content/54ebd697-9725-4344-8109-204e02fa1c53,No,No,Yes,No,No,No,No,No,No,No
761,2025-07-21,"Trump threatens to restrict stadium deal with Washington Commanders if they don’t change name back to ‘Redskins’, an inappropriate use of state power",https://www.msn.com/en-us/news/politics/trump-threatens-to-restrict-stadium-deal-with-washington-commanders-if-they-don-t-change-name-back-to-redskins/ar-AA1IXrYQ,No,No,No,No,No,No,Yes,No,No,No
760,2025-07-21,Trump posts fake AI-generated Obama video showing him getting arrested in the Oval Office,https://www.nytimes.com/live/2025/07/21/us/trump-news#trump-fake-video-obama-arrest,No,No,Yes,No,No,No,No,No,No,No
759,2025-07-21,Trump officials accused of defying 1 in 3 of major court orders that ruled against him,https://www.independent.co.uk/news/world/americas/us-politics/trump-federal-court-ruling-ignore-b2792939.html,Yes,No,No,No,No,No,No,No,No,No
758,2025-07-21,Trump Media's bitcoin holding reaches $2bn,https://www.investopedia.com/trump-medias-bitcoin-holdings-grow-to-2b-as-president-trump-advances-crypto-agenda-11775817,No,No,No,No,No,No,No,Yes,No,No
757,2025-07-21,Trump border czar Tom Homan says immigration officers will escalate operations in sanctuary cities,https://www.theguardian.com/us-news/live/2025/jul/21/ice-immigration-donald-trump-latest-us-politics-news-updates,No,No,No,No,No,No,Yes,No,No,Yes
756,2025-07-21,"Trump attacks federal judge presiding over Harvard case and also attacks Harvard as “anti-Semitic, anti-Christian, and anti-America,”",https://www.politico.com/news/2025/07/21/trump-harvard-case-judge-00465755,Yes,No,Yes,No,No,Yes,No,No,No,No
755,2025-07-21,"Migrants at ICE detention facility in Miami shackled with arms behind their backs made to ""eat like dogs"" according to report",https://www.theguardian.com/us-news/2025/jul/21/migrants-miami-ice-jail-abuses,No,No,No,No,No,No,Yes,No,No,Yes
754,2025-07-20,ICE chief says he will continue to allow his agents to wear masks during arrest raids,https://www.theguardian.com/us-news/2025/jul/20/ice-agents-masks,Yes,No,No,No,No,No,No,No,No,No
753,2025-07-20,"By using an old deportation order (administratively closed for years) to keep journalist Mario Guevara jailed after local traffic charges were dismissed, police and ICE use immigration paperwork as a tool for punishing critical journalism",https://www.theguardian.com/us-news/2025/jul/20/mario-guevara-journalist-ice-georgia-trump,No,No,Yes,No,No,No,No,No,No,No
752,2025-07-20,"An 82-year-old man in Pennsylvania was secretly deported to Guatemala after visiting an immigration office last month to replace his lost green card, according to his family, who have not heard from him since and were initially told he was dead.",https://www.theguardian.com/us-news/2025/jul/20/ice-secretly-deported-grandfather,No,No,No,No,No,No,Yes,No,No,Yes
751,2025-07-19,Washington revokes Brazilian judges' visa after Brazil's top court orders raids on Bolsonaro,https://www.reuters.com/world/americas/brazils-top-court-orders-raids-bolsonaro-washington-revokes-judges-visa-2025-07-18/,No,No,Yes,No,No,No,No,No,Yes,No
750,2025-07-19,Trump sues Murdoch and Wall Street Journal for $10bn over Epstein article,https://www.bbc.co.uk/news/articles/c23g5xpggzmo,No,No,Yes,Yes,No,No,No,No,No,No
749,2025-07-19,"ICE arrest father in front of pre-school, including other children and parents, while dropping off his child",https://apnews.com/article/immigrant-arrested-montessori-preschool-beaverton-oregon-aee104fa12299efa4cc821683b4b6cf2,No,No,No,No,No,No,Yes,No,No,Yes
748,2025-07-18,"US State Secretary Rubio tells US diplomats abroad not to comment on the fairness or integrity of elections conducted by foreign countries, in a significant departure from Washington's traditional approach of promoting free and fair elections overseas",https://www.reuters.com/world/us/trump-administration-tells-us-diplomats-abroad-not-opine-foreign-elections-2025-07-17/,Yes,No,No,Yes,No,No,No,No,Yes,No
747,2025-07-18,Trump administration to destroy nearly $10m in contraceptives that were intended for women in Africa,https://www.theguardian.com/us-news/2025/jul/18/trump-administration-destroy-contraceptives-usaid-africa,No,No,No,No,Yes,No,No,No,Yes,No
746,2025-07-18,Tennessee state representative Justin Jones (Democrat) removed from Kristi Noem press conference before being able to ask his question,https://www.yahoo.com/news/tennessee-three-member-removed-kristi-105829319.html,Yes,No,Yes,No,No,No,No,No,No,No
745,2025-07-18,"Plan for ""infertility training centre"" as birth control program signals new approach to helping women get pregnant taking funds from program that provided low-income women with birth control (Title X)",https://www.nytimes.com/2025/07/18/us/politics/under-trump-a-new-focus-for-a-birth-control-program-helping-women-get-pregnant.html,No,No,No,No,Yes,No,No,No,No,No
744,2025-07-18,Head of the Bureau of Consular Affairs says that criticism of Israel can lead to visa revocations,https://www.nytimes.com/2025/07/18/us/politics/us-visa-revocations-israel.html,No,No,Yes,No,No,Yes,Yes,No,Yes,No
743,2025-07-18,"Environmental Protection Agency (EPA) says it will dismantle its scientific research arm. The EPA's science office has provided the independent research that underpins nearly all of the agency’s policies and regulations. It has analyzed the risks of hazardous chemicals, the impact of wildfire smoke on public health and the contamination of drinking water by hydraulic fracturing, or fracking",https://www.nytimes.com/2025/07/18/climate/epa-firings-scientific-research.html,No,Yes,No,No,Yes,No,No,No,No,No
742,2025-07-18,Director of National Intelligence Tulsi Gabbard calls for Obama and other senior U.S. officials to be prosecuted over the 2016 election,https://www.theguardian.com/us-news/2025/jul/18/tulsi-gabbard-obama-2016-election-russia,No,No,Yes,No,No,No,No,No,No,No
741,2025-07-18,Department of Justice (DOJ) sending letters to states demanding voting data,https://abcnews.go.com/Politics/trumps-doj-contacted-states-voter-data-access-voting/story,Yes,No,No,No,No,No,Yes,No,No,No
740,2025-07-18,"Defence Secretary Hegseth tells lawmakers about plan to detain immigrants at military bases in Indiana and New Jersey, a step toward potentially detaining thousands of people on bases on U.S. soil",https://apnews.com/article/ice-immigration-hegseth-trump-indiana-new-jersey-cb9a717168655c56d31366b47dba5d7a,No,No,No,No,No,No,Yes,No,No,Yes
739,2025-07-18,"Conservative legal group America First Legal ( founded and run by Trump advisor Stephen Miller) has filed a complaint to Dept of Justice (DoJ) against Johns Hopkins Universiy School of Medicine, alleging racial discrimination",https://www.thebaltimorebanner.com/education/higher-education/johns-hopkins-medical-school-america-first-legal-conservative-complaint-C4UMKITWIRDZVE7BN2SFDPGNB4/,No,No,No,No,No,Yes,No,No,No,No
738,2025-07-17,White House seeks to inspect Federal Reserve HQ renovations in a bid to pressure Fed Chair Jerome Powell,https://www.nytimes.com/2025/07/17/us/politics/white-house-seeks-to-inspect-fed-renovation-in-bid-to-pressure-powell.html,No,No,Yes,No,No,No,No,No,No,No
737,2025-07-17,"US Department of Justice (DOJ) fires federal prosecutor Maureen Comey, daughter of ex FBI-chief James Comey and prosecutor in case gainst Epstein associate Ghislaine Maxwell",https://www.nytimes.com/2025/07/16/nyregion/maurene-comey-prosecutor-fired-jeffrey-epstein.html,No,No,Yes,No,No,No,No,No,No,No
736,2025-07-17,"Trump administration hands over nation's Medicaid personal data, including addresses and ethnicity data, to ICE (79m enrollees)",https://apnews.com/article/immigration-medicaid-trump-ice-ab9c2267ce596089410387bfcb40eeb7,No,No,No,No,No,No,Yes,No,No,Yes
735,2025-07-17,"The Department of Justice (DOJ) asked sheriffs across California on Thursday to provide lists of inmates in state jails who are not U.S. citizens, and warned that if they did not voluntarily comply, the department would “pursue all available means of obtaining the data.”",https://www.nytimes.com/2025/07/17/us/politics/doj-sheriffs-california-inmates-ice.html,No,No,No,No,No,No,Yes,No,No,Yes
734,2025-07-17,Justice Department (DOJ) gives spurned attorney a new title to keep him in role after a panel of judges refused to appoint him to a permanent position,https://www.nytimes.com/2025/07/16/nyregion/sarcone-albany-us-attorney.html,Yes,No,No,No,No,No,No,No,No,No
733,2025-07-17,"ICE officers can use facial recognition app of 200 million images allowing officers to look up DHS, State Department and State Law Enforcement data bases, increasing the potential for state surveillance",https://www.404media.co/inside-ices-supercharged-facial-recognition-app-of-200-million-images/,No,No,No,No,No,No,Yes,No,No,Yes
732,2025-07-17,Flight manifests show dozens of names of deportees not previously mentioned by the Department of Homeland Security (DHS),https://www.404media.co/flight-manifests-reveal-dozens-of-previously-unknown-people-on-three-deportation-flights-to-el-salvador/,Yes,No,No,Yes,No,No,No,No,No,No
731,2025-07-17,"Border Patrol agents raid Home Depot Store in Northern California, a 600-mile drive away from the border",https://www.nytimes.com/2025/07/17/us/politics/sacramento-home-depot-raid.html,No,No,No,No,No,No,Yes,No,No,Yes
730,2025-07-17,"A new study reveals that many government health datasets have been changed without public notice, raising concerns about scientific integrity and the impact on research",https://academyhealth.org/blog/2025-07/academyhealths-situation-report-substantial-changes-datasets-allocations-fy26-announced,No,No,No,Yes,Yes,No,No,No,No,No
729,2025-07-16,Trump tells Texas Republicans to redraw the state congressional map to help keep GOP House majority. This would create more House seats favourable to his party in bid to retain GOP majority at midtern elections,https://apnews.com/article/trump-congress-house-republicans-texas-redistricting-d18e8280a32872d9eefcbb26f66a0331,Yes,Yes,No,No,No,No,No,No,No,No
728,2025-07-16,Trump shows draft letter to fire Fed Chair Jerome Powell to House Republicans,https://www.nytimes.com/2025/07/16/us/politics/trump-powell-firing-letter.html,No,No,Yes,No,No,No,No,No,No,No
727,2025-07-16,"Mike Huckabee, US ambassador to Israel makes appearance at Nethanyahu's corruption trial potentially influencing another country's judicial process",https://www.nytimes.com/2025/07/16/world/middleeast/mike-huckabee-ambassador-netanyahu-trial-israel.html,No,No,No,No,No,No,No,No,Yes,No
726,2025-07-16,FDA chief medical and scientific officer Prasad again overrides FDA vaccine reviewers on Moderna COVID-19 vaccination for children,https://www.biospace.com/fda/vinay-prasad-overruled-reviewers-on-modernas-covid-19-shot-for-kids,No,No,No,No,Yes,No,No,No,No,No
725,2025-07-16,"Deptartment of Homeland Security (DHS) deports five migrants to Eswatini (The deportees are from Jamaica, Vietnam,Laos, Cuba and Yemen)",https://www.theguardian.com/us-news/2025/jul/16/trump-administration-deports-five-migrants-to-eswatini-in-southern-africa,No,No,No,No,No,No,Yes,No,No,Yes
724,2025-07-15,US nuclear regulator (USNRC) asks job seekers political questions,https://www.reuters.com/legal/government/us-nuclear-regulator-asks-job-seekers-political-questions-2025-07-14/,Yes,No,No,No,Yes,No,No,No,No,No
723,2025-07-15,"U.S. President Donald Trump said on Tuesday a top antagonist, Democratic Senator Adam Schiff, should be ""brought to justice"" for alleged mortgage fraud, in a move the California Democrat said amounted to political persecution.",https://www.reuters.com/world/us/trump-says-democratic-rival-schiff-should-be-brought-justice-alleged-fraud-2025-07-15/,No,No,Yes,No,No,No,No,No,No,No
722,2025-07-15,"Trump official (Russell Vought, director of the Office of Management and Budget (OMB)) falsely accused PEPFAR (providing HIV treatment overseas) of funding abortions in Russia",https://www.nytimes.com/2025/07/15/health/trump-official-pepfar-funding-abortions-russia.html,No,No,No,Yes,Yes,No,No,No,No,No
721,2025-07-15,Trump administration's Dept of Education (DOE) investigates University of Michigan over forgeign funds,https://www.nytimes.com/2025/07/15/us/politics/trump-michigan-university-foreign-funding.html,No,No,No,No,No,Yes,No,No,No,No
720,2025-07-15,"Trump administration opens investigation into Brazil's trade practices and ""anti-corruption interference"" after Trump's criticism of how Bolsonaro, a Trump ally, was treated",https://www.nytimes.com/2025/07/15/us/politics/trump-brazil-trade-investigation.html,No,No,No,No,No,No,No,No,Yes,No
719,2025-07-15,Trump administration (EPA) withdraws $15m in research into PFAs (forever chemicals),https://www.theguardian.com/us-news/2025/jul/11/trump-pfas-research-funding-farms,No,No,No,No,Yes,No,No,No,No,No
718,2025-07-15,"Supporting partisan gerrymandering, Trump says he wants 5-seat pickup from redraw of Texas congressional map",https://www.politico.com/news/2025/07/15/trump-five-seat-pickup-redraw-texas-congressional-map-00454301,Yes,Yes,No,No,No,No,No,No,No,No
717,2025-07-15,"Justice Department (DOJ) political leadership claims sweeping authority to fire career law enforcement officials without cause, bypassing Civil Service and Whistleblower laws",https://www.nytimes.com/2025/07/15/us/politics/justice-department-dismissals-civil-service-laws.html,Yes,No,No,No,No,No,No,No,No,No
716,2025-07-15,ICE declares millions of undocumented immingrants ineligible for bond hearings,https://www.reuters.com/world/us/us-launches-new-bid-keep-migrants-detained-by-denying-hearings-memo-shows-2025-07-15/,Yes,No,No,No,No,No,Yes,No,No,Yes
715,2025-07-15,ICE attorneys able to obscure their identities in immigration hearings,https://theintercept.com/2025/07/15/ice-lawyers-hiding-names-court/,Yes,No,No,No,No,No,No,No,No,No
714,2025-07-14,Senator Rand Paul Re-Refers Dr. Anthony Fauci to the Department of Justice for investigation,https://www.hsgac.senate.gov/media/reps/senator-rand-paul-re-refers-dr-anthony-fauci-to-the-department-of-justice/,No,No,Yes,No,Yes,No,No,No,No,No
713,2025-07-14,National Institutes of Health (NIH) to dismiss dozens of grant reviewers to align with Trump administration's priorities,https://www.nature.com/articles/d41586-025-02221-6,No,No,No,No,Yes,No,No,No,No,No
712,2025-07-14,"Hundreds of people at ""Aligator Alcatraz"" detainment camp are being held there without criminal charges",https://www.theguardian.com/us-news/2025/jul/14/alligator-alcatraz-lawsuits,Yes,No,No,No,No,No,Yes,No,No,Yes
711,2025-07-14,"Department of Health and Human Services (HHS) fires 1000s across health, democracy and human traficking agencies",https://edition.cnn.com/2025/07/14/health/hhs-layoffs-supreme-court,No,Yes,No,No,Yes,No,No,No,No,No
710,2025-07-13,Pam Bondi fires her personal Ethics Chief,https://news.bloomberglaw.com/us-law-week/bondi-fires-her-personal-ethics-chief-as-doj-purge-continues,Yes,No,No,No,No,No,No,No,No,No
709,2025-07-13,"Detainees in Florida's ""Alligator Alcatraz"" packed into cages and kept in inhuman conditions, according to Florida lawmakers who visited facility",https://edition.cnn.com/2025/07/12/us/alligator-alcatraz-lawmaker-tour-conditions,No,No,No,No,No,No,Yes,No,No,Yes
708,2025-07-12,Trumps crypto firm World Liberty Financial that raised $52m is likely sending assets to Trump and his family (according to a filing with the SEC),https://www.forbes.com/sites/zacheverson/2025/07/12/trump-world-liberty-financial-crypto-sec-tokens-wlfi-usd1/,No,No,No,No,No,No,No,Yes,No,No
707,2025-07-12,"Trump threatens to strip Rosie O'Donnell of US Citizenship (She is a US born comedian and actress, critical of Trump)",https://www.nytimes.com/2025/07/12/us/politics/trump-rosie-odonnell-citizenship.html,No,No,Yes,No,No,No,No,No,No,No
706,2025-07-12,Trump threatens steep 30% tariffs on EU and Mexico startng Aug 1,https://www.nytimes.com/2025/07/12/us/politics/europe-eu-tariffs-trade.html,No,No,No,No,No,No,No,No,Yes,No
705,2025-07-12,"Trump authorises ICE agents to protect themselves using ""whatever means necessary""",https://www.theguardian.com/us-news/2025/jul/12/trump-authorization-immigration-enforcement,No,No,Yes,No,No,No,No,No,No,Yes
704,2025-07-12,Trump administration fires more Dept of Justice (DoJ) employees who once worked for the Special Counsel,https://www.nytimes.com/2025/07/12/us/politics/justice-dept-jack-smith-firings.html,No,No,Yes,No,No,No,No,No,No,No
703,2025-07-12,The Federal Communication Commission (FCC) clears path for T-mobile mergers after iT-mobile drops DEI initiatives due to pressure from FCC,https://www.nytimes.com/2025/07/11/business/tmobile-fcc-dei-corporate-america.html,No,No,No,No,No,No,Yes,Yes,No,No
702,2025-07-12,ICE set to vastly expand with new funds,https://www.nytimes.com/2025/07/12/us/politics/ice-expansion-concerns.html,No,No,No,No,No,No,Yes,No,No,Yes
701,2025-07-12,"Billionaire Tech Advisor to Trump says universities will ""pay the price"" for DEI and calls for the National Science Foundation (NSF) to receive the ""bureaucratic death penalty""",https://www.washingtonpost.com/technology/2025/07/12/marc-andreessen-private-chat-universities-diversity/,No,No,No,No,Yes,Yes,No,No,No,No
700,2025-07-12,Attorney General Pam Bondi announces dismissal of charges against plastic surgeon who destroyed Covid vaccines and charged for fake CDC Covid vaccination cards,https://www.cbsnews.com/news/pam-bondi-dismissal-charges-against-utah-plastic-surgeon-michael-kirk-moore-faking-covid-19-vaccine/,Yes,No,No,No,Yes,No,No,No,No,No
699,2025-07-11,US State Department issues first of 1350 termination notices to its diplomatic corps,https://www.theguardian.com/us-news/2025/jul/11/state-department-layoffs-rif,No,Yes,No,No,No,No,No,No,Yes,No
698,2025-07-11,"US Education Department (DOE) launches investigation into Minnesota 's George Mason University over DEI practices and the Department of Justice (DOJ) opened and investigation into Minnesota, including its Department of Health and Human Services",https://www.reuters.com/legal/government/us-probes-minnesota-george-mason-university-over-dei-hiring-practises-2025-07-10/,No,No,Yes,No,No,Yes,No,No,No,No
697,2025-07-11,Trump threatens withdrawing his endorsement from any Republican senator who votes against his Recission bill (including defunding pulbic broadcasters PBS and NPR),https://bsky.app/profile/sahilkapur.bsky.social/post/3ltnjvou6bc23,Yes,No,Yes,No,No,No,No,No,No,No
696,2025-07-11,Trump puts 35% tariffs on Canada and raising tariffs for most other countries,https://www.reuters.com/world/us/trump-puts-35-tariff-canada-eyes-15-20-tariffs-others-2025-07-11,No,No,No,No,No,No,No,No,Yes,No
695,2025-07-11,"Republican Senator Justice successfully pushed for coal subsidy that personally benefits himself & family, while damaging climate goals. as part of ""Big Beautiful Bill""",https://www.eenews.net/articles/how-a-new-coal-credit-snuck-into-the-gop-megabill/,No,No,No,No,Yes,No,No,Yes,No,No
694,2025-07-11,Federal officers use force on protesters during immigration raid at farm in California,https://www.theguardian.com/us-news/live/2025/jul/10/us-politics-latest-news-updates-donald-trump-birthright-citizenship-republicans-democrats,No,No,Yes,No,No,No,Yes,No,No,Yes
693,2025-07-11,Farm worker in California dies a day after sustaining injuries at an immigration raid where over 200 arrests were made,https://www.theguardian.com/us-news/2025/jul/11/california-farm-immigration-raid,No,No,Yes,No,No,No,Yes,No,No,Yes
692,2025-07-11,Enviroment Protection Agency (EPA) to cut funding to solar and wind projects,https://www.nytimes.com/2025/07/11/business/energy-environment/energy-department-renewable-funding-cuts.html,No,No,No,No,Yes,No,No,No,No,No
691,2025-07-11,Dept of Homeland Security (DHS) posts explicitly Christian and violent video on Facebook about ICE delivering the Lord's justice,https://talkingpointsmemo.com/edblog/lords-vengeance,No,No,Yes,Yes,No,No,No,No,No,Yes
689,2025-07-10,The F.B.I. Is Using Polygraphs to Test Officials’ Loyalty,https://www.nytimes.com/2025/07/10/us/politics/fbi-polygraph-kash-patel.html,Yes,No,Yes,No,No,No,No,No,No,No
688,2025-07-10,"NIH (National Institute of Health) director, Jay Bhattacharya, is replacing his top independent advisory board, the Advisory Committee to the director (ACD)",https://www.science.org/content/article/nih-director-replacing-his-top-outside-advisory-board,No,No,No,No,Yes,No,No,No,No,No
687,2025-07-10,Dept of Homeland Security (DHS) cancels extreme weather communcations grant while rescue efforts in Texas floods are ongoing,https://talkingpointsmemo.com/edblog/dhs-cancels-extreme-weather-comms-grant-while-bodies-still-being-recovered-in-texas,No,No,No,Yes,Yes,No,No,No,No,No
686,2025-07-09,US agricuture secretary says automation and forcing Mecdicaid recipients to work can replace migrant farm workers,https://www.theguardian.com/us-news/2025/jul/09/trump-sues-california-over-transgender-athletes-in-girls-school-sports,No,No,No,No,No,No,Yes,No,No,No
685,2025-07-09,Trump sues California about transgender athletes in girls' school sports,https://www.theguardian.com/us-news/2025/jul/09/trump-sues-california-over-transgender-athletes-in-girls-school-sports,No,No,No,No,No,Yes,Yes,No,No,No
684,2025-07-09,"Trump hits Brazil with 50% tariff, in part due to trial of former president and Trump ally, Bolsonaro",https://www.nbcnews.com/business/economy/trump-hits-brazil-50-percent-tariff-citing-ex-president-jair-bolsonaro-rcna217859,No,No,Yes,No,No,No,No,No,Yes,No
683,2025-07-09,Trump aides linked to firms that may profit from privatised weather forecasts,https://apnews.com/article/trump-lutnick-weather-service-privatization-conflicts-9892de853c283468e6fb970cfd898d96,No,No,No,No,No,No,No,Yes,No,No
682,2025-07-09,Trump administration renews pressure on Harvard with administrative subpeonas issued by DHS and threatens accreditation (core to university function),https://www.nytimes.com/2025/07/09/us/politics/trump-harvard-data-accreditation.html,No,No,No,No,No,Yes,No,No,No,No
681,2025-07-09,"The Supreme Court lifted 77% of lower court injunctions against Trump administration policies through emergency orders, compared to 14% for Biden administration policies. This pattern exemplifies what scholars call ""autocratic legalism""—the systematic weaponization of legal institutions to consolidate power while maintaining the appearance of legal process.",https://data4democracy.substack.com/p/how-to-dismantle-a-democracy-legally,Yes,No,No,No,No,No,No,No,No,No
680,2025-07-09,RFKJr (Kennedy) abruptly cancels USPFTS (US PReventive Services Task Force) meeting,https://www.medpagetoday.com/washington-watch/washington-watch/116435,No,No,No,No,Yes,No,No,No,No,No
679,2025-07-09,Recipients of US Climate Science Fellowship are put on unpaid leave,https://www.nytimes.com/2025/07/09/climate/noaa-fellows-unpaid-leave.html,No,No,No,No,Yes,No,No,No,No,No
678,2025-07-09,over 2000 senior staff due to leave NASA,https://www.politico.com/news/2025/07/09/nasa-staff-departures-00444674,No,Yes,No,No,Yes,No,No,No,No,No
677,2025-07-09,HHS (Health and Human Services) backtracks on pledge to disclose confilcts of interest for new ACIP (Vaccine advisory panel) members appointed my RFK,https://www.statnews.com/2025/07/09/kennedy-conflict-of-interest-radical-transparency-acip-vaccine-experts/,No,No,No,No,Yes,No,No,No,No,No
676,2025-07-09,Dept of Justice (DOJ) subpeonas nearly 20 clinics over gender-affirming care,https://www.statnews.com/2025/07/09/doj-issues-subpoenas-related-to-gender-affirming-care/,No,No,No,No,Yes,No,Yes,No,No,No
675,2025-07-09,Administration takes steps to investigate two officials who investigated Trump (former FBI director Comey and former CIA director Brennan),https://www.nytimes.com/2025/07/09/us/politics/ratcliffe-brennan-cia.html,No,No,Yes,No,No,No,No,No,No,No
674,2025-07-08,Trump suggests federal take-over of New York City (NYC) and Washington DC,https://abcnews.go.com/Politics/trump-suggests-taking-new-york-city-washington/story,Yes,No,Yes,No,No,No,No,No,No,Yes
673,2025-07-08,Trump interupts Cabinet meeting and ramps up attacks on CNN's Natasha Bertrand urging CNN to fire her,https://www.yahoo.com/news/trump-ramped-attacks-cnn-natasha-181203593.html,No,No,Yes,No,No,No,No,No,No,No
671,2025-07-08,Spanish language journalist held by ICE despite having been granted bond by a judge a week before (i.e. they should have been released then),https://apnews.com/article/journalist-detained-immigration-ice-mario-guevara-atlanta-4ccc284fe8200d7a98ff16c8f93b1d78,Yes,No,No,No,No,No,Yes,No,No,Yes
670,2025-07-08,Alligator Alcaraz detainees claim inhumane conditions,https://www.cbsnews.com/miami/news/alligator-alcatraz-detainees-allege-inhumane-conditions-at-immigration-detention-center/,No,No,No,No,No,No,Yes,No,No,Yes
669,2025-07-07,"US funding cuts threaten academic science jobs in the US at all levels, particularly early career researchers: e.g. the number of early-career researchers ithe National Science Foundation (NSF) supports could fall by 78%",https://www.science.org/content/article/it-s-nightmare-u-s-funding-cuts-threaten-academic-science-jobs-all-levels,No,No,No,No,Yes,Yes,No,No,No,No
668,2025-07-07,"Trump threatens extra 10% tarriffs on countries siding with policies of the BRICS countriest (Brazil, Russia, India, China, South Africa, Egypt, Ethiopia, Indonesia, Iran and the United Arab Emirates)",https://www.bbc.co.uk/news/articles/c1dnz7gw92zo,No,No,No,No,No,No,No,No,Yes,No
667,2025-07-07,"Trump administration ends protections (Temporary Protection Status) for migrants from Honduras, Nicaragua",https://www.nytimes.com/2025/07/07/us/politics/trump-deportations-tps-honduras-nicaragua.html,No,No,No,No,No,No,Yes,No,Yes,Yes
666,2025-07-07,"Prosecutor saya US will deport Abrego Garcia to a third country before his trial, if he is released from jail, undermining rule of law",https://apnews.com/article/kilmar-abrego-garcia-deportation-trump-lawsuit-13de4083d83023e4b5feace4b7f8ea24,Yes,No,No,No,No,No,Yes,No,No,Yes
665,2025-07-07,"National Guard troops protect immigration officers in large operation in L.A.'s Mac Arthur Park, with Fox News embedded",https://apnews.com/article/california-immigration-raid-troops-military-2d81f5c35f9d11db9e32234e03480497,No,No,Yes,No,No,No,Yes,No,No,Yes
664,2025-07-06,EO charging foreign tourists more for entry into national parks and to give preferential access to US citizens,https://www.cbsnews.com/news/trump-signs-executive-order-calling-for-foreign-visitors-to-pay-surcharge-at-national-parks/,No,No,No,No,No,No,No,No,Yes,No
663,2025-07-05,Previously apolitical Social Security Administration lauds Trump tax bill in email and is misleading about tax cuts,https://www.theguardian.com/us-news/2025/jul/05/social-security-administration-email-trump-tax-bill,Yes,No,No,Yes,No,No,No,No,No,No
662,2025-07-04,US expands militarised zones to 1/3 of the Southern border,https://apnews.com/article/border-military-trump-national-defense-area-89f046e09809fe5b5071c6b9e1f48da9,No,No,No,No,No,No,No,No,No,Yes
661,2025-07-04,"EPA puts 139 employees on leave after thy sign a ""declaration of Dissent""",https://www.theguardian.com/us-news/2025/jul/03/epa-employees-administrative-leave,No,No,Yes,No,Yes,No,No,No,No,No
660,2025-07-04,"Democratic lawmakers denied access to Florida detention centre ""Alligator Alcaraz""",https://www.theguardian.com/us-news/2025/jul/04/florida-democrats-alligator-alcatraz,Yes,No,No,No,No,No,No,No,No,No
659,2025-07-03,"Trump EO creates ""Make America Beautiful"" commission to “promote responsible stewardship of natural resources while driving economic growth” on historically protected public land.",https://www.nytimes.com/2025/07/03/us/politics/trump-executive-order-maba-public-land.html,No,No,No,No,Yes,No,No,No,No,No
658,2025-07-03,"Trump claims sweeping power to nullify laws, letters on TikTok ban show",https://www.nytimes.com/2025/07/03/us/politics/trump-bondi-tiktok-executive-power.html,Yes,No,No,No,No,No,No,No,No,No
657,2025-07-03,"Supreme Court lets Trump deport 8 migrants to South Sudan, a war-torn country",https://www.nytimes.com/2025/07/03/us/politics/supreme-court-migrants-south-sudan.html,Yes,No,No,No,No,No,Yes,No,No,Yes
656,2025-07-03,Iranian with no criminal record who has lived in the US for 47 years detained by ICE,https://www.theguardian.com/us-news/2025/jul/03/ice-iran-donna-kashanian,No,No,No,No,No,No,Yes,No,No,Yes
655,2025-07-02,"US tries to deport stateless Palestinian woman, despite judge's order barring her removal",https://www.theguardian.com/us-news/2025/jul/02/stateless-palestinian-woman-deportation-ward-sakeik,Yes,No,No,No,No,No,Yes,No,No,Yes
654,2025-07-02,Trump says Fed chair should resign in new attacks at Jerome Powell,https://www.nytimes.com/2025/07/02/us/politics/trump-jerome-powell-fed.html,No,No,Yes,No,No,No,No,No,No,No
653,2025-07-02,Trump asks Supreme Court to allow him to fire three democratic Consumer Product Safety Regulators,https://www.nytimes.com/2025/07/02/us/politics/trump-consumer-product-safety.html,Yes,No,No,No,No,No,No,No,No,No
652,2025-07-02,"Sec of State, Noem asks DHS advisers for help firing people ""who don't like us""",https://federalnewsnetwork.com/workforce-rightsgovernance/2025/07/noem-asks-dhs-advisers-for-help-firing-people-who-dont-like-us/,No,No,Yes,No,No,No,No,No,No,No
651,2025-07-02,"Records show Prasad, FDA's new chief medical and scientific officer, rejected the recommendations of agency experts and limited the use of Covid vaccines.",https://www.nytimes.com/2025/07/02/health/fda-covid-vaccines.html,No,No,No,No,Yes,No,No,No,No,No
650,2025-07-02,"Kristi Noem claims ICE deported a ""self-eating"" cannibal without providing evidence",https://www.independent.co.uk/news/world/americas/us-politics/trump-kristi-noem-hannibal-lecter-florida-visit-b2780595.html,No,No,No,Yes,No,No,Yes,No,No,Yes
649,2025-07-02,"Former January 6th defendant now advising Justice Dept's ""weaponization working group""",https://www.theguardian.com/us-news/2025/jul/02/january-6-rioter-justice-department-jared-l-wise,Yes,No,No,No,No,No,No,No,No,No
648,2025-07-02,Appeals court lets Trump remove another Democrat from an independent agency (Federal Labor Relations Authority),https://www.nytimes.com/2025/07/03/us/politics/trump-labor-relations-authority.html,Yes,No,No,No,No,No,No,No,No,No
647,2025-07-01,"Trump Tells Musk to “Head Back Home to South Africa”. After Musk threatened to form a new political party, the president fired back with a nativist attack, accusing the billionaire of being a subsidy addict and threatening to have his own companies investigated",https://gizmodo.com/trump-tells-musk-to-head-back-home-to-south-africa-in-escalating-feud-2000622639,No,No,Yes,No,No,No,No,No,No,No
646,2025-07-01,Trump team threatens to prosecute CNN over ICE tracking App reporting,https://www.theguardian.com/us-news/2025/jul/01/trump-kristi-noem-cnn-threat,No,No,Yes,Yes,No,No,No,No,No,No
645,2025-07-01,Trump team axes contracts with publishing giant Springer Nature,https://www.nature.com/articles/d41586-025-02080-1,No,No,No,No,Yes,No,No,No,No,No
644,2025-07-01,"Trump launches his own perfume, using the presidency to advertise it",https://www.independent.co.uk/news/world/americas/us-politics/donald-trump-perfume-fragrance-price-b2780035.html,No,No,No,No,No,No,No,Yes,No,No
643,2025-07-01,"Trump celebrates harsh conditions at ""Alligator Alcaraz"" during site visit",https://www.theguardian.com/us-news/2025/jul/01/trump-alligator-alcatraz-immigration-florida,No,No,No,No,No,No,Yes,No,No,Yes
642,2025-07-01,"Trump and Republicans mislead on policy bill effects, citing inaccurate claims about the tax and policy bill.",https://www.nytimes.com/2025/07/01/us/politics/trump-tax-cuts-policy-bill.html,No,No,No,Yes,No,No,No,No,No,No
641,2025-07-01,"Trump administration withholds, without explanation, $7bn for schools allocated by Congress",https://www.nytimes.com/2025/07/01/us/trump-education-funds.html,Yes,No,No,No,No,Yes,No,No,No,No
640,2025-07-01,"In a deal with Trump administration the University of Pennsylvania agrees to limit participation of transgender athletes in sport and adopt biology-based definitions of the words ""male"" and ""female"".",https://www.nytimes.com/2025/07/01/us/penn-title-ix-transgender-swimmer-trump.html,No,No,No,No,No,Yes,Yes,No,No,No
639,2025-06-30,"White House says Canada's PM Carney ""caved"" to Trump on technology tax",https://www.bbc.co.uk/news/articles/cd0vv2pe7ydo,No,No,No,No,No,No,No,No,Yes,No
638,2025-06-30,Trump threatens to cut off New York City funds if Mamdani ‘doesn’t behave’,https://www.theguardian.com/us-news/2025/jun/29/trump-zohran-mamdani-nyc-funds,No,No,Yes,No,No,No,No,No,No,No
637,2025-06-30,Trump Justice Department issues directive to strip naturalized Americans' citizenship for criminal offences,https://www.theguardian.com/us-news/2025/jun/30/trump-birthright-citizenship-naturalized-citizens,Yes,No,No,No,No,No,Yes,No,No,Yes
636,2025-06-30,Trump considers forcing journalists to reveal sources who leaked Iran report,https://www.theguardian.com/us-news/2025/jun/29/trump-iran-military-strike-report,No,No,Yes,No,No,No,No,No,No,No
635,2025-06-30,Trump administration says Harvard risks ‘loss of all federal resources’ due to alleged campus antisemitism,https://www.politico.com/news/2025/06/30/trump-harvard-federal-funding-antisemitism-00432450,No,No,No,No,No,Yes,No,No,No,No
634,2025-06-30,"Supreme Court rules prison inmate cannot sue federal officers for alleged assault, weakening constitutional rights of inmates",https://www.nbcnews.com/politics/supreme-court/supreme-court-rules-prison-inmate-cannot-sue-federal-officers-alleged-rcna213333,No,No,No,No,No,No,Yes,No,No,No
633,2025-06-30,DOJ announces plans to prioritize cases to revoke citizenship,https://www.npr.org/2025/06/30/nx-s1-5445398/denaturalization-trump-immigration-enforcement,Yes,No,No,No,No,No,Yes,No,No,Yes
632,2025-06-30,"All US National Clilmate Assessments (mandated by Congress every 4 years) taken offline, as well as the US Global Change Research Program Website",https://bsky.app/profile/katharinehayhoe.com/post/3lstz5lu4rs27,No,No,No,No,Yes,No,No,No,No,No
631,2025-06-29,"Trump pushes Republican senators to ignore the Senate parliamentarian, who judges whether proposed measures adhere to Senate rules after concerns raised about budget bill",https://thehill.com/homenews/administration/5376089-trump-urges-republicans-to-overrule-parliamentarian/,Yes,No,No,No,No,No,No,No,No,No
630,2025-06-29,"Republicans pass budget bill through the senate by releasing it in the middle of night and holding a vote middle of the following night, allowing little time for scrutiny and debate",https://apnews.com/article/trump-tax-breaks-spending-cuts-senate-deadline-8c72d6db7c9725d9d56db8294012809e,Yes,No,No,No,No,No,No,No,No,No
629,2025-06-29,"Republican Senator Thom Tilllis, who opposed Trump's budget cuts, won't run for re-election after Trump threatens to support a primary candidate against him",https://www.nbcnews.com/politics/2026-election/gop-sen-thom-tillis-not-running-re-election-north-carolina-rcna215819,No,No,Yes,No,No,No,No,No,No,No
628,2025-06-28,Justice Dept apruptly fires three lawyers involved with Jan 6 cases,https://apnews.com/article/jan-6-prosecutions-capitol-riot-trump-bondi-1107441a68cef171dfff4e680e438452,No,No,Yes,No,No,No,No,No,No,No
627,2025-06-28,Concerns over conditions in immigrant detention centres grow,https://www.nytimes.com/2025/06/28/us/immigrant-detention-conditions.html,No,No,No,No,No,No,Yes,No,No,Yes
626,2025-06-27,US Supreme Court limits federal judges' power to block Trump orders,https://www.theguardian.com/us-news/2025/jun/27/trump-supreme-court-birthright-citizenship-scotus,Yes,No,No,No,No,No,Yes,No,No,No
625,2025-06-27,"Trump Justice Dept pressures President of the University of Virginia to resign, who then does",https://www.nytimes.com/2025/06/27/us/politics/uva-president-resigns-jim-ryan-trump.html,No,No,No,No,No,Yes,No,No,No,No
624,2025-06-27,Trump announces immediate end of trade talks with Canada over their plan to begin collecting Digital Services Taxes from US tech giants,https://www.nytimes.com/2025/06/27/business/trump-ends-canada-trade-talks.html,No,No,No,No,No,No,No,No,Yes,No
623,2025-06-27,Supreme Court rules parents can let children opt out of LGBTQ+ book readings,https://www.theguardian.com/us-news/2025/jun/27/supreme-court-lgbt-book-ban-case-ruling,No,No,No,No,No,Yes,Yes,No,No,No
622,2025-06-27,Justice Dept opens investigation into University of California hiring practices,https://www.nytimes.com/2025/06/26/us/politics/justice-dept-opens-inquiry-into-university-of-california-hiring-practices.html,No,No,No,No,No,Yes,No,No,No,No
621,2025-06-27,"DHS (Department of Homeland Security) terminates Haiti's TPS (Temporary Protection Status), effective from September, claiming it's a safe country to return to",https://www.dhs.gov/news/2025/06/27/dhs-terminates-haiti-tps-encourages-haitians-obtain-lawful-status,No,No,No,No,No,No,Yes,No,No,Yes
620,2025-06-26,"US State Dept told to end nearly all of its overseas pro-democracy programs awareded under the Dept of Democracy, Human Rights and Labor (DLR)",https://www.theguardian.com/us-news/2025/jun/26/us-state-department-overseas-pro-democracy-programs,No,Yes,No,No,No,No,No,No,Yes,No
619,2025-06-26,US citizen arrested during ICE raids in LA,https://www.theguardian.com/us-news/2025/jun/26/immigration-ice-raid-andrea-velez,No,No,No,No,No,No,Yes,No,No,Yes
618,2025-06-26,"Trump urges Congress to ""kill"" Voice of America (U.S. Agency for Global Media, urged Congress on Wednesday to gut the Voice of America and other federally funded news organizations she oversees,)",https://www.nytimes.com/2025/06/25/us/politics/trump-lake-voice-of-america.html,No,Yes,No,Yes,No,No,No,No,No,No
617,2025-06-26,Trump threatens to sue CNN and NYT over Iran reporting,https://www.nytimes.com/2025/06/26/business/media/trump-iran-new-york-times-cnn.html,No,No,Yes,Yes,No,No,No,No,No,No
616,2025-06-26,"Trump officials cite ""new intelligence"" to back Trump's claims of a successful strike in Iran",https://www.theguardian.com/world/2025/jun/26/iran-nuclear-facility-damage-assessment-new-intelligence-trump-claim,No,No,No,Yes,No,No,No,No,No,No
615,2025-06-26,Trump calls for end to Netanyahu's corruption trial in Israel,https://www.bbc.co.uk/news/articles/cwyxg272nlyo,No,No,No,No,No,No,No,No,Yes,No
614,2025-06-26,Trump blames Iran intelligence leak on Democrats (without evidence) and calls for prosecutions,https://www.theguardian.com/us-news/live/2025/jun/26/us-politics-live-latest-news-donald-trump-iran-democrats-republicans,No,No,Yes,No,No,No,No,No,No,No
613,2025-06-26,Trump administration to deport Abrego Garcia again to a third country,https://www.axios.com/2025/06/26/trump-deport-abrego-garcia-third-country,Yes,No,No,No,No,No,Yes,No,No,Yes
612,2025-06-26,Supreme Court paves way to defund Planned Parenthood (could block clinics providing abortion from receiving Medicaid - liberal justices diisent),https://www.theguardian.com/us-news/2025/jun/26/supreme-court-planned-parenthood-decision,No,No,No,No,Yes,No,Yes,No,No,No
611,2025-06-26,Right-wing Republicans in Congress attack Democrat New York City mayoral candidate Mamadani with islamophobic comments,https://www.nytimes.com/2025/06/26/us/politics/zohran-mamdani-congress-racism.html,Yes,No,Yes,No,No,No,No,No,No,No
610,2025-06-26,"RFK Jr s new vaccine panel votes to remove preservative from flu shot, despite evidence that it is safe",https://www.theguardian.com/us-news/2025/jun/26/rfk-flu-shot-vaccines-panel,No,No,No,No,Yes,No,No,No,No,No
609,2025-06-26,New student and academic visa rule demands Social Media account access set to public,https://uk.news.yahoo.com/who-is-affected-by-new-us-visa-rule-that-demands-all-social-media-accounts-be-made-public-122337259.html,No,No,No,No,No,Yes,Yes,No,No,Yes
608,2025-06-26,ICE rolls out face recognition tools to agents' phones in the field,https://www.404media.co/ice-is-using-a-new-facial-recognition-app-to-identify-people-leaked-emails-show/,No,No,No,No,No,No,Yes,No,No,Yes
607,2025-06-25,US is creating two more expanded military zones on the Southern border,https://www.nytimes.com/2025/06/25/us/politics/us-is-creating-2-new-expanded-military-zones-along-border-with-mexico.html,No,No,No,No,No,No,Yes,No,No,Yes
606,2025-06-25,US Attorney Pam Bondi denies knowing ICE agents wore masks despite video evidence,https://www.theguardian.com/us-news/2025/jun/25/ag-pam-bondi-ice-masks-raids,No,No,No,Yes,No,No,No,No,No,No
605,2025-06-25,Trump limits classified intelligence sharing with Congress,https://www.axios.com/2025/06/25/democrats-iran-trump-classified-intelligence-leaks,Yes,No,No,Yes,No,No,No,No,No,No
604,2025-06-25,Trump hints at renaming Dept of Defence to Dept of war,https://eu.usatoday.com/story/news/politics/2025/06/25/trump-war-department-defense-department/84352233007/,No,No,No,No,No,No,No,No,No,Yes
603,2025-06-25,Trump calls for CNN reporter to be fired over Iran nuclear damage report,https://thehill.com/homenews/media/5369495-donald-trump-cnn-reporter-iran-damage-report/,No,No,Yes,Yes,No,No,No,No,No,No
602,2025-06-25,Trump axes UK university research prejects,https://www.researchprofessionalnews.com/rr-news-uk-universities-2025-6-trump-administration-axes-uk-university-research-projects/,No,No,No,No,Yes,No,No,No,No,No
601,2025-06-25,Trump administration's Department of Justice (DoJ) is suing the federal bench in Maryland (all 15 judges) over order blocking removal of immigrants,https://www.nytimes.com/2025/06/25/us/politics/trump-maryland-judges-lawsuit.html,Yes,No,Yes,No,No,No,No,No,No,No
600,2025-06-25,"New ACIP Expert panel picked by Kennedy (RFK Jr), including several vaccine sceptics, will scrutinise childhood vaccine schedule",https://www.npr.org/sections/shots-health-news/2025/06/25/nx-s1-5445254/cdc-review-vaccine-schedule-children,No,No,No,No,Yes,No,No,No,No,No
599,2025-06-25,Ice and private prison contractor CoreCivic to transform a currently closed 2500-bed facility into massive immigrant detention centre in California,https://www.theguardian.com/us-news/2025/jun/25/california-immigrant-detention-facility,No,No,No,No,No,No,Yes,No,No,Yes
598,2025-06-25,Housing Dept to move into National Science Foundation building without plan for NSF to be relocated,https://www.nytimes.com/2025/06/25/us/politics/housing-department-headquarters-move.html,No,Yes,No,No,Yes,No,No,No,No,No
597,2025-06-25,DOJ sues Minnesota to stop law allowing undocumented students to qualify for in-state tuition,https://www.politico.com/news/2025/06/25/undocumented-immigrants-tuition-minnesota-lawsuit-00424589,No,No,No,No,No,Yes,Yes,No,No,Yes
596,2025-06-25,CDC vaccine report to be presented to ACIP on Thimerosal cites study that does not exist,https://www.theguardian.com/us-news/2025/jun/24/cdc-vaccine-presentation-autism,No,No,No,No,Yes,No,No,No,No,No
595,2025-06-25,"Between May 1 and June 23, federal judges ruled against the Trump administration 94% of the time. The Supreme Court backed it 94% of the time",https://data4democracy.substack.com/p/the-supreme-court-is-at-war-with,Yes,No,No,No,No,No,No,No,No,No
594,2025-06-24,"Trump personally attacks head of the independent Federal Reserve, Jerome Powell, over interest rate decisions.",https://www.theguardian.com/business/2025/jun/24/fed-jerome-powell-trump-interest-rates,No,No,Yes,No,No,No,No,No,No,No
593,2025-06-24,Trump drives surge in ICE detentions of immigrants with no criminal record,https://www.theguardian.com/us-news/2025/jun/24/trump-immigrants-ice-arrests,No,No,No,No,No,No,Yes,No,No,Yes
592,2025-06-24,"National Archives, holding permanent records created by Federal agencies, will restrict access to its records from July 2025 ""with access only for visitors with a legitimate business need"" instead of the general public",https://www.archives.gov/college-park,Yes,No,No,Yes,No,Yes,No,No,No,No
591,2025-06-24,Masked Immigration agents challenge local law enforcement in LA,https://www.latimes.com/california/story/2025-06-24/masked-immigration-agents-local-law-enforcement-tension,No,No,No,No,No,No,Yes,No,No,Yes
590,2025-06-24,"Justice Dept leader (Trump nominee) suggested violating court orders, as per whistle-blower",https://www.nytimes.com/2025/06/24/us/politics/justice-department-emil-bove-trump-deportations-reuveni.html,Yes,No,No,No,No,No,No,No,No,No
589,2025-06-24,"Donald Trump’s allies have launched a super PAC that will seek to oust Rep. Thomas Massie, a Kentucky Republican who opposed the president’s domestic policy bill and criticized his strikes on Iran’s nuclear facilities.",https://edition.cnn.com/2025/06/24/politics/thomas-massie-trump-oust-incumbent,No,No,Yes,No,No,No,No,No,No,No
588,2025-06-24,"Data from US satelite (DMPS) monitoring sea ice, surface temperature and wind and will no longer be distributed after 30/6/25",https://osi-saf.eumetsat.int/community/stories/implications-end-ssmis-data-osi-saf-products,No,No,No,No,Yes,No,No,No,No,No
587,2025-06-24,"Budget cuts for NOAA ( National Oceanic and Atmospheric Administration ) include ending all funding for its Office of Oceanic and Atmospheric Research, the division that coordinates and conducts weather and climate research",https://eu.usatoday.com/story/news/nation/2025/06/24/noaa-budget-cuts-weather-forecasts-dire-impact/84064074007/,No,No,No,No,Yes,No,No,No,No,No
586,2025-06-23,Trump administration to end protections for 58 million acres of National Forests,https://www.nytimes.com/2025/06/23/climate/trump-end-protections-for-58-million-acres-of-national-forests.html,No,No,No,No,Yes,No,No,No,No,No
585,2025-06-23,Supreme Court rules that Trump can deport migrants to third countries without regard if it is safe (6-3 vote along party lines with strong dissent from liberal judges),https://www.nytimes.com/2025/06/23/us/politics/supreme-court-south-sudan-migrants.html,No,No,No,No,No,No,Yes,No,No,Yes
584,2025-06-23,Social Security stops reporting call wait times and other metrics,https://www.msn.com/en-us/money/retirement/social-security-stops-reporting-call-wait-times-and-other-metrics/ar-AA1H7VoN,Yes,No,No,Yes,No,No,No,No,No,No
583,2025-06-23,"President’s dubious claims of ‘emergency’ threaten civic and political norms in authoritarian style, experts warn",https://www.theguardian.com/us-news/2025/jun/23/trump-emergency-declarations-politics-law,Yes,No,No,No,No,No,No,No,No,No
582,2025-06-23,Masked Border Patrol agents detain landscape gardener after repeately hitting him,https://ktla.com/news/local-news/santa-ana-landscaper-detained/,No,No,No,No,No,No,Yes,No,No,Yes
581,2025-06-23,"Former leader of anti-vaccine group (""Children's Health Defence"") to present at ACIP meeting",https://edition.cnn.com/2025/06/23/health/cdc-vaccine-meeting-thimerosal-lyn-redwood,No,No,No,No,Yes,No,No,No,No,No
580,2025-06-23,"Florida to build ""Aligator Alcatraz"" - a detention centre for migrants to support ICE efforts , possibly with some funding from FEMA",https://www.nytimes.com/2025/06/23/us/politics/florida-alligator-alcatraz-migrant-detention-center.html,No,No,No,No,No,No,Yes,No,No,Yes
579,2025-06-22,Trump talks of regime change in Iran,https://www.politico.com/news/2025/06/22/trump-administration-says-it-doesnt-want-regime-change-and-admits-it-may-happen-00417738,No,No,No,No,No,No,No,No,Yes,No
578,2025-06-22,"Pete Hegseth claims US ""obliterated"" Iranian nuclear sites despite lack of assessment of true damage",https://www.theguardian.com/us-news/2025/jun/22/hegseth-iran-nuclear-sites-pentagon,No,No,No,Yes,No,No,No,No,Yes,No
577,2025-06-22,"Leading democrats on Senate and House intelligence committees were not briefed on strikes on Iran, breaking with custom",https://www.theguardian.com/us-news/2025/jun/22/democrats-iran-airstrikes,Yes,No,No,No,No,No,No,No,No,No
576,2025-06-21,"Vance accuses California Democrats of inciting protests and mis-identifies Alex Padilla as ""Jose Padilla"", a convicted al-Qaida plotter",https://apnews.com/article/jd-vance-los-angeles-immigration-raids-trump-2cc6ce3b95aa40419ba7cf1e0f887293,No,No,Yes,No,No,No,No,No,No,No
575,2025-06-21,"US enters Iran-Israel war, striking three Iranian nuclear sites",https://apnews.com/article/israel-iran-war-nuclear-talks-geneva-news-06-21-2025-a7b0cdaba28b5817467ccf712d214579,No,No,No,No,No,No,No,No,Yes,No
574,2025-06-21,Thousands of Afghans face expulsion from US as Trump removes protections [termination date July 14],https://www.theguardian.com/us-news/2025/jun/21/afghanistan-trump-deportation-threat,No,No,No,No,No,No,Yes,No,No,Yes
573,2025-06-21,National Institute of Health (NIH) to phase out its support of HIV guidelines,https://www.washingtonpost.com/science/2025/06/21/hiv-aids-rfk-guidelines-nih/,No,No,No,No,Yes,No,No,No,No,No
572,2025-06-21,Key Rfk Jr advisers stand to profit from new federal health initiative,https://www.theguardian.com/us-news/2025/jun/21/rfk-maha-ultra-processed-foods,No,No,No,No,Yes,No,No,Yes,No,No
571,2025-06-21,Dept Homeland Security (DHS) accuses critics of assaulting officers when vidoes say otherwise,https://www.theguardian.com/us-news/2025/jun/21/dhs-violence-false-claims,No,No,No,Yes,No,No,Yes,No,No,No
570,2025-06-20,Vance excludes local reporters at press conference in L.A.,https://www.theguardian.com/us-news/live/2025/jun/20/us-politics-latest-news-donald-trump-national-guard-ice-republicans-democrats-live,No,No,No,Yes,No,No,No,No,No,No
569,2025-06-20,US elected officials face wave of violent threats,https://www.theguardian.com/us-news/2025/jun/20/zohran-mamdani-death-threats-max-miller,No,No,Yes,No,No,No,No,No,No,No
568,2025-06-20,US deports teen soccer star with no criminal record to Honduras,https://www.theguardian.com/us-news/2025/jun/20/ohio-teen-deported-ice,Yes,No,No,No,No,No,Yes,No,No,Yes
567,2025-06-20,Trump ends funding for LGBTQ youth option on national suicide hotline,https://www.bbc.com/news/articles/cwyqlv7y31go,No,No,No,No,No,No,Yes,No,No,No
566,2025-06-20,Trump calls for special prosecutor to investigate the 2020 election despite having lost on all (and many) previous claims,https://thehill.com/homenews/administration/5360620-trump-calls-for-special-prosecutor/,Yes,No,No,No,No,No,No,No,No,No
565,2025-06-20,Trump administration terminates 639 employees at Voice of America,https://www.theguardian.com/us-news/2025/jun/20/trump-administration-voice-of-america-with-latest-terminations,No,Yes,No,Yes,No,No,No,No,No,No
564,2025-06-20,Trump administration suspends enforcement of Biden-era farmwroker rule (providing protection for foreign workers on H-2A visas trying to unionise),https://www.reuters.com/legal/litigation/trump-administration-says-it-is-suspending-enforcement-biden-era-farmworker-rule-2025-06-20/,Yes,No,No,No,No,No,Yes,No,No,No
563,2025-06-20,CDC vaccine panel to review vaccine ingredient that RFK Jr has targeted before,https://www.theguardian.com/us-news/2025/jun/20/cdc-vaccine-panel-rfk-jr,No,No,No,No,Yes,No,No,No,No,No
562,2025-06-19,Supreme court accepts Tennessee's ban on gender-affirming care for kids,https://apnews.com/article/supreme-court-transgender-health-care-trump-79fc6f3bbdab2e92d6f0184201a468a9,No,No,No,No,No,No,Yes,No,No,No
561,2025-06-19,Juneteenth goes uncelebrated in the White House,https://www.nytimes.com/2025/06/19/us/politics/juneteenth-white-house-slavery.html,No,No,No,No,No,No,Yes,No,No,No
560,2025-06-19,"Hegseth orders ""passive approach"" to Juneteenth celebrations",https://www.theguardian.com/us-news/2025/jun/19/hegseth-juneteenth-military-passive-approach,No,No,No,No,No,No,Yes,No,No,No
559,2025-06-19,DHS issues new guidance requiring lawmakers to give 72 hours notice before visiting ICE centres,https://edition.cnn.com/2025/06/19/politics/dhs-ice-visits-congress-lawmakers,Yes,No,No,No,No,No,No,No,No,No
558,2025-06-18,Trump receives $10m from licensing deal with India's richest man,https://www.msn.com/en-us/money/other/trump-scores-10m-from-ambani-linked-realty-firm-in-mumbai-licensing-deal-report/ar-AA1GVtBU,No,No,No,No,No,No,No,Yes,No,No
557,2025-06-18,Pete Hegseth suggests he would disobey court ruling against deploying military in LA,https://www.theguardian.com/us-news/2025/jun/18/hegseth-senate-hearing-los-angeles-troop-deployment,Yes,No,Yes,No,No,No,No,No,No,No
556,2025-06-18,"New US visa rules will force foreign students to unlock social media profiles. Diplomats to look for ‘indications of hostility towards citizens, culture or founding principles of United States’",https://www.theguardian.com/us-news/2025/jun/18/social-media-student-visa-screening,No,No,Yes,No,No,Yes,No,No,No,Yes
554,2025-06-18,ICE holding Spanish_language journalist arrested at Georgia immigration protest,https://apnews.com/article/journalist-detained-immigration-ice-mario-guevarra-atlanta-77158055cda30f6be3707fb40bf661d6,No,No,No,No,No,No,Yes,No,No,Yes
553,2025-06-17,Trump orders ICE raids on farms and hotels after stopping them a few days earlier,https://www.theguardian.com/us-news/2025/jun/17/ice-raids-farms-hotels-trump,No,No,No,No,No,No,Yes,No,No,Yes
552,2025-06-17,"Trump calls for Iran's ""unconditional surrender"" in a war the US is not even (currently) involved in",https://www.theguardian.com/world/2025/jun/17/middle-east-conflict-reaches-crucial-moment-as-trump-demands-real-end-to-iran-nuclear-programme,No,No,No,No,No,No,No,No,Yes,No
551,2025-06-17,"Brad Lander, NYC Comptroller is arrested by ICE at immigration courthouse",https://www.nytimes.com/2025/06/17/nyregion/brad-lander-immigration-ice.html,Yes,No,Yes,No,No,No,No,No,No,No
550,2025-06-16,Trumps promote a new Bitcoin mining venture raising ethical concerns around the presidency,https://www.nytimes.com/2025/06/16/technology/trump-american-bitcoin-mining.html,No,No,No,No,No,No,No,Yes,No,No
549,2025-06-16,"Trump mobile phone comapny announced, raising conflict of interest concerns",https://www.nytimes.com/2025/06/16/us/trump-mobile-phone.html,No,No,No,No,No,No,No,Yes,No,No
548,2025-06-16,Trump directs ICE to prioritise deportations from democratic-run cities,https://apnews.com/article/trump-ice-deportations-protests-65fa8d64ea12a78a0ee0ebeea008ee4d,Yes,No,Yes,No,No,No,No,No,No,No
547,2025-06-16,Trump administration may add 36 countries to president's travel ban,https://www.nytimes.com/live/2025/06/16/us/trump-news#trump-travel-ban,No,No,No,No,No,No,No,No,Yes,No
546,2025-06-16,"President Trump has fired a member of the U.S. Nuclear Regulatory Commission, appointed during Biden's term. This is the independent federal agency that oversees America’s nuclear reactors. It is the president’s latest dismissal in defiance of job protections established by Congress.",https://www.nytimes.com/2025/06/16/us/nuclear-safety-board-firing-trump.html,Yes,No,No,No,No,No,No,No,No,No
545,2025-06-16,Naval Academy has stopped considering race or ethnicity in its admission process and seeks dismissal of law suit,https://www.nytimes.com/2025/06/16/us/naval-academy-race-admissions-lawsuit.html,No,No,No,No,No,No,Yes,No,No,No
544,2025-06-16,EPA plans to reconsider ban on asbestos,https://www.nytimes.com/2025/06/16/us/epa-trump-asbestos-ban-delay.html,No,No,No,No,Yes,No,No,No,No,No
543,2025-06-16,EPA is telling staff in Midwest to stop policing the oil and gas industry,https://edition.cnn.com/politics/epa-stop-policing-oil-and-gas-midwest,No,No,No,No,Yes,No,No,No,No,No
542,2025-06-16,Dept of Transport says it will withold funds for infrastructure repair from state not complying with ICE raids,https://www.independent.co.uk/news/world/americas/us-politics/sean-duffy-infrastructure-funding-ice-raids-b2771131.html,Yes,No,Yes,No,No,No,No,No,No,No
541,2025-06-15,"Close Trump allies sponsored military parade, raising ethical concerns",https://www.nytimes.com/2025/06/15/us/politics/trump-military-parade-sponsors.html,No,No,No,No,No,No,No,Yes,No,No
540,2025-06-15,"""Golden Share"" in U.S. Steel gives Trump extraordinary control",https://www.nytimes.com/2025/06/15/business/economy/golden-share-us-steel-nippon-trump.html,No,No,No,No,No,No,No,Yes,No,No
539,2025-06-14,US Marines detain civilian in first known instance since Trump deployed troops to LA,https://www.theguardian.com/us-news/2025/jun/13/marines-los-angeles-protests-trump,Yes,No,Yes,No,No,No,Yes,No,No,Yes
538,2025-06-14,EPA drops case against prison firm Geo that donated heavily to Trump,https://www.theguardian.com/us-news/2025/jun/14/trump-administration-epa-prison-company-donations,No,No,No,No,No,No,No,Yes,No,No
537,2025-06-13,"Trump pulls US from plan to recover salmon populations, calling it ""radical""",https://www.theguardian.com/us-news/2025/jun/13/trump-salmon-population-agreement,No,No,No,No,Yes,No,No,No,No,No
536,2025-06-13,Trump administration gives Medicaid data of immigrants to deportation officials,https://www.pbs.org/newshour/health/trump-administration-gives-data-of-immigrant-medicaid-enrollees-to-deportation-officials,No,No,No,No,No,No,Yes,No,No,Yes
535,2025-06-13,"The ""Big, Beautiful Bill"" passed by Congress restricts court injunctions or restraining orders against federal government to those where claimant has provided 'security' against govt losses. This would make it much harder, if not impossible, for people to bring lawsuits against the government. NOTE eventual Senate passed bill removed this clause, but the administration tried to pass it.",https://www.huffpost.com/entry/senate-republicans-big-beautiful-bill-contempt-courts-trump_n_684b9b3be4b0c4fd78ff7f2e,Yes,No,Yes,No,No,No,No,No,No,No
534,2025-06-13,"National Parks are told to delete content that ""disparages"" Americans",https://www.nytimes.com/2025/06/13/climate/national-parks-trump-americans-censorship.html,No,No,No,Yes,No,Yes,No,No,No,No
533,2025-06-13,ICE says it has no plans to release Mahmoud Khalil despite judges' ruling,https://www.nytimes.com/2025/06/13/nyregion/mahmoud-khalil-trump-detention.html,Yes,No,No,No,No,No,No,No,No,No
532,2025-06-13,"Florida Sheriff issues stern warning to protesters: ""We will kill you""",https://edition.cnn.com/2025/06/13/us/video/florida-sheriff-warns-protesters-we-will-kill-you-digvid,No,No,Yes,No,No,No,Yes,No,No,No
531,2025-06-13,Director of National Portrait Gallery resigns after Trump’s effort to fire her,https://www.theguardian.com/us-news/2025/jun/13/kim-sajet-resigns-national-portrait-gallery-director,No,No,Yes,No,No,Yes,No,No,No,No
530,2025-06-12,"Trump touts $5m ""Trump card"" - allowing wealthy immigrants to obtain legal US residency",https://www.cbsnews.com/news/trump-gold-card-5-million-website/,No,No,No,No,No,No,No,Yes,No,No
529,2025-06-12,Trump signs resolution blocking California rules for greener vehicles and banning gas-vehicles,https://www.theguardian.com/us-news/2025/jun/12/trump-california-gas-car-ban,Yes,No,No,No,Yes,No,No,No,No,No
528,2025-06-12,"Trump administration tells migrants from Cuba, Haiti, Nicaragua and Venezuela that their legal status is terminated (CHNV parole program)",https://edition.cnn.com/2025/06/12/politics/migrants-cuba-venezuela-haiti-nicaragua,No,No,No,No,No,No,Yes,No,No,Yes
527,2025-06-12,Troops begin detaining immigrants in national defense zone at border in escalation of militray role,https://apnews.com/article/immigration-border-enforcement-military-892da97c4764f93cd746a15ec37b54ca,No,No,No,No,No,No,No,No,No,Yes
526,2025-06-12,"Sec of Defence, Hegseth, tells Congress that Pentagon has military plans to invade Panama, Greenland",https://apnews.com/live/donald-trump-news-updates-6-12-2025#00000197-64ad-d663-a5f7-7dbdd3ea0000,No,No,No,No,No,No,No,No,Yes,No
525,2025-06-12,"Missouri joins Texas in mobilising National Guards as a ""precaution""",https://www.nytimes.com/live/2025/06/12/us/la-protests-trump-marines-ice#missouri-joins-texas-in-assembling-national-guard-troops,No,No,Yes,No,No,No,Yes,No,No,Yes
524,2025-06-12,Louisiana to aid federal government in its immigration law enforcement incl. penalizing officers who obstruct law enforcement efforts,https://apnews.com/article/louisiana-immigration-bills-enforcement-crackdowns-9fdf5eeba26f6010e61f4855685540eb,No,No,No,No,No,No,Yes,No,No,Yes
523,2025-06-12,"Homeland security secretary Noem says administration will ""liberate this city from the socialists and the burdensome leadership that this governor and that this mayor have placed on this country and what they have tried to insert into the city.""",https://www.realclearpolitics.com/video/2025/06/12/dhs_secretary_noem_in_la_we_are_not_going_away_we_are_staying_here_to_liberate_the_city.html,Yes,No,Yes,Yes,No,No,No,No,No,No
522,2025-06-12,Health secretary RFK Jr undermines safety of childhood vaccines and (wrongly) stokes vaccine fears on Fox News interview,https://bsky.app/profile/atrupar.com/post/3lrgqagdmz22v,No,No,No,No,Yes,No,No,No,No,No
521,2025-06-12,DoJ sues New York for blocking immigration arrests near court,https://www.theguardian.com/us-news/2025/jun/12/doj-new-york-immigration-lawsuit,Yes,No,Yes,No,No,No,Yes,No,No,Yes
520,2025-06-12,California Senator Padilla forcibly removed from Noem press conference,https://www.politico.com/news/2025/06/12/california-sen-alex-padilla-handcuffed-at-noem-presser-00403253,Yes,No,Yes,No,No,No,No,No,No,No
519,2025-06-11,US military bases to change names back to Confederate names,https://www.reuters.com/world/us/us-military-bases-restore-names-changed-after-racial-justice-protests-trump-says-2025-06-10/,No,No,No,No,No,No,Yes,No,No,No
518,2025-06-11,Trump’s EPA announces major rollbacks to power plant pollution limits,https://www.nytimes.com/2025/06/10/climate/epa-mercury-power-plants-greenhouse-gases.html,No,No,No,No,Yes,No,No,No,No,No
517,2025-06-11,"Trump plans on ""phasing out"" FEMA after hurricane season - relief funds will sit with the White House",https://www.theguardian.com/us-news/2025/jun/11/trump-fema-phase-out-hurricane-season,No,Yes,No,No,Yes,No,No,No,No,No
516,2025-06-11,"Trump administration urges other countries to skip UN conference on Gaza-Isreal saying they could face diplomatic consequences from Washington if they take ""anti-isreael"" action",https://www.theguardian.com/us-news/2025/jun/11/trump-administration-israel-gaza,No,No,No,No,No,No,No,No,Yes,No
515,2025-06-11,Texas governor orders national guard to deploy for protests in San Antonio,https://www.theguardian.com/us-news/2025/jun/11/texas-protests-national-guard-san-antonio,No,No,Yes,No,No,No,No,No,No,No
514,2025-06-11,Sec of state Rubio is pressing to open sanctions investigation into Harvard,https://www.nytimes.com/2025/06/11/us/politics/rubio-is-pressing-to-open-sanctions-investigation-into-harvard.html,No,No,No,No,No,Yes,No,No,No,No
513,2025-06-11,"RFK Jr announces eight new ACIP members, some known vaccine critics",https://www.nytimes.com/2025/06/11/us/politics/rfk-jr-cdc-vaccine-panel.html,No,No,No,No,Yes,No,No,No,No,No
512,2025-06-11,Major US climate website likely to be shut down after almost all staff fired,https://www.theguardian.com/us-news/2025/jun/11/climate-website-shut-down-noaa,No,No,No,No,Yes,No,No,No,No,No
511,2025-06-11,Families arrested in LA Ice raids held in basements with little food or water,https://www.theguardian.com/us-news/2025/jun/11/la-ice-raids-immigration-conditions,Yes,No,Yes,No,No,No,Yes,No,No,Yes
510,2025-06-11,"Dept of Homeland Security posts adapted poster asking Americans to turn in ""foreign invaders"" to ICE",https://x.com/DHSgov/status/1932820723606958122,No,No,Yes,No,No,No,Yes,No,No,Yes
509,2025-06-11,Democrat Rep. McIver indicted on federal charges following visit to immigaration detention centre in New jersey,https://www.npr.org/2025/06/11/g-s1-72175/mciver-indicted-federal-charges-immigration-new-jersey,Yes,No,Yes,No,No,No,No,No,No,No
508,2025-06-11,"All members of the Fulbright Foreign Scholarship Board announced their resignation on Wednesday, accusing Trump's administration of political interference in the prestigious exchange program.",https://abcnews.go.com/Politics/entire-fulbright-scholarship-board-quits-citing-trump-admin/story,No,No,No,No,No,Yes,No,No,No,No
507,2025-06-10,Trump team plans to send thousands of migrants to Guantanamo including 800 Europeans,https://www.politico.com/news/2025/06/10/trump-plans-migrants-guantanamo-bay-00396673,No,No,Yes,No,No,No,Yes,No,Yes,Yes
506,2025-06-10,"Trump says he is open to invoking the ""insurrection Act""",https://www.reuters.com/world/us/trump-says-well-see-if-insurrection-act-needed-amid-protests-los-angeles-2025-06-10/,Yes,No,Yes,No,No,No,Yes,No,No,No
505,2025-06-10,Trump administration to cut all USAID overseas roles and axe thousands of staff,https://www.theguardian.com/us-news/2025/jun/10/trump-fires-usaid-overseas-employees,No,Yes,No,No,No,No,No,No,Yes,No
504,2025-06-10,"House Speaker Mike Johnson suggests Gavin Newsome is an accomplice in LA unrest and that he should be ""tarred and feathered""",https://www.theguardian.com/us-news/2025/jun/10/mike-johnson-gavin-newsom-tarred-and-feathered,No,No,Yes,No,No,No,No,No,No,No
503,2025-06-09,Trump sends an extra 2000 National Guards to L.A. [these are in addition to the 200 there already plus the 700 marines],https://www.theguardian.com/us-news/2025/jun/09/los-angeles-protests,No,No,Yes,No,No,No,No,No,No,Yes
502,2025-06-09,Trump says border czar shoud arrest California Governor Newsom,https://www.reuters.com/world/us/trump-hints-he-would-support-arrest-california-governor-newsom-2025-06-09/,No,No,Yes,No,No,No,No,No,No,No
501,2025-06-09,"Trump calls protesters ""insurrectionists""",https://www.nytimes.com/2025/06/09/us/trump-los-angeles-protestors-insurrectionists.html,Yes,No,Yes,No,No,No,No,No,No,No
500,2025-06-09,RFK Jr. removes all 17 ACIP members from vaccine panel,https://www.nytimes.com/2025/06/09/health/rfk-jr-cdc-vaccine-panel.html,No,No,No,No,Yes,No,No,No,No,No
499,2025-06-09,Pentagon deploys 700 Marines to L.A.,https://www.theguardian.com/us-news/2025/jun/09/marines-los-angeles-trump,No,No,Yes,No,No,No,No,No,No,Yes
498,2025-06-09,NIH terminates CREID (Center for Research in Emerging Infectious Diseases) network aimed at stopping pandemics before they even start,https://www.science.org/content/article/nih-terminates-network-aimed-stopping-pandemics-they-start,No,No,No,No,Yes,No,No,No,No,No
497,2025-06-09,Democratic law makers denied entry to detention centres in L.A. and New York,https://www.theguardian.com/us-news/2025/jun/09/democrats-california-new-york-detention-facilities,Yes,No,No,Yes,No,No,No,No,No,No
496,2025-06-08,Trump warns Musk of ‘very serious consequences’ if he backs Democrats,https://www.theguardian.com/us-news/2025/jun/07/trump-threatens-musk-democrats,No,No,Yes,No,No,No,No,No,No,No
495,2025-06-08,Trump administration to send national guard to Los Angeles amid Ice protests,https://www.theguardian.com/us-news/2025/jun/07/immigration-raids-los-angeles,No,No,Yes,No,No,No,No,No,No,Yes
494,2025-06-08,Hegseth says he'll deploy Marines if violence continues,https://www.bbc.co.uk/news/live/cvg7vxx888kt,No,No,Yes,No,No,No,No,No,No,Yes
493,2025-06-07,SEIU (Service Employees International Union) California president David Huerta detained in ICE raids,https://www.newsweek.com/david-huerta-arrested-injured-ice-raids-2082271,Yes,No,No,Yes,No,No,Yes,No,No,Yes
492,2025-06-06,Trump preparing large-scale cancellation of federal funding to California,https://edition.cnn.com/2025/06/06/politics/trump-california-federal-funding,No,Yes,Yes,No,No,No,No,No,No,No
491,2025-06-06,Trump approves expansion of scandal-hit coal mine curtailing environmental review,https://www.nytimes.com/2025/06/06/climate/bull-mountain-coal-mine-trump.html,No,No,No,No,Yes,No,No,No,No,No
490,2025-06-06,Supreme Court rules DOGE can access social security data during legal challenge,https://www.theguardian.com/us-news/2025/jun/06/supreme-court-doge-data,No,No,No,No,No,No,Yes,No,No,No
489,2025-06-06,Federal agents use military-style force against protesters in L.A. during immigration raid,https://www.nytimes.com/2025/06/06/us/los-angeles-immigration-raid.html,No,No,Yes,No,No,No,Yes,No,No,Yes
488,2025-06-05,Trump signs proclamation to restrict foreign student visas at Harvard,https://www.theguardian.com/us-news/2025/jun/04/trump-restricts-harvard-student-visas,No,No,No,No,No,Yes,No,No,No,No
487,2025-06-05,Trump signs order banning citizens of 12 countries from entering the US,https://www.theguardian.com/us-news/2025/jun/04/trump-proclamation-travel-ban,No,No,No,No,No,No,No,No,Yes,No
486,2025-06-05,Trump orders inquiry into Biden’s actions as president over ‘cognitive decline’ reports,https://www.theguardian.com/us-news/2025/jun/04/trump-inquiry-biden,No,No,Yes,No,No,No,No,No,No,No
485,2025-06-05,"State Department imposes sanctions on four ICC jugdes for ""targeting the US and Israel""",https://www.nytimes.com/2025/06/05/us/politics/international-criminal-court-sanctions-rubio-state.html,No,No,No,No,No,No,No,No,Yes,No
484,2025-06-05,FBI forces out further agents considered disloyal,https://www.nytimes.com/2025/06/05/us/politics/fbi-agents-patel-trump.html,Yes,No,Yes,No,No,No,No,No,No,No
483,2025-06-04,White House instructs Dept of Transport to ignore ruling by the Govt of Accountability Office on EV funding pause,https://www.politico.com/news/2025/06/04/white-house-dot-gao-ev-funding-00384230,Yes,No,No,No,No,No,No,No,No,No
482,2025-06-04,US immigration officers ordered to arrest more people even without warrants,http://theguardian.com/us-news/2025/jun/04/immigration-officials-increased-detentions-collateral-arrests,Yes,No,No,No,No,No,Yes,No,No,Yes
481,2025-06-04,Trump Targets Key Lifeline for Africa: Money Sent Home by Immigrants,https://www.nytimes.com/2025/06/03/world/africa/trump-bill-remittance-tax-africa.html,No,No,No,No,No,No,No,No,Yes,No
480,2025-06-04,"Trump pushes congress to cut $9.4bn funding from NPR, PBS and foreign aid",https://www.theguardian.com/us-news/2025/jun/04/trump-congress-funding-cut-npr-pbs-usaid,Yes,No,Yes,Yes,No,No,No,No,No,No
479,2025-06-04,Trump oficials delayed and redacted farm trade report over deficit forecast,https://www.politico.com/news/2025/06/04/trump-officials-farm-product-trade-deficit-forecast-00382549,No,No,No,Yes,No,No,No,No,No,No
478,2025-06-04,Trump officials intensify Columbia dispute with accredetation threat,https://www.theguardian.com/us-news/2025/jun/04/trump-columbia-accreditation,No,No,No,No,No,Yes,No,No,No,No
477,2025-06-04,Trump budget elimintates funding for crucial global vaccination programs,https://www.nytimes.com/2025/06/04/health/trump-budget-global-health-polio.html,No,No,No,No,Yes,No,No,No,Yes,No
476,2025-06-04,"Marjory Taylor-Greene accused of assembling a ""rogue's"" team to attack NGOs, including US civil rights organisations",https://www.theguardian.com/us-news/2025/jun/04/marjorie-taylor-greene-hearing,Yes,No,Yes,No,No,No,Yes,No,No,No
475,2025-06-03,Trump rescinds Emtala guidance protecting women in need of emergency abortions,https://www.theguardian.com/us-news/2025/jun/03/trump-admin-emergency-abortion-emtala,No,No,No,No,Yes,No,No,No,No,No
474,2025-06-03,Trump administration moves to fast-track firings of federal workers for misconduct,https://www.reuters.com/business/world-at-work/trump-administration-moves-fast-track-firings-federal-workers-misconduct-2025-06-03/,No,Yes,Yes,No,No,No,No,No,No,No
473,2025-06-03,"HHS Rescinds Biden-Era Emergency Abortion Policy for Hospitals, putting women's lives at risk",https://news.bloomberglaw.com/health-law-and-business/hhs-rescinds-biden-era-emergency-abortion-policy-for-hospitals,No,No,No,No,Yes,No,Yes,No,No,No
472,2025-06-03,Hegseth orders renaming of ship named after gay rights icon Harvey Milk,https://edition.cnn.com/2025/06/03/politics/hegseth-orders-renaming-ship-named-harvey-milk,No,No,No,No,No,No,Yes,No,No,No
471,2025-06-03,CDC expert resigns from COVID vaccines advisory role saying she can no longer serve the most vulnerable populations in her role,https://www.reuters.com/business/healthcare-pharmaceuticals/cdc-expert-resigns-covid-vaccines-advisory-role-sources-say-2025-06-03/,No,No,No,No,Yes,No,No,No,No,No
470,2025-06-02,Trump administration plans to eliminate federal protections for Alaska wilderness and open up for drilling and mining,https://www.nytimes.com/live/2025/06/02/us/trump-news,No,No,No,No,Yes,No,No,No,No,No
469,2025-06-02,FBI asks public to tip them off about clinics providing gender-affirming care,https://x.com/FBI/status/1929587710894739567,No,No,No,No,No,No,Yes,No,No,No
468,2025-06-02,Far-right reporter fired after critizising Hegseth over press access,https://www.theguardian.com/us-news/2025/jun/02/gabrielle-cuccia-ona-reporter-fired-hegseth,No,No,Yes,No,No,No,No,No,No,No
467,2025-06-02,Border Officials told not to attend DEI events in law enforcement,https://www.nytimes.com/2025/06/02/us/politics/trump-diversity-border-customs-officials.html,No,No,No,No,No,No,Yes,No,No,No
466,2025-06-02,Assistant atternry general threatens to sue Californian schools over trans athletes,https://www.nytimes.com/2025/06/02/us/politics/california-schools-trans-athletes-trump.html,No,No,No,No,No,Yes,Yes,No,No,No
465,2025-06-01,"Vought, Director of the OMB says Trump may not need Congress' approval for budget cuts (preferring ""executive tools"")",https://www.theguardian.com/us-news/2025/jun/01/russell-vought-congress-federal-workforce,Yes,No,No,No,No,No,No,No,No,No
464,2025-06-01,US Department of Veteran's Affairs orders scientists not to publish research without clearance,https://www.theguardian.com/us-news/2025/jun/01/us-veterans-affairs-agency-doctors-scientists-research,No,No,No,Yes,Yes,No,No,No,No,No
463,2025-05-31,Trump states he fired National Portrait Gallery director over DEI,https://www.theguardian.com/us-news/2025/may/30/trump-fires-kim-sajet-national-portrait-gallery-director,No,No,No,No,No,Yes,No,No,No,No
462,2025-05-30,Trump taps private firm Palantir to compile data on Americans,https://www.nytimes.com/2025/05/30/technology/trump-palantir-data-americans.html,No,No,No,No,No,No,Yes,Yes,No,No
461,2025-05-30,"Trump administration to prioritize ""patriotic Americans"" for federal jobs (""merit hiring plan"")",https://www.politico.com/news/2025/05/30/trump-administration-patriotic-americans-federal-workforce-00376752,Yes,No,Yes,No,No,No,No,No,No,No
460,2025-05-30,Trump Administration Ends Program Critical to Search for an HIV Vaccine,https://www.nytimes.com/2025/05/30/health/trump-hiv-cuts.html,No,No,No,No,Yes,No,No,No,No,No
459,2025-05-30,"Supreme Court allows administration to revoke temporary protective status from over 500,000 migrants",https://www.theguardian.com/us-news/2025/may/30/supreme-court-trump-administration-revoke-temporary-protected-status,No,No,No,No,No,No,Yes,No,No,Yes
458,2025-05-30,"State Department ramps up anti-immigration agenda with new ""Remigration Office""",https://www.theguardian.com/us-news/2025/may/30/state-department-plans-office-of-remigration-to-support-trump-agenda,No,No,No,No,No,No,Yes,No,No,Yes
457,2025-05-30,Justice Department curtails American Bar Association role in vetting Trump judicial nominees,https://www.reuters.com/legal/government/justice-department-curtails-aba-role-vetting-trumps-judicial-nominees-2025-05-29/,Yes,No,No,No,No,No,No,No,No,No
456,2025-05-30,Children zip-tied by ICE agents at immigration court after their case had been dismissed,https://www.tpr.org/border-immigration/2025-05-30/ice-agents-arrest-migrants-at-san-antonio-immigration-court,No,No,No,No,No,No,Yes,No,No,Yes
455,2025-05-29,Trump officials intensify attacks on judges designed to undermine confidence in the judiciary,https://www.nytimes.com/2025/05/29/us/politics/trump-judges-attacks-tariffs.html,Yes,No,Yes,No,No,No,Yes,No,No,No
454,2025-05-29,Trump appoints former far-right podcaster to head ethics watchdog (DHS Office of Special Council - examines public corruption),https://www.nytimes.com/2025/05/29/us/politics/ingrassia-office-special-counsel.html,Yes,No,No,No,No,No,Yes,Yes,No,No
453,2025-05-29,Trump administration sets quota to arrest 3000 people a day in anti-immigration agenda,https://www.theguardian.com/us-news/2025/may/29/trump-ice-arrest-quota,No,No,No,No,No,No,Yes,No,No,Yes
452,2025-05-29,HHS presses health care providers/hospitals to curb gender-affirming treatments for kids,https://missouriindependent.com/2025/05/29/repub/hhs-presses-health-care-providers-hospitals-to-curb-gender-affirming-treatments-for-kids/,No,No,No,No,Yes,No,Yes,No,No,No
451,2025-05-29,Executive order to 'restore' 'gold standard science' instead allows political appointees to undermine research they oppose,https://www.theguardian.com/commentisfree/2025/may/29/trump-american-science,No,No,No,Yes,Yes,No,No,No,No,No
450,2025-05-29,"DHS publishes sanctuary city list ""defying federal immigration law"" on their website",https://www.dhs.gov/news/2025/05/29/dhs-exposes-sanctuary-jurisdictions-defying-federal-immigration-law,No,No,Yes,No,No,No,No,No,No,No
449,2025-05-28,US will refuse visas to foreign officials who block Americans’ social media posts,https://www.theguardian.com/us-news/2025/may/28/us-refuse-visas-foreign-officials-social-media,No,No,No,No,No,No,No,No,Yes,No
448,2025-05-28,"US will ""aggressively"" revoke Chinese student visas",https://www.nytimes.com/2025/05/28/us/politics/china-student-visas-revoke.html,No,No,No,No,No,Yes,No,No,Yes,Yes
447,2025-05-28,US cancels more than $700 million funding for Moderna bird flu vaccine,https://www.reuters.com/business/healthcare-pharmaceuticals/us-cancels-more-700-million-funding-moderna-bird-flu-vaccine-2025-05-28,No,No,No,No,Yes,No,No,No,No,No
446,2025-05-28,Trump’s Lawyer Threatens To Sue ‘60 Minutes’ Again Over Report That Called Trump ‘a Mob Boss’,https://www.nysun.com/article/trouble-cbs-news-trumps-threatens-sue-again-report-called-trump-mob-boss,No,No,Yes,No,No,No,No,No,No,No
445,2025-05-28,"Trump pardons more than two dozen, including political allies",https://www.nytimes.com/2025/05/28/us/politics/trump-pardons-hoover-grimm-chrisley.html,No,No,No,No,No,No,No,Yes,No,No
444,2025-05-28,Trump nominates one of his former personal attorneys for prestigious federal appeals court seat,https://edition.cnn.com/2025/05/28/politics/emil-bove-trump-nomination,Yes,No,No,No,No,No,No,Yes,No,No
443,2025-05-28,Trump Intends to Cancel All Federal Funds Directed at Harvard,https://www.nytimes.com/2025/05/27/us/harvard-trump-federal-funds.html,No,No,No,No,No,Yes,No,No,No,No
442,2025-05-28,"Immigration courts are dismissing asylum cases of those sent to El Salvador (as they are absent), potentially cutting off their return",https://www.nbcnews.com/news/latino/immigration-courts-alien-enemies-deportation-andry-hernandez-romero-rcna209402,Yes,No,No,No,No,No,Yes,No,No,Yes
441,2025-05-28,CMS (Centers for Medicare and Medicaid Services) sends letters to 9 hospitals about urgent review of gender-affirming care,https://www.cms.gov/files/document/hospital-oversight-letter-generic.pdf,No,No,No,No,Yes,No,Yes,No,No,No
440,2025-05-27,"Washington DC mayor announced trims, spending freezes and other fixes to blunt the effects of a billion-dollar budget cut that Congress forced on the city",https://www.nytimes.com/2025/05/27/us/washington-dc-budget.html,No,No,Yes,No,No,No,No,No,No,No
439,2025-05-27,Trump to pardon reality TV couple after daughter's Fox News interview,https://www.bbc.co.uk/news/articles/c78713qn26yo,No,No,No,No,No,No,No,Yes,No,No
438,2025-05-27,Trump threatens California with federal funding cuts over transgender athletes' participation in sport,https://www.nytimes.com/2025/05/27/us/politics/transgender-athletes-trump-california.html,No,No,No,No,No,No,Yes,No,No,No
437,2025-05-27,Trump team pauses new student visa interviews as it weighs expanding social media vetting,https://www.politico.com/news/2025/05/27/trump-team-orders-stop-to-new-student-visa-interviews-as-it-weighs-expanding-social-media-vetting-00370501,No,No,No,No,No,Yes,No,No,No,Yes
436,2025-05-27,Trump pardons former sheriff conviced of bribery,https://www.nytimes.com/2025/05/27/us/politics/trump-scott-jenkins-pardon-virginia-sheriff.html,No,No,No,No,No,No,No,Yes,No,No
435,2025-05-27,Trump administration intends to cut all remaining federal Harvard contracts,https://www.nytimes.com/2025/05/27/us/harvard-trump-federal-funds.html,No,No,No,No,No,Yes,No,No,No,No
434,2025-05-27,Tax cheat pardoned after mother attended Trump dinner,https://www.nytimes.com/2025/05/27/us/politics/trump-pardon-paul-walczak-tax-crimes.html,No,No,No,No,No,No,No,Yes,No,No
433,2025-05-27,RFK Jr. threatens to bar government scientists from publishing in leading medical journals,https://www.politico.com/news/2025/05/27/rfk-jr-nih-scientists-medical-journals-jama-lancet-nejm-00371349,No,No,No,No,Yes,No,No,No,No,No
432,2025-05-26,Trump considers redirecting $3 billion in Harvard grants to US trade schools,https://www.reuters.com/world/us/trump-says-hes-considering-taking-3-billion-grants-harvard-giving-it-trade-2025-05-26/,No,No,No,No,No,Yes,No,No,No,No
431,2025-05-24,EPA plan to eliminate greenhouse gas limits on coal and gas fired powerplants,https://www.nytimes.com/live/2025/05/24/us/trump-news#epa-power-plant-rules,No,No,No,No,Yes,No,No,No,No,No
430,2025-05-24,"DOJ sues four New Jersey cities over their ""sanctuary"" policies",https://www.nytimes.com/2025/05/23/us/politics/new-jersey-sanctuary-city-lawsuit.html,No,No,Yes,No,No,No,Yes,No,No,Yes
429,2025-05-24,Defence Sec Hegseth puts new limits on press access to Pentagon,https://www.npr.org/2025/05/24/nx-s1-5410513/defense-sec-hegseth-press-access-pentagon,No,No,Yes,Yes,No,No,No,No,No,No
428,2025-05-23,White House rejects watchdog finding that it is breaking the law over halted funds (Impoundment Control Act),https://www.npr.org/2025/05/23/nx-s1-5409080/trump-white-house-impoundment-gao,Yes,No,No,No,No,No,No,No,No,No
427,2025-05-23,Trump threatens high tariffs on EU goods and Apple iPhones,https://www.bbc.co.uk/news/articles/cgr5xrygzk5o,No,No,No,No,No,No,No,No,Yes,No
426,2025-05-23,Trump administration seeks to terminate basic rights/protections for child immigrants in US custody ( Flores Settlement agreement),https://www.theguardian.com/us-news/2025/may/22/trump-children-flores-settlement-agreement,No,No,No,No,No,No,Yes,No,No,Yes
425,2025-05-23,"Trump administration further attacks Columbia University, accusing it of not protecting Jewish students",https://abcnews.go.com/US/columbia-university-violated-civil-rights-law-hostile-environment/story,No,No,No,No,No,Yes,No,No,No,No
424,2025-05-23,Trump administration bars Harvard from enrolling foreign students,https://apnews.com/article/harvard-trump-foreign-student-457d07268fba9c1f6f7f32fe0424bc3b,No,No,No,No,No,Yes,No,No,No,No
423,2025-05-22,White House purges Trump speech transcripts from website,https://www.nbcnews.com/politics/donald-trump/white-house-purges-transcripts-trump-remarks-website-rcna208059,No,No,No,Yes,No,No,No,No,No,No
422,2025-05-22,Trump holds exclusive dinner for meme-coin holders,https://edition.cnn.com/2025/05/22/business/trump-memecoin-dinner-nightcap,No,No,No,No,No,No,No,Yes,No,No
421,2025-05-22,"Trump believes that republicans who voted ""no"" to tax bill should face primary challenges",https://edition.cnn.com/politics/live-news/trump-president-administration-news-05-22-25#cmaznstvk00003b6nbfrgh306,No,No,Yes,No,No,No,No,No,No,No
420,2025-05-22,Supreme Court allows Trump to remove agency heads without cause,https://www.scotusblog.com/2025/05/supreme-court-allows-trump-to-remove-agency-heads-without-cause-for-now/,No,Yes,Yes,No,No,No,No,No,No,No
419,2025-05-22,Moderna withdraws application for approval for combined Flu-Covid vaccine due to challenging new regulatory envirnoment in US,https://www.reuters.com/business/healthcare-pharmaceuticals/moderna-withdraws-application-covid-flu-combination-vaccine-2025-05-21/,No,No,No,No,Yes,No,No,No,No,No
418,2025-05-22,House spending bill now includes ban of Medicaid for transition care for transgender adults,https://www.erininthemorning.com/p/house-spending-bill-now-bans-medicaid,No,No,No,No,No,No,Yes,No,No,No
417,2025-05-22,"Federal Trade Commission is investigating Media Matters, a liberal group that has published research on hateful and anti-semitic content on X",https://www.nytimes.com/live/2025/05/22/us/trump-news-updates#ftc-investigates-media-matters,No,No,Yes,Yes,No,No,No,No,No,No
416,2025-05-22,50 Trump crypto dinner attendees hold tokens linked to alt-right symbols and racist language,https://www.citizensforethics.org/reports-investigations/crew-investigations/50-trump-crypto-dinner-invitees-hold-tokens-linked-to-alt-right-symbols-and-racist-language/,No,No,No,No,No,No,No,Yes,No,No
415,2025-05-21,Trump's crypto venture launches its stablecoin on exchange platform banned in the US for mony-laundering,https://www.forbes.com/sites/zacheverson/2025/05/21/trump-crypto-coin-kucoin-300-money-laundering-world-liberty-financal/,No,No,No,No,No,No,No,Yes,No,No
414,2025-05-21,"Trump ambushes Ramaphosa, President of S Africa, with false claims of a genocide of white S African farmers",https://www.bbc.co.uk/news/videos/cdedd1kn3ewo,No,No,No,No,No,No,No,No,Yes,No
413,2025-05-21,Trump administration asks Supreme Court to block effort to get information on DOGE,https://www.cbsnews.com/news/trump-supreme-court-doge-foia-lawsuit/,No,No,No,Yes,No,No,No,No,No,No
412,2025-05-21,"NIH Director pushes conspiracy theories on Covid origins, prompting many NIH staff to walk out of the room",https://www.importantcontext.news/p/i-believe-it-nih-director-pushes,No,No,No,No,Yes,No,No,No,No,No
411,2025-05-21,Judge rules Trump administration violated court order by attempting to deport migrants to South Sudan,https://www.theguardian.com/us-news/2025/may/21/trump-deportations-south-sudan,Yes,No,No,No,No,No,Yes,No,No,Yes
410,2025-05-21,"If Justice Dept. Can’t Prosecute Trump’s Foes, It Will ‘Shame’ Them, Official Says",https://www.nytimes.com/2025/05/21/us/politics/trump-justice-department-ed-martin-weaponization.html,Yes,No,Yes,No,No,No,No,No,No,No
409,2025-05-21,DoJ moves to cancel police reform deals with Minneapolis and Louisville that were put in place after murders of George Floyd and Breonna Taylor,https://www.theguardian.com/us-news/2025/may/21/justice-department-settlement-minneapolis-louisville,No,No,No,No,No,No,Yes,No,No,No
408,2025-05-21,DOGE reviews all NIH research grants for censored terms or research,https://www.nature.com/articles/d41586-025-01617-8,No,No,No,No,Yes,No,No,No,No,No
407,2025-05-20,Homeland security secretary Noem doesn't understand fundamental right of Habeas Corpu and claims president has right to suspend it,https://www.nytimes.com/2025/05/20/us/politics/kristi-noem-habeas-corpus-deportations.html,Yes,No,No,No,No,No,No,No,No,No
406,2025-05-20,F.B.I. Closes Unit That Policed Compliance With Surveillance Rules,https://www.nytimes.com/2025/05/20/us/politics/fbi-kash-patel-office-internal-auditing.html,Yes,Yes,No,No,No,No,Yes,No,No,No
405,2025-05-19,"Trump wants investigations into Springsteen, Beyoncé, Oprah and Bono - all famous people who campaigned for Kamala Harris",https://www.msnbc.com/rachel-maddow-show/maddowblog/trump-wants-investigations-springsteen-beyonce-oprah-bono-rcna207723,No,No,Yes,No,No,No,No,No,No,No
404,2025-05-19,"The United States has officially closed its Office of Palestinian Affairs in Jerusalem, eliminating the Palestinians’ dedicated diplomatic channel to Washington",https://www.theguardian.com/world/2025/may/19/office-of-palestinian-affairs-closed,No,No,No,No,No,No,No,No,Yes,No
403,2025-05-19,Provision in spending bill would restrict authority of federal courts to hold government officials in contempt when violating court orders,https://www.justsecurity.org/113529/terrible-idea-contempt-court/,Yes,No,No,No,No,No,No,No,No,No
402,2025-05-19,"Justice Dept investigating city of Chicago worried it has hired too many black Americans, 'discriminating' against other Americans",https://www.nytimes.com/live/2025/05/19/us/trump-news#chicago-mayor-brandon-johnson-doj,No,No,Yes,No,No,No,Yes,No,No,No
401,2025-05-19,CBS boss exits amid pressure from the Trump adminstration,https://edition.cnn.com/2025/05/19/media/cbs-news-wendy-mcmahon-exits-amid-trump-lawsuit-60-minutes,No,No,Yes,Yes,No,No,No,No,No,No
400,2025-05-19,All 51 grantees this year in the Literary Arts category from the National Endowment for the Arts (NEA) have their awards terminated,https://lareviewofbooks.org/article/we-dont-have-any-reserves/,No,No,No,No,No,Yes,No,No,No,No
399,2025-05-18,Proposed rule change could make it easier to fire economists whose data is deemed inconvenient,https://www.theguardian.com/us-news/2025/may/18/trump-statisticians-economy-figures,No,No,No,Yes,No,No,No,No,No,No
398,2025-05-17,Food that could feed 3.5 million people is rotting in US storage facilities because of US global aid cuts,https://www.reuters.com/world/us-aid-cuts-leave-food-millions-mouldering-storage-2025-05-16/,No,No,No,No,No,No,No,No,Yes,No
397,2025-05-17,Attacks on judges who rule against Trump policies continue to escalate,https://www.theguardian.com/us-news/2025/may/17/trump-judges-courts-threats,No,No,Yes,No,No,No,No,No,No,No
396,2025-05-16,"Trump administration fires 600 people at Voice of America, in apparent defiance of a court order",https://www.theguardian.com/us-news/2025/may/16/trump-administration-voice-of-america-firings,No,Yes,No,Yes,No,No,No,No,No,No
395,2025-05-16,Federal judge strikes down protections for transgender workers,https://apnews.com/article/transgender-workers-eeoc-trump-texas-lgbtq-harassment-ab89a52aca37c3b0319ed665852d6252,No,No,No,No,No,No,Yes,No,No,No
394,2025-05-16,"DHS asks for an extra 20,000 National Guard troops for immigration roundups",https://apnews.com/article/national-guard-troops-immigration-dhs-raids-8cbec5b0872a57b594fd75dce57f4dd0,No,No,No,No,No,No,Yes,No,No,Yes
393,2025-05-15,Trump touts 'freedom zone' plan for Gaza agaiin,https://www.npr.org/2025/05/15/nx-s1-5399080/trump-gaza-qatar,No,No,No,No,No,No,No,No,Yes,No
392,2025-05-15,EPA weakening regulations around 'forever chemicals' in drinking water,https://www.cbsnews.com/news/epa-forever-chemicals-rollback-drinking-water/,No,No,No,No,Yes,No,Yes,No,No,No
391,2025-05-15,Administration cancels scores of grants that study online misinformation,https://www.nytimes.com/2025/05/15/business/trump-online-misinformation-grants.html,Yes,No,No,Yes,Yes,No,No,No,No,No
390,2025-05-14,Secretary of commerce links to El Salvador Crypto firm,https://www.theguardian.com/us-news/2025/may/14/lutnick-el-salvador-crypto-immigration,No,No,No,No,No,No,No,Yes,No,No
389,2025-05-14,RFK Jr orders mifepristone review as anti-abortion groups push for ban,https://www.theguardian.com/us-news/2025/may/14/rfk-jr-fda-abortion-pill-mifepristone,No,No,No,No,Yes,No,Yes,No,No,No
388,2025-05-14,Gabbard fires two highest ranking officials at the National Intelligence Council,https://www.theguardian.com/us-news/2025/may/14/tuli-gabbard-trump-national-intelligence-firings,Yes,No,No,No,No,No,No,No,No,No
387,2025-05-14,Fear of tax-exempt status cancelling of non-profits opposed to Trump,https://www.theguardian.com/us-news/2025/may/14/tax-status-non-profits-terrorism-republicans,No,No,Yes,No,No,No,No,No,No,No
386,2025-05-13,Small company with ties to China announces investment in $TRUMP memecoin,https://www.nytimes.com/2025/05/13/us/politics/trump-crypto-purchase.html,No,No,No,No,No,No,No,Yes,No,No
385,2025-05-13,Eight federal agencies terminate a further $450m in grants to Harvard,https://www.theguardian.com/education/2025/may/13/trump-new-cuts-harvard-funds,No,No,No,No,No,Yes,No,No,No,No
384,2025-05-13,"DOJ ""Weaponization Working Group"" will name and shame Trump critics they can't charge with a crime",https://www.nbcnews.com/politics/justice-department/doj-weaponization-group-will-shame-individuals-cant-charge-crimes-new-rcna206553,No,No,Yes,No,No,No,Yes,No,No,No
383,2025-05-12,"Trump administration fires top copyright official, partly over battle to use copyright materials to train AI",https://apnews.com/article/copyright-director-firing-government-trump-7ab99992a96131bce7de853b66feec68,No,No,No,No,No,No,Yes,Yes,No,No
382,2025-05-12,Republicans include language in Bill that would ban States from regulating any AI for 10 years,https://www.404media.co/republicans-try-to-cram-ban-on-ai-regulation-into-budget-reconciliation-bill/,Yes,No,No,No,Yes,No,Yes,Yes,No,No
381,2025-05-12,Dept of Homeland Security investigates Californian program for legal immigrants,https://www.theguardian.com/us-news/2025/may/12/trump-investigation-california-cash-assistance-program-immigrants,No,No,Yes,No,No,No,Yes,No,No,Yes
380,2025-05-12,Civil Rights Agency (EEOC) to fire judge fighting Trump directives,https://apnews.com/article/eeoc-pushback-karen-ortiz-transgender-trump-b707750c255c17d71f98227d8d7a31e3,No,No,Yes,No,No,No,Yes,No,No,No
379,2025-05-11,Trump accepts luxuy plane from Qatar as a gift,https://www.nytimes.com/2025/05/11/us/politics/trump-qatar-jet-gift-air-force-one.html,No,No,No,No,No,No,No,Yes,No,No
378,2025-05-10,Newark mayor arrested by ICE at NJ immigration detention centre,https://apnews.com/article/immigration-protest-ice-newark-mayor-arrested-5a2b3fefd7da563c48d2f85831cf2194,No,No,Yes,No,No,No,No,No,No,No
377,2025-05-10,Lawyer who prosecuted Trump hauled in front of House judiciary comittee,https://www.theguardian.com/us-news/2025/may/09/jay-bratt-trump-deposition,No,No,Yes,No,No,No,Yes,No,No,No
376,2025-05-09,"White House says it is actively looking at suspending ""habeas corpus"" - the fundamental right to challenge unlawful detention",https://thehill.com/homenews/administration/5292820-white-house-miller-immigration-crackdown/,Yes,No,Yes,No,No,No,Yes,No,No,No
375,2025-05-09,USDA demand states hand over personal data on SNAP (food stamp) recipients,https://www.npr.org/2025/05/09/nx-s1-5389952/usda-snap-doge-data-immigration,No,No,No,No,No,No,Yes,No,No,Yes
374,2025-05-09,Trump has ordered federal agencies to abandon the use of a longstanding legal tool used to root out discrimination against minorities,https://www.nytimes.com/2025/05/09/us/politics/trump-civil-rights.html,No,No,No,No,No,No,Yes,No,No,No
373,2025-05-09,Trump fires three of the five members of Consumer Product Safety Commission (all Democrats),https://www.nytimes.com/2025/05/09/us/politics/cpsc-fired-trump.html,Yes,No,No,No,No,No,Yes,No,No,No
372,2025-05-09,"Trump abruptly fires librarian of Congress, first woman and first African American to hold the post",https://www.theguardian.com/us-news/2025/may/09/trump-congress-librarian-fired,No,No,Yes,No,No,Yes,No,No,No,No
371,2025-05-09,Pentagon directs military to pull books that address DEI,https://apnews.com/article/pentagon-hegseth-dei-library-books-770364ab99591402ddffe8758432ff26,No,No,No,No,No,Yes,Yes,No,No,No
370,2025-05-09,Large firms invest hundreds of millions of dollars in Trump media companies,https://www.theguardian.com/us-news/2025/may/09/trump-media-tmtg-shares,Yes,No,No,Yes,No,No,No,Yes,No,No
369,2025-05-09,FEMA (Federal Emergency Management Agency)leader fired after breaking with Trump administration on elimination of agency,https://www.cbsnews.com/news/fema-leader-fired-trump-administration-cameron-hamilton/,No,No,Yes,No,Yes,No,No,No,No,No
368,2025-05-08,"Trump nominates Dr Casey Means, influencer close to RFK Jr, for surgeon general. She has no medical licence",https://www.theguardian.com/us-news/2025/may/07/trump-surgeon-general-nominee-casey-means,No,No,No,No,Yes,No,No,No,No,No
367,2025-05-08,"Trump administration shuts down CDC's infection control committee, HICPAC",https://www.nbcnews.com/health/health-news/trump-administration-shut-cdcs-infection-control-committee-rcna205209,No,Yes,No,No,Yes,No,No,No,No,No
366,2025-05-08,Proposed 'Schedule F' institutionalising politicised science by increasing political appointees at scientific agencies,https://www.science.org/doi/10.1126/science.ady6128,Yes,No,No,No,Yes,No,No,No,No,No
365,2025-05-08,NOAA to stop tracking cost of extreme weather,https://www.nytimes.com/2025/05/08/climate/noaa-billion-dollar-disasters.html,No,No,No,No,Yes,No,No,No,No,No
364,2025-05-08,All 37 divisions across all directories in NSF being abolished and number of programmes drastically reduced.,https://www.science.org/content/article/exclusive-nsf-faces-radical-shake-officials-abolish-its-37-divisions,No,Yes,No,No,Yes,No,No,No,No,No
363,2025-05-07,US intelligence agencies ordered to focus spying activities on Greenland,https://www.theguardian.com/us-news/2025/may/07/greenland-spying-surveillance,No,No,No,No,No,No,No,No,Yes,No
362,2025-05-07,"Trump, breaking with tradition of respecting appointments, fires Democrat board members of key independent agencies.",https://www.cbsnews.com/news/trump-white-house-fires-alvin-brown-ntsb/,Yes,No,Yes,No,No,No,No,No,No,No
361,2025-05-07,Trump backed USD1 stablecoin (reserves mostly kept in short-term US government treasuries) soars as WLF (Trump Org. owned ) plans reward airdrop,https://www.fxleaders.com/news/2025/05/07/trump-backed-usd1-stablecoin-soars-as-world-liberty-financial-plans-reward-airdrop/,No,No,No,No,No,No,No,Yes,No,No
360,2025-05-07,"Trump administration sends letter to Stockholm, demanding the city planning office ends its DEI programme",https://www.dn.se/sverige/usas-ambassad-kraver-lydnad-av-stockholms-stad-bisarrt/,No,No,No,No,No,No,No,No,Yes,No
359,2025-05-07,"Interior Dept to lay off 1500 National Parks Service staff, particularly those working in ecosystem management",https://www.govexec.com/workforce/2025/05/thousands-layoffs-hit-interior-national-parks-imminently/405145/,No,Yes,No,No,Yes,No,No,No,No,No
358,2025-05-07,"DOGE lays off almost a third of IRS staff, impacting ability to collect taxes especially from the wealthy",https://www.cbsnews.com/news/irs-doge-cuts-layoffs-31-percent-auditors-tax-revenue-impact/,No,Yes,No,No,No,No,Yes,Yes,No,No
357,2025-05-06,"Vinay Prasad, vocal critic of Covid measures and Covid vaccine boosters and lacking regulatory, becomes head of FDA",https://www.reuters.com/business/healthcare-pharmaceuticals/us-fda-names-agency-critic-vinay-prasad-top-vaccine-official-2025-05-06/,No,No,No,No,Yes,No,No,No,No,No
356,2025-05-06,Trump family make almost $3 billion in crypto ventures capitalising on Trump's presidency,https://www.cbsnews.com/news/trump-family-net-worth-crypto-investments/,No,No,No,No,No,No,No,Yes,No,No
355,2025-05-06,Trump blocks all federal funding for Harvard (inc grants) until it meets his demands,https://www.theguardian.com/us-news/2025/may/05/trump-harvard-grants,No,No,Yes,No,No,Yes,No,No,No,No
354,2025-05-06,"the US Polar Geospatial loses all funded, ending its role tracking glaciers and icebergs",https://bsky.app/profile/polargeospatial.bsky.social/post/3lohczy5kyk2z,No,No,No,No,Yes,No,No,No,No,No
353,2025-05-06,NOAA decomissions its snow and ice data. products,https://nsidc.org/data/user-resources/data-announcements/user-notice-level-service-update-data-products,No,Yes,No,No,Yes,No,No,No,No,No
352,2025-05-06,"Major journals in Environment and Health stop accepting new admissions due to NIH cuts and changes in priorities to move away from climate change, pollution and public health",https://www.bmj.com/content/389/bmj.r898,No,No,No,No,Yes,No,No,No,No,No
351,2025-05-06,"EPA gets rid of ""energy star"" system for signalling energy efficiency in household appliances",https://www.nytimes.com/2025/05/06/climate/epa-energy-star-eliminated.html,No,No,No,No,Yes,No,No,No,No,No
349,2025-05-05,Trump announces 100% tariffs on movies produced outside the US,https://www.theguardian.com/us-news/2025/may/04/trump-tariffs-foreign-movies,No,No,No,No,No,No,No,No,Yes,No
348,2025-05-05,"New budget bill adds almost $70 billion for ICE ( Immigration and Customs Enforcement), increasing its budget about 6-fold, and making it the highest-funded law enforcement agency in the US with a level of immigration detention that has no historical precedent.",https://www.americanimmigrationcouncil.org/blog/house-reconciliation-bill/,Yes,No,Yes,No,No,No,Yes,No,No,Yes
347,2025-05-04,Trump threatens military force to take over Greenland,https://www.cbsnews.com/news/trump-greenland-military-force-canada/,No,No,No,No,No,No,No,No,Yes,No
346,2025-05-04,Trump says he doesn't know if it's his job to uphold the US constitution (it is the oath of office).,https://www.nbcnews.com/politics/trump-administration/trump-asked-uphold-constitution-says-dont-know-rcna204580,Yes,No,No,No,No,No,No,No,No,No
345,2025-05-04,Trump says he doesn't know if every person in the US is entitled to due process (they are),https://www.nbcnews.com/politics/trump-administration/trump-asked-uphold-constitution-says-dont-know-rcna204580,Yes,No,No,No,No,No,No,No,No,No
344,2025-05-03,Worker Safety Agency NIOSH lays off most remaining staff,https://www.cbsnews.com/news/worker-safety-agency-niosh-lays-off-most-remaining-staff/,No,Yes,No,No,No,No,Yes,No,No,No
343,2025-05-02,Trump holding military parade on his birthday,https://www.bbc.co.uk/news/articles/cy9vzrxxjdwo,No,No,No,No,No,No,No,Yes,No,No
342,2025-05-02,"Trump administration asks Supreme Court to strip legal protections from 350,000 Venezuelan immigrants",https://apnews.com/article/trump-venezuela-immigrants-deportation-protection-80f61585197eaff8b254c9b621976780,No,No,No,No,No,No,Yes,No,No,Yes
341,2025-05-02,Trump administration asks Supreme Court to allow DOGE into social security systems,https://apnews.com/article/doge-social-security-trump-administration-supreme-court-a38db8e9908e56b01265432f4d46e8e3,No,Yes,No,No,No,No,Yes,No,No,No
340,2025-05-02,"Rubio attacks Germany for designating AFD an extremist organisation, calling it ""tyranny""",https://x.com/secrubio/status/1918344238468649055,No,No,No,No,No,No,No,No,Yes,No
339,2025-05-02,RFK announces search for new treatments for measles instead of promoting vaccination,https://www.nytimes.com/2025/05/02/health/measles-treatments-vaccines-kennedy.html,No,No,No,No,Yes,No,No,No,No,No
338,2025-05-02,Oklahoma to start to teach Trump's big 2020 election lie in schools,https://uk.news.yahoo.com/oklahoma-wants-teach-kids-trump-153155436.html,Yes,No,No,Yes,No,Yes,No,No,No,No
337,2025-05-02,"NIH says it will not renew or issue new grant funding to foreign universities, damaging international collaborations",https://www.nature.com/articles/d41586-025-01361-z,No,No,No,No,No,Yes,No,No,Yes,No
336,2025-05-02,Justice Dept. ends desegregation order in Louisiana,https://apnews.com/article/school-segregation-order-civil-rights-justice-department-7fc5e2e4ef8e9ad4a283f563c042ae7c,No,No,No,No,No,No,Yes,No,No,No
335,2025-05-02,EPA plans to cut staff to 1980's levels and disolve research office,https://www.reuters.com/business/world-at-work/us-epa-plans-reduce-staff-1980s-levels-cut-budget-by-300-million-2025-05-02/,No,Yes,No,No,Yes,No,No,No,No,No
334,2025-05-02,EO - federal funding cuts to PBS and NPR,https://apnews.com/article/trump-npr-pbs-republicans-public-broadcasting-f0e3e1acb96986732a0211833165bf84,No,No,Yes,Yes,No,No,No,No,No,No
333,2025-05-02,"DoJ sues Hawaii, Michigan, New York and Vermont over climate action",https://apnews.com/article/trump-doj-climate-states-policy-lawsuits-a5228e1dd6348f09d2a70f460142531a,No,No,Yes,No,Yes,No,No,No,No,No
332,2025-05-02,Defense Dept designates second military zone on US border,https://apnews.com/article/military-border-immigration-texas-mexico-d7d15f23bd755b95cd90cbb9a89df6fa,No,No,No,No,No,No,Yes,No,No,Yes
331,2025-05-02,"All NSF (National Science Foundation) grants started under Biden terminated, with grants started under Trump's first term spared.",https://bsky.app/profile/davidimiller.bsky.social/post/3lo2zihrojc2h,No,No,Yes,No,Yes,No,Yes,No,No,No
330,2025-05-02,Administration cuts 25 centers that monitor flooding and drought in the US,https://www.theguardian.com/us-news/2025/may/02/trump-administration-united-states-geological-service,No,No,No,No,Yes,No,No,No,No,No
329,2025-05-01,White House launches news-style site to promote favorable coverage of Trump,https://www.theguardian.com/us-news/2025/may/01/white-house-trump-news-website,No,No,No,Yes,No,No,No,No,No,No
328,2025-05-01,US department of education opens inquiry into Chicago school program aimed at helping Black students,https://www.theguardian.com/us-news/2025/may/01/education-department-chicago-school-investigation,No,No,No,No,No,Yes,Yes,No,No,No
327,2025-05-01,Trump crypto-currency deal with Emirati state-backed firm announced,https://www.nytimes.com/2025/05/01/us/politics/trump-cryptocurrency-usd1-dubai-conference-announcement.html,No,No,No,No,No,No,No,Yes,No,No
326,2025-05-01,"Trump administration jails hundreds of immigrants in notorious federal prisons, cutting people off from their attorneys and families and subjecting them to brutal conditions",https://www.theguardian.com/us-news/2025/may/01/trump-immigrants-federal-prisons,Yes,No,No,No,No,No,Yes,No,No,Yes
325,2025-05-01,State department goes after employees in the disinformation dept who contacted perceived Trump 'enemies',https://www.technologyreview.com/2025/05/01/1115988/senior-state-department-official-sought-internal-communications-with-journalists-european-officials-and-trump-critics/,Yes,No,Yes,Yes,No,No,No,No,No,No
324,2025-05-01,RFK Jr falsely claims that the MMR vaccine contains fetal material,https://www.theguardian.com/us-news/2025/may/01/rfk-mmr-vaccines-fetus-claim,No,No,No,Yes,Yes,No,No,No,No,No
323,2025-05-01,FBI reassigns agents photographed kneeling during racial protests in 2020,https://apnews.com/article/fbi-george-floyd-kash-patel-c59a8d2e055dadea1adf5187f7ee3620,No,No,Yes,No,No,No,No,No,No,No
322,2025-05-01,EO - Establishment of the Religious Liberty Commission (questions separation of church and state),https://www.politico.com/news/2025/05/01/trump-religious-commission-church-state-00321814,Yes,No,No,No,No,No,Yes,No,No,No
321,2025-04-30,"ICE raided a home in Oklahoma, roughly searched a family of US citizens in the middle of the night, confiscated their belongings and money. The mother said they ""literally traumatized me and my daughters for life."". The search warrant was for previous residents of the property",https://www.nbcnews.com/news/latino/us-citizen-family-traumatized-ice-raid-rcna203700,No,No,No,No,No,No,No,No,No,Yes
320,2025-04-30,"Trump Organization agrees to real estate tied to foreign government (Quatar, Saudi Arabia, UAE)",https://www.nytimes.com/2025/04/30/world/middleeast/trump-family-qatar-dubai.html,No,No,No,No,No,No,No,Yes,No,No
319,2025-04-30,Trump officials increasingly recruit local police for immigration enforcement despite ‘red flags’,https://www.theguardian.com/us-news/ng-interactive/2025/apr/30/trump-local-police-immigration,No,No,No,No,No,No,Yes,No,No,Yes
318,2025-04-30,Trump investigates New York Times over its coverage of his attacks on CBS 60-minutes news programme,https://meidasnews.com/news/trump-threatens-new-york-times-over-60-minutes-lawsuit-coverage,No,No,Yes,Yes,No,No,No,No,No,No
317,2025-04-30,Trump fires entire Historical Advisory Committee at the State Dept,https://bsky.app/profile/profsaunders.bsky.social/post/3lo2qiwfbss2n,No,Yes,No,No,No,Yes,No,No,No,No
316,2025-04-30,RFK falsely ties fluoride exposure to low IQ in children,https://bsky.app/profile/rothschildmd.bsky.social/post/3lo2czkgwnk27,No,No,No,No,Yes,No,No,No,No,No
315,2025-04-30,"DOJ (Department of Justice) criminalizes entering newly-declared buffer zone or ""national defense area"" at the US-Mexico border, allowing for military detention of immigrants on US soil",https://www.theguardian.com/us-news/2025/apr/29/migrants-charged-us-mexico-border,No,No,No,No,No,No,Yes,No,No,Yes
314,2025-04-29,White house attacks Amazon for plan to show tariff price rises,https://www.bbc.co.uk/news/articles/cdxg7xpr2j0o,No,No,Yes,No,No,No,No,No,No,No
313,2025-04-29,Trump fires perceived enemies from the US Holocaust Memorial Council,https://www.theguardian.com/us-news/2025/apr/29/trump-fires-doug-emhoff-holocaust,No,No,Yes,No,No,No,No,No,No,No
312,2025-04-29,Trump dismisses all authors of National Climate Assessment,https://www.reuters.com/sustainability/cop/trump-administration-dismisses-all-authors-key-climate-report-email-says-2025-04-28/,No,No,No,No,Yes,No,No,No,No,No
311,2025-04-29,Trump administration launches race-based discrimination probes of the Harvard Law Review,https://apnews.com/article/harvard-law-journal-investigation-trump-993567ad594797638343957a61058440,No,No,No,No,No,Yes,No,No,No,No
309,2025-04-29,FBi starts to use polygraph testing to identify internal leaks,https://www.theguardian.com/us-news/2025/apr/29/fbi-polygraph-test-leaks,No,No,Yes,No,No,No,No,No,No,No
308,2025-04-29,EO to allow government to fund the legal costs of police officers accused of wrongdoing,https://www.rollingstone.com/politics/politics-news/trump-executive-order-law-enforcement-1235327251/,Yes,No,No,No,No,No,No,No,No,No
306,2025-04-28,"EO to unleash local policing in return for better training and pay, with federal agencies directed to pursue legal action against local officials who obstruct DEI (Diversity, Equity, Inclusion) initiatives and other law enforcement actions.",https://www.npr.org/2025/04/29/g-s1-63458/trump-aims-to-unleash-local-police-but-cautions-against-standing-in-the-way-of-ice,Yes,No,Yes,No,No,No,Yes,No,No,No
305,2025-04-28,"EO to target sanctuary cities, as part of Trump's anti-immigration drive",https://www.theguardian.com/us-news/2025/apr/28/trump-immigration-executive-orders,No,No,Yes,No,No,No,Yes,No,No,Yes
304,2025-04-28,Administration dismisses 100s of scientist working on National Climate Assessment report,https://www.nytimes.com/live/2025/04/28/us/trump-news#national-climate-assessment-authors-dismissed,No,No,No,No,Yes,No,No,No,No,No
303,2025-04-27,"NIH ends funding for researchers in Hong Kong for a grant led in Chicago, and mandates *no interaction* with Hong Kong partners.",https://bsky.app/profile/cobey.bsky.social/post/3lnsya36s5s22,No,No,No,No,No,Yes,No,No,Yes,No
302,2025-04-27,Donald Trump Jr sets up private members club in DC where you buy access to talk to Trump advisors and cabinet members,https://www.politico.com/news/2025/04/26/donald-trump-washington-club-00311720,No,No,No,No,No,No,No,Yes,No,No
301,2025-04-25,Trump's sons to gain $10m from selling stock they received from an AI firm that benefited from Trump's AI regulations,https://www.forbes.com/sites/zacheverson/2025/04/25/donald-jr-eric-trump-stock-sale-dominari-holdings-sec-filing/,No,No,No,No,No,No,No,Yes,No,No
300,2025-04-25,Trump threatens to sanction leading UK human rights lawyers over their role advising the ICC over Gaza,https://observer.co.uk/news/national/article/sanctions-lawyers-international-criminal-court-trump,Yes,No,Yes,No,No,No,No,No,Yes,No
299,2025-04-25,"Trump reinterprets Hatch act, to allow federal employees to show support for him, but not for any political rivals",https://www.nytimes.com/2025/04/25/us/politics/trump-hatch-act.html,Yes,No,No,No,No,No,No,No,No,No
298,2025-04-25,"Pam Bondi, the US attorney general, has revoked a Biden administration-era policy that restricted subpoenas of reporters’ phone records in criminal investigations",https://www.theguardian.com/us-news/2025/apr/25/pam-bondi-journalists-subpoenas,Yes,No,Yes,No,No,No,Yes,No,No,No
297,2025-04-25,NIH scales back new grants so far this year by $2.3 billlion. Research into infectious diseases and biological systems most affected,https://www.statnews.com/2025/04/24/trump-100-days-nih-new-grants-cut/,No,No,No,No,Yes,No,No,No,No,No
296,2025-04-25,ICE deports 3 US citizen children without due process,https://www.aclu.org/press-releases/ice-deports-3-u-s-citizen-children-held-incommunicado-prior-to-the-deportation,Yes,No,No,No,No,No,Yes,No,No,Yes
295,2025-04-25,Federal prosecutor sends lettter questioning bias to premier medical journal New England Journal of Medicine,https://www.nytimes.com/2025/04/25/health/nejm-prosecutor-letter.html,No,No,No,No,Yes,Yes,No,No,No,No
294,2025-04-25,FBI arrest Wisconsin judge for obstruction in immigration case,https://www.cnbc.com/2025/04/25/fbi-arrest-judge-hannah-dugan-milwaukee.html,Yes,No,Yes,No,No,No,No,No,No,No
293,2025-04-24,US interior agency to fast track permits for fossil fuel and mining projects,https://www.theguardian.com/us-news/2025/apr/24/interior-agency-fossil-fuel-mining-permits,No,No,No,No,Yes,No,No,No,No,No
292,2025-04-24,US fed agency (EEOC) sends text survey to Barnard College staff asking if they are jewish,https://www.theguardian.com/us-news/2025/apr/24/barnard-college-texts-jewish-faculty,No,No,No,No,No,Yes,No,No,No,No
291,2025-04-24,"Trump's Ukraine peace plan essentiallly giving Putin all his aims,including formal recognition of current occupied territories, nuclear power plants and lifting of sanctions",https://www.theguardian.com/world/2025/apr/23/vance-says-us-will-walk-away-unless-ukraine-and-russia-accept-peace-deal,No,No,No,No,No,No,No,No,Yes,No
290,2025-04-24,"Trump administration kills landmark pollution settlement in majority black area, calling it 'DEI inspired'",https://www.theguardian.com/us-news/2025/apr/24/trump-sewage-pollution-settlement-alabama,No,No,No,No,Yes,No,Yes,No,No,No
289,2025-04-24,Rubio eliminates Office of Global Change (oversees intrnational climate talks for US),https://www.politico.com/news/2025/04/24/rubio-eliminates-climate-office-00308505,No,Yes,No,No,Yes,No,No,No,Yes,No
288,2025-04-24,"Presidential Memo targeting ActBlue, left's major online donation platform",https://www.politico.com/news/2025/04/24/trump-to-target-actblue-in-presidential-memorandum-00307251,Yes,No,Yes,No,No,No,No,No,No,No
287,2025-04-24,"EO to overhaul university accreditation (how universities award degrees, and how they access federal funds), targeting universities that don't align with Trump agenda on DEI and LGBT rights",https://www.theguardian.com/us-news/2025/apr/23/trump-education-diversity-hcbu,No,No,Yes,No,No,Yes,No,No,No,No
286,2025-04-24,"EO to order federal agencies to deprioritise enforcement of laws where policies have ""disparate-impact liability” discriminatory effects, weakening civil rights",https://www.theguardian.com/us-news/2025/apr/24/civil-rights-trump-order,No,No,No,No,No,No,Yes,No,No,No
285,2025-04-24,Dinner with Trump offered for buyers of Trump memecoin,https://www.reuters.com/business/media-telecom/dinner-with-president-trump-meme-coin-surges-offer-top-buyers-2025-04-24/,No,No,No,No,No,No,No,Yes,No,No
284,2025-04-24,"Dept of Justice cuts millions of dollars of grant funding for prevention of gun violence, opioid addiction and support for victims of violent crimes",https://www.theguardian.com/us-news/2025/apr/24/trump-administration-funding-gun-violence-opioid-addiction,No,Yes,No,No,Yes,No,No,No,No,No
283,2025-04-24,Administration cancels top NASA climate lab (GISS) at Columbia University,https://edition.cnn.com/2025/04/24/climate/nasa-lease-canceled-columbia/index.html,No,No,No,No,Yes,Yes,No,No,No,No
282,2025-04-23,White House considering axing funding for a suicide hotline for LGTB+ youth,https://www.independent.co.uk/news/world/americas/us-politics/trump-lgbt-youth-suicide-hotline-budget-b2738169.html,No,No,No,No,Yes,No,Yes,No,No,No
281,2025-04-23,"Trump fires several immigration judges, raising fears of weakening due process",https://www.latimes.com/california/story/2025-04-23/immigration-judges,Yes,No,No,No,No,No,No,No,No,No
280,2025-04-23,"NIH shut down largest long running women-only cohort study in the US, removing potential for important new findings",https://www.science.org/content/article/nih-cancels-its-first-and-largest-study-centered-women,No,No,No,No,Yes,No,No,No,No,No
279,2025-04-23,EO to restrict DEI considerations in school exclusions (e.g revoking Biden measures to reduce racial disparities in exclusions),https://www.npr.org/2025/04/23/nx-s1-5374365/trump-signs-education-executive-actions,No,No,No,No,No,Yes,No,No,No,No
278,2025-04-23,"EO to remove federal funding from universities failing to disclose foreign funding, tightening control over higher education",https://www.politico.com/news/2025/04/23/trump-executive-order-college-foreign-funding-00306463,No,No,No,No,No,Yes,No,No,No,No
277,2025-04-22,"White House establishes ""Anti-Christian Bias"" taskforce",https://thehill.com/video-clips/5260919-watch-live-pam-bondi-eradicating-anti-christian-bias-task-force/,No,No,No,No,No,No,Yes,No,No,No
275,2025-04-22,Trump escalates attacks and attempted interference on independent US Federal Reserve (central bank),https://www.bbc.co.uk/news/articles/ce92y3j9v34o,Yes,No,Yes,No,No,No,No,No,No,No
274,2025-04-22,NSF cancels hundreds of active grants with any mention of DEI or misinformation,https://www.nytimes.com/2025/04/22/science/trump-national-science-foundation-grants.html,No,No,No,No,Yes,No,No,No,No,No
273,2025-04-22,CBS 60-minutes flagship news anchor resigns citing loss of independence on coverage,https://thehill.com/homenews/media/5261067-bill-owens-cbs-60-minutes-resignation/,Yes,No,Yes,Yes,No,No,No,No,No,No
272,2025-04-21,Hesgeth (defence secretary) shares classified information on second Signal chat with family on personal phone,https://www.theguardian.com/us-news/2025/apr/21/hegseth-second-signal-chat-pentagon,Yes,No,No,No,No,No,No,No,No,No
271,2025-04-21,"CDC injury center which tracks e.g. vehicle crashes and drowning, shut down",https://www.npr.org/sections/shots-health-news/2025/04/21/nx-s1-5371519/cdc-hhs-injury-prevention-federal-layoffs,No,Yes,No,No,Yes,No,No,No,No,No
270,2025-04-18,"Trump ally Harmeet Dhillon, new lead of Dept of Justice (DOJ) Civil Rights Division, pushes division to shift focus to Trump priorities including including hunting for noncitizen voters and protecting white people from discrimination",https://www.theguardian.com/us-news/2025/apr/18/justice-department-civil-rights-division-trump,Yes,No,No,No,No,No,No,Yes,No,Yes
269,2025-04-18,NSF announces that it will not fund any research into combating disinformation,https://www.nsf.gov/updates-on-priorities,No,No,No,No,Yes,No,No,No,No,No
268,2025-04-18,"NIH has halted awarding new grants to top universities, including Harvard, Cornell, Columbia",https://www.science.org/content/article/nih-freezes-funds-harvard-and-four-other-universities-can-t-tell-them,No,No,No,No,No,Yes,No,No,No,No
266,2025-04-17,White House threatens Harvard with ban on enrolling foreign students,https://www.bbc.com/news/articles/c1egdy24v7po,No,No,No,No,No,Yes,No,No,No,No
265,2025-04-17,US-born US citizen held by ICE for no discernible reason (as agreed by a judge),https://www.nbcnews.com/news/rcna201800,Yes,No,No,No,No,No,Yes,No,No,Yes
264,2025-04-17,US FDA reduces its ability to monitor food safety due to HHS cuts,https://www.reuters.com/world/us/us-fda-suspends-food-safety-quality-checks-after-staff-cuts-2025-04-17/,No,Yes,No,No,Yes,No,No,No,No,No
262,2025-04-17,Trump freezes new NSF awards,https://www.nature.com/articles/d41586-025-01263-0,No,No,No,No,Yes,No,No,No,No,No
261,2025-04-17,Senior scientists Kevin Hall resigns from NIH citing censorship over his work on ultra processed foods because it didn't fit 'preconceived' narratives on addiction to such foods,https://thehill.com/policy/healthcare/5253673-nih-rfk-jr-early-retirement-censorship-concerns/,No,No,No,No,Yes,No,No,No,No,No
260,2025-04-17,Proposal to cut NIH budget by 40% could decimate US science,https://www.thetransmitter.org/funding/proposed-nih-budget-cut-threatens-massive-destruction-of-american-science/,No,Yes,No,No,Yes,No,No,No,No,No
259,2025-04-17,Musk's Space X front runner to build Golden Dome (Defense System),https://www.reuters.com/business/aerospace-defense/musks-spacex-is-frontrunner-build-trumps-golden-dome-missile-shield-2025-04-17/,No,No,No,No,No,No,No,Yes,No,No
258,2025-04-17,DOJ writes threatening letter to the independent academic journal CHEST (lung diseases),https://www.rawstory.com/ed-martin-us-attorney-2671795211/,No,No,No,No,Yes,No,No,No,No,No
257,2025-04-17,Almost all employess of the Consumer Financial Protection Bureau fired,https://www.wired.com/story/cfpb-has-been-gutted/,No,Yes,No,No,No,No,Yes,No,No,No
256,2025-04-16,US army and air force ordered to go through library books in seach of books related to DEI,https://www.theguardian.com/us-news/2025/apr/16/army-air-force-libraries-dei-books,No,No,No,No,No,Yes,Yes,No,No,No
255,2025-04-16,Trump administration shutters US office countering foreign disinformation,https://www.theguardian.com/us-news/2025/apr/16/trump-state-department-foreign-disinformation,Yes,Yes,No,No,No,No,No,No,No,No
254,2025-04-16,"Reuters and Bloomberg lose their permanent access to the White House press pool, limiting independent journalism access",https://www.reuters.com/business/media-telecom/latest-media-crackdown-white-house-limits-newswire-access-trump-2025-04-16/,No,No,Yes,Yes,No,No,No,No,No,No
253,2025-04-16,Justice Department is suing Maine (the state) for allowing transgender student athletes to play in girls' and women's school sports,https://www.npr.org/2025/04/16/nx-s1-5366648/trump-justice-department-maine-transgender-athletes-lawsuit,No,No,No,No,No,No,Yes,No,No,No
252,2025-04-16,IRS planning to remove Harvard's tax exempt status,https://edition.cnn.com/2025/04/16/politics/irs-harvard-tax-exempt-status/index.html,No,No,No,No,No,Yes,No,No,No,No
250,2025-04-16,38/43 expert scientists fired from NIH grant review boards are women or minority ethnic,https://www.washingtonpost.com/science/2025/04/16/women-and-minorities-fired-nih-board-science/,No,No,No,No,Yes,No,Yes,No,No,No
249,2025-04-15,"Trump refuses to condemn Russia strikes on civilians in Sumy, Ukraine",https://kyivindependent.com/us-blocks-g7-statement-denouncing-russias-sumy-strike-bloomberg-reports/,No,No,No,No,No,No,No,No,Yes,No
248,2025-04-15,Trump memo to eliminate Fulbright scholarship,https://www.theguardian.com/us-news/2025/apr/14/trump-white-house-state-department-budget,No,No,No,No,No,Yes,No,No,Yes,No
247,2025-04-15,Trump memo plans to end US state funding for NATO and UN,https://www.theguardian.com/us-news/2025/apr/14/trump-white-house-state-department-budget,No,Yes,No,No,No,No,No,No,Yes,No
246,2025-04-15,Reports of DOGE stealing sensitive labour data on eg. unions from the National Labor Relations Board,https://www.npr.org/2025/04/15/nx-s1-5355896/doge-nlrb-elon-musk-spacex-security,No,No,No,No,No,No,Yes,Yes,No,No
244,2025-04-15,"ICE renders Venezuelan teen to El Salvador prison with no criminal history, no gang history, no tattoos and reportedly knowing he was not a target",https://www.theguardian.com/us-news/2025/apr/15/merwil-gutierrez-venezuelan-teen-deported-el-salvador,Yes,No,Yes,No,No,No,Yes,No,No,Yes
243,2025-04-15,Administration freezes $2 billion of funding to Harvard as Harvard defies its demand for increased control,https://www.theguardian.com/us-news/2025/apr/14/trump-harvard-funding-freeze,No,No,No,No,No,Yes,No,No,No,No
242,2025-04-14,"White House asks Congress to remove $1 billion of funding from public US broadcasting, including NPR and PBS",https://www.nytimes.com/2025/04/14/business/media/trump-npr-pbs-funding.html,No,No,Yes,Yes,No,No,No,No,No,No
241,2025-04-14,Trump says American citizen 'criminals' next to be sent to El Salvador,https://www.reuters.com/world/americas/trump-wants-deport-some-us-citizens-el-salvador-2025-04-14/,Yes,No,Yes,No,No,No,Yes,No,No,Yes
240,2025-04-14,Trump (falsely) saying that Zelenskyy started the Russia-Ukraine war,https://bsky.app/profile/adamjschwarz.bsky.social/post/3lmrwitzvts2c,No,No,No,No,No,No,No,No,Yes,No
239,2025-04-14,"ICE detain and plan to deport Palestinian Green Card holder for protesting against war in Gaza in Columbia university last summer, but not accused of any crime",https://bsky.app/profile/premthakker.bsky.social/post/3lms5saohik2u,No,No,No,No,No,Yes,Yes,No,No,Yes
238,2025-04-14,Dept of Energy reduces research indirect costs to 15% for existing and future grants,"https://www.reuters.com/legal/us-universities-sue-energy-department-over-research-cuts-2025-04-14/#:~:text=The%20DOE%20announced%20Friday%20that,efficiency%E2%80%9D%20to%20federal%20government%20spending.",No,No,No,No,No,Yes,No,No,No,No
237,2025-04-14,"Adminstration violates court order by denying Associated Press access to White House press event, despite court ordering their reinstatement",https://thehill.com/homenews/media/5248116-ap-blocked-white-house/,Yes,No,No,Yes,No,No,No,No,No,No
236,2025-04-14,"Administration orders 10,000s of migrants, legally in the US under Biden law, to leave the US or be deported",https://www.nytimes.com/2025/04/14/us/migrants-trump.html,No,No,Yes,No,No,No,Yes,No,No,Yes
235,2025-04-14,Administration and El Salvador defy supreme court order and refuse to repatriate Venzuelan man wrongly deported to El Salvador prison,https://www.ft.com/content/dd9467c5-b4c4-48e6-acf0-7f74277ad263,Yes,No,Yes,No,No,No,Yes,No,No,Yes
234,2025-04-13,World Trade Center healthcare program for people affected by attacks is in turmoil through cuts to HHS,https://www.theguardian.com/us-news/2025/apr/13/trump-health-cuts-world-trade-center-program-911,No,No,No,No,No,No,Yes,No,No,No
233,2025-04-11,Trump administration cuts Princeton's climate change research funding by $4 million,https://www.theguardian.com/us-news/2025/apr/10/trump-administration-cuts-princeton-climate-research-funding,No,No,No,No,Yes,Yes,No,No,No,No
232,2025-04-11,Trump administration advances effort to pull Maine’s federal K-12 (school) funding over trans athletes,https://www.politico.com/news/2025/04/11/trump-administration-advances-effort-to-pull-maines-federal-k-12-funding-over-trans-athletes-00287077,No,No,No,No,No,Yes,No,No,No,No
231,2025-04-11,Over 650 student visas revoked for unknown reasons,https://bsky.app/profile/reichlinmelnick.bsky.social/post/3lmk4apffec24,No,No,No,No,No,Yes,No,No,No,No
230,2025-04-11,"NASA science funding cut by over 50% ""extinction level event"".",https://eos.org/research-and-developments/nasa-science-faces-an-extinction-level-event-with-trump-draft-budget-proposal,No,No,No,No,Yes,No,No,No,No,No
229,2025-04-11,Five more law firms agree to $600m in pro bono work to Trump to avoid Trump executive orders targeting them,https://www.theguardian.com/us-news/2025/apr/11/trump-law-firms-pro-bono-deal,Yes,No,Yes,No,No,No,No,Yes,No,No
228,2025-04-11,CDC denies help to Milwaukee for lead poisoning cos no staff left,https://www.cbsnews.com/news/milwaukee-schools-lead-poisoning-cdc-denies-help/,No,No,No,No,Yes,No,No,No,No,No
227,2025-04-11,25% cuts to NOAA science budget,https://www.npr.org/2025/04/11/nx-s1-5361366/major-budget-cuts-proposed-for-the-national-oceanic-and-atmospheric-administration,No,No,No,No,Yes,No,No,No,No,No
226,2025-04-10,White House may seek legally binding control over Columbia,https://www.theguardian.com/us-news/2025/apr/10/trump-columbia-consent-decree,No,No,Yes,No,No,Yes,No,No,No,No
225,2025-04-10,Trump removes security clearance from Chris Krebs (ex CISA head) and orders investigation in 'suppression' of debunked theories (inc 2020 voter fraud) at the USA Cybersecurity and Infrastructure Security Agency (CISA),https://www.theregister.com/2025/04/10/trump_cisa_investigation_memo/,No,No,Yes,No,No,Yes,No,No,No,No
224,2025-04-10,House passes bill limiting federal judges' powers to impose national decisions,https://apnews.com/article/gop-bill-district-court-injunction-trump-doge-764231e50ae5e7119a8bdc9c0d7daf89,Yes,Yes,No,No,No,No,No,No,No,No
223,2025-04-10,Accusations of White House insider trading over tariff market moves,https://www.theguardian.com/us-news/2025/apr/10/donald-trump-ignites-insider-trading-accusations-after-global-tariffs-u-turn,No,No,No,No,No,No,No,Yes,No,No
222,2025-04-09,White House freezes funds for Cornell (more than $1bn) and Northwestern University ($790 million) for for ‘failure to protect Jewish students’,https://www.theguardian.com/us-news/2025/apr/08/trump-administration-cornell-northwestern-funding,No,No,No,No,No,Yes,No,No,No,No
221,2025-04-09,"Trump orders DOJ to investigate prominent critic, former Homeland Security official Miles Taylor",https://www.mediaite.com/news/trump-orders-doj-to-investigate-prominent-critic-in-shocking-oval-office-remarks-i-think-hes-guilty-of-treason/,No,No,Yes,No,No,Yes,No,No,No,No
220,2025-04-09,"Trump offering to exempt some companies, of his choosing, from tariffs",https://www.foxnews.com/politics/trump-says-hell-take-look-exempting-some-larger-us-companies-hit-especially-hard-tariffs,No,No,Yes,No,No,No,No,Yes,No,No
219,2025-04-09,Trump cancelling funding for U.S. Global Change Research Program (produces National Climate Assessment report),https://www.politico.com/news/2025/04/09/trump-moves-to-hobble-major-climate-study-00280405,No,No,No,No,Yes,No,No,No,No,No
218,2025-04-09,Kennedy (wrongly) promotes steroids as a cure for measles,https://www.nbcnews.com/health/health-news/kennedy-draws-misinformation-playbook-touting-inhaled-steroid-treat-me-rcna200085,No,No,No,No,Yes,No,No,No,No,No
217,2025-04-09,EO to stop of the enforcement of State level climate change laws,https://www.politico.com/news/2025/04/09/trump-declares-war-on-state-climate-laws-politico-00280178,Yes,No,No,No,Yes,No,No,No,No,No
216,2025-04-09,EO targeting law firm Susman Godfrey that helped Dominion fight against allegations of voter fraud in 2020 election,https://www.theguardian.com/us-news/2025/apr/09/trump-executive-order-fox-news-law-firm,Yes,No,Yes,No,No,Yes,No,No,No,No
215,2025-04-09,"Administration to monitor immigrants' social media for 'anti-semitism', especially those affiliated with universities",https://www.npr.org/2025/04/09/g-s1-59149/immigrants-social-media-antisemitism-dhs,No,No,Yes,No,No,Yes,Yes,No,No,Yes
214,2025-04-08,Trump’s justice department to disband unit investigating crypto fraud,https://www.theguardian.com/us-news/2025/apr/08/trump-crypto-doj,No,Yes,No,No,No,No,Yes,Yes,No,No
213,2025-04-08,"DOGE ending wastewater covid, mpox and flu detection in San Diego",https://bsky.app/profile/erictopol.bsky.social/post/3lmcoxmxfgs2z,No,No,No,No,Yes,No,No,No,No,No
212,2025-04-08,DHS and IRS sign agreement for IRS to share tax information of undocumented immigrants with Ice,https://www.theguardian.com/us-news/2025/apr/08/irs-ice-tax-data,No,No,No,No,No,No,Yes,No,No,Yes
211,2025-04-07,"Vice Admiral Shoshana Chatfield, US military rep in NATO and Air Force Gen Timothy Haugh (leading NSA and US Cyber Command) fired",https://www.stripes.com/theaters/us/2025-04-07/nato-vice-admiral-fired-17401394.html,Yes,No,Yes,No,No,No,No,No,No,No
210,2025-04-05,Trump administration ends key grant programs that help communities prepare for disasters (FEMA's Building Resilient Infrastructure and Communities program),https://apnews.com/article/fema-grants-cuts-trump-emergency-management-disaster-bc36ea4ca328e1eb4a07641ba1fb770e,No,No,No,No,Yes,No,Yes,No,No,No
209,2025-04-04,Texas governor delaying elections for democratic congress seat citing 'worries' about 'election integrity',https://apnews.com/article/sylvester-turner-congress-democrats-greg-abbott-3cbd45f26f3c9a4538ed0cf1a77e90a6,Yes,No,No,No,No,No,No,No,No,No
208,2025-04-04,"Firing of National Security Agency Chief and his deputy and 5 other aides, prompted by far right advocating for their removal",https://www.washingtonpost.com/national-security/2025/04/03/nsa-director-fired-tim-haugh/,Yes,No,No,No,No,No,No,No,No,No
207,2025-04-04,"Federal health agencies (inc CDC, NIH, FDA) told to cut spending by a third on top of thousands of lay-offs",https://www.npr.org/sections/shots-health-news/2025/04/03/g-s1-58145/hhs-fda-cdc-cuts-spending,No,Yes,No,No,Yes,No,No,No,No,No
205,2025-04-04,Administration demands more bans and oversight for Harvard in return for restoration of federal funding,https://news.harvard.edu/gazette/story/2025/04/harvard-wont-comply-with-demands-from-trump-administration/,No,No,Yes,No,No,Yes,No,No,No,No
204,2025-04-03,Federal grants for humanities are cancelled and no more are planned,https://www.npr.org/2025/04/03/nx-s1-5350994/neh-grants-cut-humanities-doge-trump,No,No,No,No,No,Yes,No,No,No,No
203,2025-04-03,"Federal funding for Museum and Library Studies withdrawn and museum closed, along with many other libraries across country",https://eu.usatoday.com/story/news/politics/2025/04/03/libraries-trump-federal-funding-cuts/82598580007/,No,Yes,No,Yes,No,Yes,No,No,No,No
202,2025-04-03,EO imposing high tariffs on all countries - starting a global trade war,https://www.bbc.co.uk/news/articles/cly1j2v4klzo,No,No,No,No,No,No,No,No,Yes,No
201,2025-04-03,"DOGE closed down Wilson Center - a renowned foreign policy thinktank, including experitse on Russia",https://www.nytimes.com/2025/04/03/us/politics/wilson-center-shutdown-musk.html,No,Yes,No,Yes,No,No,No,No,No,No
200,2025-04-01,Critical CDC programme monitoring infant and maternal health in the US shut down because it didn't align with DEI,https://talkingpointsmemo.com/edblog/prams-shuttered-for-good,No,No,No,No,Yes,No,Yes,No,No,No
199,2025-03-31,The Trump admin cut election security funds. Now officials fear future elections may be ‘less secure.’,https://www.politico.com/news/2025/03/31/trump-admin-cut-election-security-funds-00258787,Yes,No,No,No,No,No,No,No,No,No
198,2025-03-31,Trump threatens to bomb Iran if no nuclear deal agreed,https://www.reuters.com/world/trump-says-there-will-be-bombing-if-iran-does-not-make-nuclear-deal-2025-03-30/,No,No,No,No,No,No,No,No,Yes,No
197,2025-03-31,Firing four top heads of NIH agencies,https://www.nature.com/articles/d41586-025-01016-z,No,No,No,No,Yes,No,No,No,No,No
196,2025-03-30,"Trump signs an executive order he said would make Washington DC “safe, beautiful, and prosperous” by stepping up crime fighting, arrests of undocumented immigrants and the processing of permits to carry concealed weapons. Trump separately directed JD Vance to “remove improper ideology” from the Smithsonian Institution ",https://www.theguardian.com/us-news/2025/mar/30/us-house-washington-dc-budget,Yes,No,No,No,No,Yes,No,No,No,Yes
195,2025-03-30,"Two longtime career prosecutors in LA and Memphis have been suddenly fired by the White House, in what current and former Justice Department officials called an unusual and alarming exercise of presidential power.",https://www.nytimes.com/2025/03/30/us/line-prosecutors-fired-trump-doj.html,Yes,No,Yes,No,No,No,No,No,No,No
194,2025-03-29,Entire staff of govt office of infectious disease and HIV policy fired,https://www.cbsnews.com/news/rfk-jr-to-gut-vaccine-promotion-and-hiv-prevention-office-sources-say/,No,Yes,No,No,Yes,No,No,No,No,No
193,2025-03-28,"Trump pardons three BitMex crypto executives who had pled guilty to violating the Bank Secrecy Act, for failing to maintain anti-money laundering and know-your-customer programs. Trump has been loosening regulations on crypto currencies and the Trump family has launched several crypto ventures.",https://www.cnbc.com/2025/03/28/trump-pardon-bitmex-crypto-exchange-money-laundering.html,Yes,No,No,No,No,No,No,Yes,No,No
192,2025-03-28,Trump pardons the founder of Nicola Autos (mega donor),https://www.theguardian.com/business/2025/mar/28/trump-pardons-nikola-founder,No,No,No,No,No,No,No,Yes,No,No
191,2025-03-28,EO to end union bargaining in federal agencies,https://apnews.com/article/trump-unions-collective-bargaining-end-national-security-deabc796751dc038a8500774fe174a99,No,Yes,No,No,No,No,Yes,No,No,No
190,2025-03-27,Russian scientist (Putin critic and Ukraine supporter) at Harvard detained by ICE,https://theins.press/en/news/280037,No,No,No,No,No,Yes,Yes,No,No,Yes
189,2025-03-27,Health and Human services cancels billions of federal funding to states for health programmes,https://www.nytimes.com/2025/03/26/health/trump-state-health-grants-cuts.html,No,Yes,No,No,Yes,No,No,No,No,No
188,2025-03-27,"EO to ""restore truth and sanity to American History"" which promotes a distorted narrative of US history (particularly slavery)",https://captimes.com/opinion/guest-columns/opinion-democracy-depends-on-historical-understanding/article_653c1c47-3045-4ef5-8136-4797e8f6d28e.html,No,No,No,Yes,No,Yes,No,No,No,No
187,2025-03-27,"EO ro eliminate improper, divisive, or anti-American ideology from Smithsonian institution",https://www.theguardian.com/us-news/2025/mar/27/trump-smithsonian-executive-order,No,No,No,Yes,No,Yes,No,No,No,No
186,2025-03-27,EO 25% tariffs on all foreign cars,https://www.theguardian.com/us-news/2025/mar/26/trump-new-car-tariffs,No,No,No,No,No,No,No,No,Yes,No
185,2025-03-26,Requiring green card applicants within US to share social media handles,https://www.msn.com/en-us/news/us/chilling-effect-on-free-speech-trump-wants-green-card-applicants-already-legally-in-the-us-to-hand-over-social-media-profiles/ar-AA1BvkUR,No,No,Yes,No,No,No,Yes,No,No,Yes
184,2025-03-26,Republican Congress threatening to eliminate federal courts completely,https://www.theguardian.com/us-news/2025/mar/26/mike-johnson-congress-courts-trump,Yes,Yes,Yes,No,No,No,No,No,No,No
183,2025-03-26,Ending global vaccine aid GAVI,https://www.theguardian.com/us-news/2025/mar/26/trump-vaccine-aid-funding,No,No,No,No,Yes,No,No,No,Yes,No
182,2025-03-25,Trump's crypto empire set to expand with new US dollar-backed stable coin USD1,https://apnews.com/article/trump-crypto-world-liberty-truth-social-etf-f11c47a99ea618aa06df4dd47b150800,No,No,No,No,No,No,No,Yes,No,No
181,2025-03-25,Top secret US Houthi attacks planned via Signal and accidentally leaked to a journalist,https://www.theguardian.com/us-news/2025/mar/25/mike-waltz-yemen-plans-breach-signal-group,Yes,No,No,No,No,No,No,No,No,No
180,2025-03-25,Seizing an international student because of an op-ed,https://bsky.app/profile/paleofuture.bsky.social/post/3llccznpbvc2r,No,No,Yes,No,No,Yes,Yes,No,No,Yes
179,2025-03-25,Mar 25 - SEC reduces a settled fine against blockchain company Ripple from $125m to $50m (donated $5m to inauguration fund),https://www.cnbc.com/2025/03/25/sec-will-keep-50-million-of-ripple-fine-and-refund-the-rest.html,No,No,No,No,No,No,No,Yes,No,No
178,2025-03-25,"EO to require proof of citizenship to register to vote, potentially disenfranchising millions of people",https://apnews.com/article/voting-elections-trump-executive-order-4e9edb53f47e61e241a43ceef8164022,Yes,No,No,No,No,No,No,No,No,No
177,2025-03-25,EO authorising Attorney General to investigate lawyers bringing cases against the government,https://www.theguardian.com/us-news/2025/mar/26/trump-executive-orders-law-firms,Yes,No,Yes,No,No,No,No,No,No,No
176,2025-03-25,Enhanced social media vetting for student and academic visas,https://www.kenklippenstein.com/p/exclusive-trump-admin-spies-on-social,No,No,Yes,No,No,Yes,No,No,No,No
175,2025-03-22,"FCC (Federal Communications Commission) is prepared to block mergers and acquisition proposals for companies that promote ""indevious"" DEI policies",https://news.bloomberglaw.com/ip-law/fccs-carr-threatens-to-block-m-a-for-companies-with-dei-plans,No,No,Yes,No,No,No,Yes,No,No,No
174,2025-03-21,"EO to allow much greater data sharing with executive, threatening civil rights",https://therecord.media/trump-executive-order-information-silos-data-sharing-doge,Yes,No,No,No,No,No,Yes,No,No,No
173,2025-03-20,US Commerce Secretary hawks Tesla stock on televison,https://www.theguardian.com/us-news/2025/mar/20/howard-lutnick-tesla-trump-musk,No,No,No,No,No,No,No,Yes,No,No
171,2025-03-20,DOGE takeover of Institute of Peace by force,https://www.npr.org/2025/03/20/nx-s1-5332193/why-d-c-police-sided-with-doge-institute-of-peace-standoff,Yes,Yes,No,No,No,No,No,No,No,No
170,2025-03-20,DOGE dismantling the Institute of Museum and Library Services,https://apnews.com/article/institute-doge-musk-museum-library-services-executive-order-trump-30ebde013ce3e9f97e2f4af72c869c0b,No,Yes,No,No,No,Yes,Yes,No,No,No
169,2025-03-20,Adminstration attacking Judge Boasberg's wife and daughter,https://www.mediamatters.org/fox-news/jesse-watters-attacks-family-judge-ruled-against-trump-deportation-flights,Yes,No,Yes,No,No,No,No,No,No,No
168,2025-03-19,Paving the way for Trump to run for 3rd term in 2028,https://www.newsnationnow.com/cuomo-show/steve-bannon-trump-2028/,Yes,No,No,No,No,No,No,No,No,No
167,2025-03-19,"NLRB drops investigtion into GEO, private prison firm (donated $500.000 to inauguration fund",https://www.yahoo.com/news/us-labor-board-drops-case-223012134.html,No,No,No,No,No,No,No,Yes,No,No
166,2025-03-19,Freezing $175m in federal funding to Penn State because of transgender athletes,https://www.thedp.com/article/2025/03/penn-trump-freezes-federal-funding-sports,No,No,No,No,No,Yes,Yes,No,No,No
165,2025-03-19,EO rescinding LBJ EO to require federal contractors to ban segregated spaces,https://www.independent.co.uk/news/world/americas/us-politics/trump-executive-order-segregation-federal-contractors-b2717572.html,No,No,No,No,No,No,Yes,No,No,No
164,2025-03-19,DOGE threatening federal security company with losing all contracts unless they let them into government agencies,https://talkingpointsmemo.com/edblog/breaking-doge-strong-armed-usip-security-contractors-to-switch-sides,Yes,No,Yes,No,No,No,No,No,No,No
163,2025-03-18,"Firing everyone on EPA science research arm, important for ensuring safe water and soil",https://www.nytimes.com/2025/03/17/climate/trump-eliminates-epa-science.html,No,No,No,No,Yes,No,Yes,No,No,No
162,2025-03-17,Trump declares pardons issued by Biden void and threatens Jan 6 investigators,https://www.independent.co.uk/news/world/americas/us-politics/trump-latest-news-deportations-alien-enemies-act-tren-de-aragua-b2716203.html,No,No,Yes,No,No,No,No,No,No,No
161,2025-03-17,EO to deport Venezuelans against a court order and without due process,https://www.bbc.co.uk/news/articles/cp9yv1gnzyvo,Yes,No,No,No,No,No,Yes,No,No,Yes
160,2025-03-16,"Researchers advised not to inlude ""mRNA"" in NIH grant funding applications",https://kffhealthnews.org/news/article/nih-grants-mrna-vaccines-trump-administration-hhs-rfk/,No,No,No,No,Yes,No,No,No,No,No
159,2025-03-15,"EO to end Voice of America international broadcast, after 80 years",https://bsky.app/profile/dangerousones.bsky.social/post/3lkgrmaunss2s,No,Yes,No,Yes,No,No,No,No,No,No
158,2025-03-15,Arlington Cemetery strips content of black and female veterans from website,https://www.bbc.co.uk/news/articles/cz03gjnxe25o,No,No,No,No,No,No,Yes,No,No,No
157,2025-03-14,EOs to end security clearance or other attacks on specific law firms as retaliation,https://www.reuters.com/world/us/trump-suspends-security-clearance-people-paul-weiss-law-firm-2025-03-15/,No,No,Yes,No,No,No,Yes,No,No,No
156,2025-03-14,"EO to shut down federal agencies dealing with media, libraries, museums and ending homelessness",https://thehill.com/homenews/administration/5196704-trump-executive-order-federal-agencies-eliminate/,No,Yes,No,Yes,No,Yes,No,No,No,No
155,2025-03-14,"EO to reverse Biden EOs on DEI, labour laws, industry regulations",https://thehill.com/homenews/administration/5196563-trump-biden-executive-orders-actions/,No,No,No,No,No,No,Yes,No,No,No
154,2025-03-13,Tariffs on EU,https://www.politico.eu/article/trump-threatens-mega-200-percent-tariff-on-eu-wines-and-spirits/,No,No,No,No,No,No,No,No,Yes,No
153,2025-03-13,Corruption of Trump family working with convicted money launderers Binance on Stablecoin,https://edition.cnn.com/2025/03/13/business/trump-officials-crypto-bitcoin/index.html,No,No,No,No,No,No,No,Yes,No,No
152,2025-03-12,Trump issuing EOs attacking specific law firms,https://www.ft.com/content/456d1783-5086-4880-87cf-1f6fb7c3da40,No,No,Yes,No,No,No,No,No,No,No
151,2025-03-12,"Repeal of several environmental regulations and removed ""protecting evironment"" from mission",https://www.nytimes.com/2025/03/12/climate/epa-zeldin-rollbacks-pollution.html,No,No,No,No,Yes,No,No,No,No,No
150,2025-03-12,Global tariffs imposed on steel and aluminium,https://www.ft.com/content/38bd5975-99e4-467e-a4ea-b99426ddaa77,No,No,No,No,No,No,No,No,Yes,No
148,2025-03-12,EPA cancels $20 billion in grants for climate and green energy programmes,https://www.nytimes.com/2025/03/12/climate/epa-climate-grants-canceled.html,No,No,No,No,Yes,No,No,No,No,No
147,2025-03-12,Cutting funding to University of Maine over transgender athletes,https://www.reuters.com/world/us/usda-suspends-maine-university-funding-after-trump-row-over-transgender-athletes-2025-03-12/,No,No,No,No,No,Yes,Yes,No,No,No
146,2025-03-11,Trump staging sales pitch for Tesla on White House lawn,https://edition.cnn.com/2025/03/11/business/tesla-stock-trump-white-house/index.html,No,No,No,No,No,No,No,Yes,No,No
145,2025-03-11,RFK links measles outbreak to poor diet - against scientific evidence,https://bsky.app/profile/atrupar.com/post/3lk5hdz6jbz2o,No,No,No,No,Yes,No,No,No,No,No
144,2025-03-11,EO to extend executive control over Federal Election Commission,https://www.cbsnews.com/news/democrats-judge-trump-order-that-would-give-him-more-control-over-fec/,Yes,Yes,No,No,No,No,No,No,No,No
143,2025-03-11,Dept of Education investigating 60 universities over antisemitism claims,https://edition.cnn.com/2025/03/10/us/department-of-education-warning-universities-title-vi-antisemitism/index.html,No,No,Yes,No,No,Yes,No,No,No,No
142,2025-03-10,RFK talking down the MMR vaccine - against scientific evidence,https://apnews.com/article/rfk-vaccines-autism-measles-obesity-food-dye-f26089856550e978d28fd25b653d8103,No,No,No,No,Yes,No,No,No,No,No
141,2025-03-10,Pentagon ends all funding for social science research,https://www.science.org/content/article/pentagon-abruptly-ends-all-funding-social-science-research,No,No,No,No,Yes,No,No,No,No,No
140,2025-03-09,National Institute of Health terminating grants that no longer meet 'government priorities',https://www.nature.com/articles/d41586-025-00703-1,No,No,No,No,Yes,Yes,No,No,No,No
139,2025-03-09,Detaining student Gaza protestor without charge and trying to revoke his Green Card,https://www.bbc.co.uk/news/articles/c0q1pl1eldno,No,No,No,No,No,Yes,Yes,No,No,Yes
138,2025-03-08,Pausing Fulbright payments to scholars abroad,https://www.nytimes.com/2025/03/07/us/study-abroad-programs-funding-trump-fulbright-gilman.html,No,No,No,No,No,Yes,No,No,No,No
137,2025-03-07,"Unnecessary and wasteful study on MMR vaccine and autism, led by a vaccine skeptic",https://bsky.app/profile/sheencr.bsky.social/post/3ljsigo4sgs2q,No,No,No,No,Yes,No,No,No,No,No
136,2025-03-07,Trump administration cancels $400m in funds to Columbia University,https://www.theguardian.com/us-news/2025/mar/07/trump-administration-cancels-columbia-university-funding,No,No,No,No,No,Yes,No,No,No,No
135,2025-03-07,"Surveillance of international students for ""hamas sympathy""",https://www.theguardian.com/us-news/2025/mar/06/foreign-student-visas-pro-palestinian-ai,No,No,Yes,No,No,Yes,Yes,No,No,Yes
134,2025-03-07,Mass lay-offs at NOAA,https://abcnews.go.com/US/job-cuts-noaa-impact-weather-forecasting/story,No,Yes,No,No,Yes,No,No,No,No,No
133,2025-03-07,"EO to end debt forgiveness for public service employees working in DEI, trans rights, immigration",https://www.federalregister.gov/documents/2025/03/12/2025-04103/restoring-public-service-loan-forgiveness,No,No,No,No,No,No,Yes,No,No,No
132,2025-03-06,US attorney in Washington DC investigating Georgetown Law School to police DEI initiatives,https://bsky.app/profile/adamsteinbaugh.bsky.social/post/3ljpt2ziv2c24,No,No,No,No,No,Yes,Yes,No,No,No
131,2025-03-06,EO establishing national bitcoin reserve,https://www.federalregister.gov/documents/2025/03/11/2025-03992/establishment-of-the-strategic-bitcoin-reserve-and-united-states-digital-asset-stockpile,No,No,No,No,No,No,No,Yes,No,No
130,2025-03-05,"US pausing intelligence sharing with Ukraine, including banning partner countries such as the UK from intelligence sharing",https://www.bbc.co.uk/news/live/cly28qvp83pt,No,No,No,No,No,No,No,No,Yes,No
129,2025-03-05,Treasury Dept ends Corporate Transparency Act,https://apnews.com/article/treasury-beneficial-ownership-database-finance-bessent-trump-a903100907851cca1930511f96e9686d,No,No,No,No,No,No,No,Yes,No,No
128,2025-03-05,"CFPB drops lawsuits against Bank of America, J P Morgan Chase and Wells Fargo (BoA donated $500.000 and JPM $1m to inauguration fund)",https://apnews.com/article/cfpb-zelle-trump-wells-fargo-jpmorgan-chase-c70332d2b16d733e9c4e72622d4c25f9,No,No,No,No,No,No,No,Yes,No,No
127,2025-03-04,USAID cancels 5500 contracts including 130 climate and clean air related,https://www.eenews.net/articles/usaid-slashes-over-5500-contracts-including-scores-of-climate-projects/,No,Yes,No,No,Yes,No,No,No,No,No
126,2025-03-04,"Trump says universities lose all federal funding if they fail to crack down on protests, with students expelled or deported",https://www.lbc.co.uk/usa/politics/trump-issues-ban-on-illegal-college-protests-as-he-threatens-students-arrest/,No,No,Yes,No,No,Yes,No,No,No,No
125,2025-03-04,"Trump halting enforcement of cases or investigations against corporations, many of whom have been large donors to his campaign",https://www.citizen.org/article/corporate-clemency-trump-enforcement-report/,Yes,No,No,No,No,No,No,Yes,No,No
124,2025-03-04,People paying up to $5million for a 1-1 with Donald Trump at Mar-a-Lago,https://www.wired.com/story/people-paying-millions-donald-trump-mar-a-lago/,No,No,No,No,No,No,No,Yes,No,No
123,2025-03-04,NOAA cancelling leases on key locations supporting accurate weather forecasting,https://www.theverge.com/news/622990/trump-doge-government-layoffs-doge-weather-forecasts-noaa,No,No,No,No,Yes,No,No,No,No,No
122,2025-03-04,DOJ (Department of Justice) reviews elections case of a Colorado clerk who gave Trump supporters access to confidential election data,https://apnews.com/article/colorado-election-denier-trump-justice-department-b865cd7c73138aaabece8043fdda575b,Yes,No,No,No,No,No,No,Yes,No,No
121,2025-03-04,"Commerce Department considers changes to ""Internet for All"" rural boradband program, with new rules allowing the share of Elon Musk's Starlink service to rise from $4.2 billion to $10-20 billion",https://www.wsj.com/politics/policy/commerce-to-overhaul-internet-for-all-plan-expanding-starlink-funding-prospects-74664efc,No,No,No,No,No,No,No,Yes,No,No
120,2025-03-03,The Treasury Department ends enforcement of the beneficial ownership information database meant to stop shell company formation and money laundering,https://apnews.com/article/treasury-beneficial-ownership-database-finance-bessent-trump-a903100907851cca1930511f96e9686d,Yes,No,No,No,No,No,No,Yes,No,No
119,2025-03-02,Cancellation of Minerva social science programme against terrorism,https://www.science.org/content/article/pentagon-guts-national-security-program-harnessed-social-science,No,No,No,No,Yes,No,No,No,No,No
118,2025-03-01,EO for immediate expansion of American Timber Production,https://www.federalregister.gov/documents/2025/03/06/2025-03695/immediate-expansion-of-american-timber-production,No,No,No,No,Yes,No,No,No,No,No
117,2025-02-28,"Securities and Exchange Commission (SEC) ""pauses"" investigation into Justin Sun, a crypto entrepreneur who invested $75 million into Trump's World Libery Financial crypto firm. Two years two ago thte SEC charged Sun and his companies — Tron, BitTorrent and Rainberry — with selling unregistered securities and fraudulently manipulating the price of digital token Tronix",https://www.cnn.com/2025/02/28/business/crypto-mogul-trump-coins-civil-fraud-charges,Yes,No,No,No,No,No,No,Yes,No,No
116,2025-02-28,"EO (Executive Order) makes English the official language of the US, the first time for the federal government to designate a specific language; the Trump administration took down the Spanish-language version of the White House website days after taking office",https://www.theguardian.com/us-news/2025/feb/28/trump-executive-order-english-official-language,No,No,No,No,No,No,Yes,No,No,Yes
115,2025-02-27,"The CFPB (Consumer Financial Protection Bureau) halts nearly all work under the direction of Russell Vought, the acting director; the abandoned work includes a dropped lawsuit against Capital One that accused the company of cheating customers out of $2 billion",https://www.nytimes.com/2025/02/27/business/cfpb-capital-one-lawsuit.html,No,No,No,No,No,No,No,Yes,No,No
114,2025-02-26,"The FAA (Federal Aviation Administration) moves to cancel a major $2.6 billion contract with Verizon in favor of Starlink, a company owned by Elon Musk; the move adds to Musk’s existing conflicts of interest at the FAA with another Musk-owned company, SpaceX",https://www.washingtonpost.com/business/2025/02/26/musk-starlink-doge-faa-verizon/,No,No,No,No,No,No,No,Yes,No,No
113,2025-02-25,White House pool reporter chosen by White House instead of the Press (reduces press freedom),https://bsky.app/profile/justinbaragona.bsky.social/post/3lizijbzgtk2v,No,No,No,Yes,No,No,No,No,No,No
112,2025-02-25,EO to consider possible tariffs on copper,https://apnews.com/article/trump-tariffs-copper-import-tax-china-d000272626e0d20c82272de1f159f623,No,No,No,No,No,No,No,No,Yes,No
111,2025-02-24,"The SEC (Securities & Exchange Commission) closes an investigation into Robinhood, an online brokerage firm that allows cryptocurrency trading, including the $TRUMP memecoin; the company spent heavily in the election and the company CEO donated $2 million to the Trump inauguration fund",https://www.theverge.com/cryptocurrency/618286/robinhood-announces-the-sec-has-ended-its-investigation-into-robinhood-crypto,No,No,No,No,No,No,No,Yes,No,No
110,2025-02-24,NASA cuts off international climate science support,https://www.science.org/content/article/nasa-cuts-international-climate-science-support,No,No,No,No,Yes,No,No,No,No,No
109,2025-02-24,Dismantling FEMA,https://www.theguardian.com/us-news/2025/jan/27/trump-fema-review-disaster-agency,No,Yes,No,No,Yes,No,No,No,No,No
108,2025-02-22,"EO to bring all independent financial and regulatory federal agencies directly under presidential control, inclufing Securities and Exchange Commission (SEC) and the Federal Trade Commission (FTC)",https://www.ft.com/content/3ed8d2c3-c907-4484-bc28-61f389243ae3,Yes,Yes,No,No,No,No,No,No,No,No
107,2025-02-21,"The SEC (Securities & Exchange Commission) ends an enforcement case against Coinbase, a cryptocurrency exchange, for violating securities laws; the company spent more than $130 million to elect pro-crypto candidates and donated $1 million to Trump’s inauguration fund",https://fortune.com/crypto/2025/02/21/coinbase-sec-brian-armstrong-lawsuit-dismissed-donald-trump/,No,No,No,No,No,No,No,Yes,No,No
106,2025-02-21,Replacing the top officials in the military and law enforcement with MAGA loyalists,https://edition.cnn.com/2025/02/21/politics/trump-fires-top-us-general-cq-brown/index.html,Yes,No,Yes,No,No,No,No,No,No,No
105,2025-02-21,EO Threatening EU/UK over tech regulation,https://www.euractiv.com/section/tech/news/trump-threatens-to-launch-tariff-attack-on-eu-tech-regulation/,No,No,No,No,No,No,No,No,Yes,No
104,2025-02-21,Deep cuts to the National Oceanic and Atmospheric Administration (NOAA),"https://www.pbs.org/newshour/nation/as-noaa-braces-for-more-cuts-scientists-say-public-safety-is-at-risk#:~:text=NOAA%20is%20now%20tasked%20with,person%20workforce%20would%20be%20cut.",No,No,No,No,Yes,No,No,No,No,No
103,2025-02-21,Censoring climate change language and resources from the National Oceanic and Atmospheric Administration (NOAA),https://www.theguardian.com/environment/2025/feb/21/trump-scientific-research-climate,No,No,No,No,Yes,No,No,No,No,No
102,2025-02-20,"U.S Attorney for D.C. launches Operation ""Whirlwind"" (against anyone going against DOGE/ threatenting criminal enforcement)",https://www.washingtonpost.com/dc-md-va/2025/02/19/trump-justice-operation-whirlwind-democrats/,Yes,No,Yes,No,No,No,No,No,No,No
99,2025-02-19,"EO (Executive Order) ends ""tax-funded benefits for illegal aliens,"" appearing to target federal funding of sanctuary policies as well as income-based benefits for immigrants given legal parole as qualified non-citizens",https://www.theguardian.com/us-news/2025/feb/20/donald-trump-executive-order-benefits-illegal-aliens-immigration,No,No,No,No,No,No,Yes,No,No,Yes
98,2025-02-18,"Trump administration tells universities they have two weeks to eliminate diversity initiatives or risk losing federal funding. While the memo from the administration states this move is to eliminate discrimination against White and Asian students, it will clearly lead to discrimination that will affect the education of all students in one way or another.",https://www.theguardian.com/us-news/2025/feb/18/trump-administration-schools-dei-programs-deadline,No,No,No,No,No,Yes,No,No,No,No
97,2025-02-18,"Executive Order (EO) ""Ensuring Accountability For All Agencies"" calls for the executive branch to ensure Presidential supervision and control of the entire executive branch, with all executive departments and agencies, including independent agencies, submit for review all proposed and final significant regulatory actions to the Office of Information and Regulatory Affairs (OIRA) within the Executive Office of the President before publication in the Federal Register. This order expands White House control of independent agencies",https://thehill.com/homenews/administration/5152723-donald-trump-executive-order-expanded-authority-white-house/,Yes,No,No,No,No,No,No,No,No,No
96,2025-02-17,"More massive layoffs at federal agencies, this time at the Center for Disease Control and Prevention (CDC), the Food and Drug Administration (FDA), and the National Institutes of Health (NIH). Workers received emails over the weekend informing them they were fired. The loss of institutional knowledge is enormous.",https://www.npr.org/sections/shots-health-news/2025/02/17/nx-s1-5300052/federal-employees-layoffs-cdc-nih-fda,No,Yes,No,No,Yes,No,No,No,No,No
95,2025-02-15,"FDA (Food and Drug Administration) employees regulating Neurolink, a company owned by Elon Musk, are fired by DOGE (Department of Government Efficiency), which Musk also leads, as part of the purge of the federal workforce",https://www.reuters.com/world/us/fda-staff-reviewing-musks-neuralink-were-included-doge-employee-firings-sources-2025-02-17/,No,Yes,No,No,No,No,No,Yes,No,No
94,2025-02-14,"Speaking at a conference of European leaders, Vance spoke out against Germany’s sitting government just one week their election, accusing ""foreign leaders of suppressing free speech, failing to halt illegal migration, and running in fear from voters’ true beliefs."" Later that day Vance met with Alice Weidel, the leader of the AfD, ""breaking a taboo in German politics called the “firewall against the far-right”, meant to kept the anti-immigrant party with ties to extremists out of the mainstream and of any ruling coalition.""",https://www.theguardian.com/us-news/2025/feb/14/trump-vance-europe-far-right,No,No,No,No,No,No,No,No,Yes,No
93,2025-02-14,"Center for Disease Control and Prevention (CDC) Intelligent Service Offices, known as ""disease detectives"" have been spared from the massive layoffs. On the other hand, approximately 10% of the CDCs workforce has been laid off. ",https://www.cbsnews.com/news/cdc-disease-detectives-doge-cuts-health-agencies/,No,Yes,No,No,Yes,No,No,No,No,No
92,2025-02-14,"Executive Order (EO) ""Establishing The National Energy Dominance Council""  establishes a council tp make American energy dominant.advising the President on how to produce more energy, including expansion of natural gas pipelines. The President refuses to focus on wind and solar (i.e., renewable) energy projects and instead focuses on oil.",https://www.nbcnews.com/data-graphics/tracking-trumps-executive-orders-rcna189571,No,No,No,No,Yes,No,No,No,No,No
91,2025-02-14,"Acting Deputy Attorney General Bove threatens to fire the entire PIS (Public Integrity Section) of the DOJ (Department of Justice) if they do not take over the corruption case against Eric Adams, the New York mayor so that they can dismiss the case; seven prosecutors resign in protest rather than accept political pressure to dismiss the case.",https://www.theguardian.com/us-news/2025/feb/14/justice-department-officials-resign-eric-adams-charges,Yes,No,No,No,No,No,No,Yes,No,No
89,2025-02-13,"Executive Order (EO) ""Establishing The President's Make America Healthy Again Commission"" (MAHA) creates the ""Make America Healthy Again"" Commission. chaired by the Secretary of Health and Human Services (HHS), MAHA's first task is to conduct a ""Make our Children Healthy Again Assessment."" Given the background of the HHS Secretary, Robert Kennedy, Jr., as a vaccine skeptic the findings of any report should be reviewed with great caution.",https://www.nbcnews.com/data-graphics/tracking-trumps-executive-orders-rcna189571,No,No,No,No,Yes,No,No,No,No,No
88,2025-02-12,"Trump accuses Ukraine of starting the war with Russia and claims that Ukraine is responsible for the death and destruction of the war because they would not ""make a deal"" with Putin. This glaringly shows the President of the U.S. is siding with Russia, despite all evidence that shows that Russia started the war with Ukraine.",https://thehill.com/opinion/white-house/5155121-trump-finally-shows-his-cards-hes-siding-with-russia/,No,No,No,No,No,No,No,No,Yes,No
87,2025-02-12,"Executive Order (EO) ""One Voice For America's Foreign Relations"" requires all those implementing U.S. foreign policy to implement the President’s policy faithfully and for the Secretary of State to implement reforms in recruiting, performance, evaluation, and retention standards, and the programs of the Foreign Service Institute, to ensure a workforce that is committed to faithful implementation of the President’s foreign policy, revise or replace the Foreign Affairs Manual. This EO conflicts with the oath federal employees take to uphold the U.S. Constitution.",https://www.reuters.com/world/us/trump-directs-rubio-reform-us-foreign-service-2025-02-12/,Yes,No,No,No,No,No,No,No,No,No
86,2025-02-12,"Per a Trump Executive Order (EO), the Center for Disease Control and the Food and Drug Administration removed several webpages and datasets and a judge ordered the agencies to restore the webpages and datasets.",https://apnews.com/article/cdc-fda-websites-restored-ad1ec005261b31986ddcd3d1d17b249d,No,No,No,No,Yes,No,No,No,No,No
85,2025-02-11,Trump fired the independent USAid Inspector General after he issued a report detailing the impact of Trump's dismantling of USAID,https://www.theguardian.com/us-news/2025/feb/11/trump-federal-watchdog-usaid,No,No,Yes,No,No,No,No,No,No,No
83,2025-02-11,"Associated Press (AP) is barred from access to an event at the White House because the AP continued to refer to the Gulf of Mexico as such instead of using Trump's new name, Gulf of America.",https://www.ap.org/the-definitive-source/announcements/ap-statement-on-oval-office-access/,No,No,Yes,Yes,No,No,No,No,No,No
82,2025-02-10,"White House  attacks judges who try to constrain its executive power. President Donald Trump called a federal judge's ruling ""a disgrace."" Elon Musk, whose DOGE staffers were denied access to Treasury Department computer systems, said the judge should be impeached. Vice President J.D. Vance said judges had no authority to limit a president's ""legitimate power.""",https://eu.usatoday.com/story/news/politics/2025/02/10/trump-criticizes-judges-over-executive-power/78378595007/,Yes,No,Yes,No,No,No,No,No,No,No
81,2025-02-10,"The NIH indirect rate for research grants will be capped at 15%, which will likely underfund the U.S.'s research institutions, as the average rate for Research-intensive (R1) institutions averages 50%. This may cause funding issues and could make the U.S. less competitive internationally. ",https://www.nature.com/articles/d41586-025-00436-1,No,No,No,No,No,Yes,No,No,No,No
79,2025-02-10,"Executive Order (EO) ""Pausing Foreign Corrupt Practices Act Enforcement To Further American Economic And National Security"" pauses enforcement of the Foreign Corrupt Practices Act (FCPA), which bars American individuals and companies from bribing foreign governments to obtain or retain business, for a period of six months while the Attorney General (AG) reviews guidelines and policies and issues updated guidelines or policies. The FCPA was enacted after Watergate and pausing and or changing it diminishes U.S. fight against global corruption.  ",https://www.nbcnews.com/data-graphics/tracking-trumps-executive-orders-rcna189571,Yes,No,No,No,No,No,No,Yes,No,No
77,2025-02-10,"Elon Musk's role leading DOGE (Department of Goverment Efficiency) and the financial arrangements of his companies, which benefit from federal government contracts, potentially violates the federal criminal conflict of interest statute; a written waiver from a senior White House official, in consultation with the Office of Government Ethics, is standard but is not produced",https://www.theguardian.com/us-news/2025/feb/10/democrats-elon-musk-doge,No,No,No,No,No,No,No,Yes,No,No
76,2025-02-09,"Trump repeated his call to make Canada the 51st state, falsely claiming that the U.S. pays Canada $200 billion per year. The call to annex Canada has angered both Canadian leaders and citizens.",https://www.itv.com/news/2025-02-09/donald-trump-praises-elon-musk-as-he-repeats-calls-to-make-canada-51st-state,No,No,No,No,No,No,No,No,Yes,No
75,2025-02-09,"Russell Vought, newly installed director of the OMB (Office of Management and Budget), orders the CFPB (Consumer Finance Protection Bureau) to stop all work, shutting down an agency created to protect consumers after the 2008 financial crisis and subprime mortgage-lending scandal",https://apnews.com/article/trump-consumer-protection-cease-1b93c60a773b6b5ee629e769ae6850e9,No,Yes,No,No,No,No,Yes,No,No,No
74,2025-02-09,"Ban on D.E.I. Language Sweeps Through the Sciences, as websites and papers are delayed or altered. President Trump’s executive order is altering scientific exploration across a broad swath of fields, even beyond government agencies, researchers say.",https://www.nytimes.com/2025/02/09/science/trump-dei-science.html,No,No,No,No,Yes,No,No,No,No,No
73,2025-02-09,"Donald Trump’s cryptocurrency memecoin, $TRUMP, is launched a few days before the inauguration in potential violation of the Constitution’s Emoluments Clause; the coin provides a way for entities to quasi-anonymously make purchases which skirt Constitutional prohibitions on gift-giving to a president without congressional consent",https://www.rollingstone.com/politics/politics-news/trump-meme-coin-2-billion-ls-1235261422/,No,No,No,No,No,No,No,Yes,No,No
72,2025-02-08,"Trump makes huge cuts to the USAid workforce and immediately suspends almost all USAid grants, causing health experts to warn of the spread of disease, delays in vaccine development and new treatments.",https://www.bbc.co.uk/news/articles/cx2q13113wwo,No,Yes,No,No,Yes,No,No,No,Yes,No
71,2025-02-07,"Trump pledges to fire FBI agents who worked on the January 6th Insurrection cases, claiming these agents were corrupt without any evidence to this claim.",https://www.nbcnews.com/politics/justice-department/trump-pledges-fire-fbi-agents-bureau-faces-heat-jan-6-cases-rcna191126,Yes,No,Yes,No,No,No,No,No,No,No
70,2025-02-07,"Trump also fired the Archivist of the U.S., who is responsible for preserving and providing access to government records. Appointing a Trump loyalist to this position has the potential for covering up or ignoring mishandling of classified records.",https://www.cbsnews.com/news/trump-fires-archivist-of-the-united-states-colleen-shogan/ ,No,Yes,No,Yes,No,No,No,No,No,No
69,2025-02-07,Trump fires the board members and chair of the Kennedy Center and appoints himself as chair.,https://www.theguardian.com/us-news/2025/feb/07/trump-kennedy-center,No,No,No,No,No,Yes,No,No,No,No
68,2025-02-07,"Executive Order (EO) ""Addressing Egregious Actions Of The Republic Of South Africa"" ends aid to South Africa (SA) and promotes resettlement of Afrikaner refugees to the U.S. This EO increases tensions between SA and the U.S.",https://www.nbcnews.com/data-graphics/tracking-trumps-executive-orders-rcna189571,No,No,No,No,No,No,No,No,Yes,No
67,2025-02-06,"Trump brokers investment agreement between the PGA (Professional Golfer's Association of North America) Tour and rival LIV Golf, whereby the Saudi backers of LIV Golf become a minority investor in PGA Tour Enterprises; the deal closes down an inquiry by the Justice Department into the investment agreement for potential violation of federal antitrust statutes",https://apnews.com/article/trump-pga-tour-monahan-liv-golf-pif-d2ef4945c2c6031ce04e3fbf9bb2e428,No,No,No,No,No,No,No,Yes,No,No
66,2025-02-06,"Trump repeats the rightwing claim that USAID subscriptions to Politico were payoffs. The $8 million payment in question was for subscriptions for Politico for the entire federal government, not payoffs from USAid.  ",https://www.theguardian.com/us-news/2025/feb/06/trump-politico-usaid-subcriptions,Yes,No,No,Yes,No,No,No,No,No,No
65,2025-02-06,"Trump imposed sanctions on the International Criminal Court (ICC) after his visit with Israel's Prime Minister Benjamin Netanyahu, leading to dozens of other nations pledging support for the ICC. In 2024, the ICC issued an arrest warrant for Netanyahu for alleged war crimes in Gaza.",https://www.bbc.co.uk/news/articles/cx2p19l24g2o,No,No,No,No,No,No,No,No,Yes,No
64,2025-02-06,"EO (Executive Order) establishes a taskforce to combat ""anti-Christian bias"" in federal agencies and advise on policy implementations, renaming and changing the remit of the White House Faith Office to privilege evangelical Christianity over other religions",https://www.pbs.org/newshour/politics/watch-live-trump-signs-executive-orders-related-to-faith-announcement,No,No,No,No,No,No,Yes,No,No,No
63,2025-02-06,"Attorney General Pam Bondi limits criminal enforcement of FARA (Foreign Agents Registration Act) and disbands the Foreign Influence Task Force, which had prosecuted Trump associates, including Paul Manafort and Mike Flynn, and investigated Russian interference in the 2016 presidential election",https://edition.cnn.com/2025/02/06/politics/bondi-trump-election-fara-justice,Yes,No,No,No,No,No,Yes,No,No,No
62,2025-02-06,"On January 31, 2025, Trump attempted to illegally fire the Federal Election Commission (FEC) Chair, Ellen Weintraub. Despite Weintraub and others pushing back against this illegal move, Weintraub was removed from the FEC.   ",https://www.theguardian.com/us-news/2025/feb/06/federal-election-commission-trump,Yes,No,No,No,No,No,No,No,No,No
61,2025-02-06,"White House directed the General Services Administration (GSA) to cancel all media contracts expensed by the GSA. More specifically, this action targeted Politico, BBC, E&E (Politico sub), and Bloomberg..",https://www.axios.com/2025/02/06/trump-politico-subscriptions-doge-elon-musk,No,No,No,Yes,No,No,No,No,No,No
60,2025-02-05,"Executive Order (EO) ""Keeping Men Out of Women's Sports""  bans use of federal funds for educational programs that allow transgender women and girls to participate in female sports; directs the Attorney General (AG) to prioritize actions against educational institutions that support transgender girls and women participation; pulls the U.S. out of international sports programs that allow transgender women’s participation; prohibits transgender women athletes from entering the U.S;. and instructs the Secretary of State to “use all appropriate and available measures” to ensure the International Olympic Committee adjusts its standards on participation in women’s sports. This EO discriminates against transgender women and girls.",https://www.npr.org/2025/02/05/nx-s1-5282137/trump-transgender-sports-executive-order,No,No,No,No,No,No,Yes,No,No,No
59,2025-02-04,"Trump threatens to take control of Greenland, claiming it is needed for regional security. Denmark's prime minister says that Greenland is an autonomous territory of Denmark and not for sale.",https://www.npr.org/2025/02/04/nx-s1-5284867/denmark-races-to-deal-with-trumps-threats-and-offers-over-greenland,No,No,No,No,No,No,No,No,Yes,No
58,2025-02-04,"Trump/U.S. Department of Justice (DOJ) fired prosecutors who worked on criminal cases against Trump, demonstrating Trump's unchecked power and starting an era in which the DOJ answers to the President.",https://www.theguardian.com/us-news/2025/feb/04/trump-jack-smith-special-counsel-prosecutors-firings,Yes,No,Yes,No,No,No,No,No,No,No
57,2025-02-04,"Executive Order (EO) ""Withdrawing The United States From And Ending Funding To Certain United Nations Organizations And Reviewing United States Support To All Internatithat the U.S. will not participate in the United Nations Human Rights Council (UHHRC), and will conduct a review of membership in UN Educational, Scientific, and Cultural Organization (UNESCO); and will withdraw funding for the UN Relief and Works Agency for Palestine Refugees in the Near East (UNRWA). ",https://www.npr.org/2025/02/03/nx-s1-5285696/trump-un-human-rights-council-withdrawal,No,No,No,No,No,No,Yes,No,Yes,No
56,2025-02-03,"Under Elon Musk's leadership, DOGE (Department of Government Efficiency) accesses the Treasury Department’s central payments database, In violation of the privacy act and cybersecurity laws; the data breach threatens national security and exposes sensitive financial and personal information",https://www.politico.com/news/2025/02/03/doge-treasury-usaid-donald-trump-011538,Yes,No,No,No,No,No,Yes,Yes,No,No
55,2025-02-03,"Trump uses the power of the White House presidency to further his private businesses, which with any other government office holder or lawyer would be a violation of conflict of interest laws or professional code of conduct rules",https://www.nytimes.com/2025/02/17/us/politics/trump-ethics-conflicts-business-adams.html,No,No,No,No,No,No,No,Yes,No,No
53,2025-02-02,"Trump reiterated his threats to retake the Panama Canal as he claimed that China was ""running the canal"" violating the agreement when the canal was given back to Panama. This threat causes teensions between the U.S. and Panama.",https://edition.cnn.com/2025/02/02/americas/panama-china-belt-and-road-initiative-rubio-visits-intl-latam,No,No,No,No,No,No,No,No,Yes,No
52,2025-02-01,"Executive Order (EO) ""Imposing Duties To Address The Situation At Our Southern Border"" declares the opioid epidemic a national emergency and orders an additional 10% tariff on goods from Mexico and if Mexico retaliates there could be additional tariffs. This EO could start a tariff war with Mexico and it is dubious as to whether the President can legally use the National Emergencies Act in this instance. Feb 3, 2025 EO ""Progress on the Situation at Our Southern Border"" pauses tariffs on Mexico.",https://www.reuters.com/business/trump-readies-order-steep-tariffs-goods-mexico-canada-china-2025-02-01/,No,No,No,No,No,No,No,No,Yes,No
51,2025-02-01,"Executive Order (EO) ""Imposing Duties To Address The Flow Of Illicit Drugs Across Our Northern Border"" declares the opioid epidemic a national emergency and orders an additional 25% tariff on goods from Canada and if Canada retaliates there could be additional tariffs. This EO could start a tariff war with Canada and it is dubious as to whether the President can legally use the National Emergencies Act in this instance. Feb. 3, 2025 EO ""Progress on the Situation at Our Northern Border"" pauses tariffs on Canada.",https://www.reuters.com/business/trump-readies-order-steep-tariffs-goods-mexico-canada-china-2025-02-01/,No,No,No,No,No,No,No,No,Yes,No
50,2025-02-01,"Executive Order (EO) ""Imposing Duties to Address the Synthetic Opioid Supply Chain in the People’s Republic of China"" declares the opioid epidemic a national emergency and orders an additional 10% tariff on goods from China and if China retaliates there could be additional tariffs. This EO could start a tariff war with China and it is dubious as to whether the President can legally use the National Emergencies Act in this instance.",https://www.whitehouse.gov/presidential-actions/2025/02/imposing-duties-to-address-the-synthetic-opioid-supply-chain-in-the-peoples-republic-of-china/,No,No,No,No,No,No,No,No,Yes,No
49,2025-02-01,Criminal fraud investigation of Trump loyalist Andy Ogle withdrawn following Ogle's introduction of resolutions to allow Trump a third term and to support his takeover of Greenland,https://www.newschannel5.com/news/newschannel-5-investigates/career-prosecutors-withdraw-from-federal-criminal-investigation-of-gop-congressman-andy-ogles,No,No,No,No,No,No,No,Yes,No,No
48,2025-01-31,"Trump sues CBC for Kamala Harris' October interview and despite CBS initially calling the lawsuit meritless, it now aims to settle the case. Editorial judgment is protected by the First Amendment and settling the lawsuit erodes First Amendment rights.",https://edition.cnn.com/2025/01/31/media/cbs-trump-settlement-60-minutes/index.html,No,No,Yes,Yes,No,No,No,No,No,No
47,2025-01-30,"Federal Communications Commission (FCC) chair ordered an investigation the airing of commercials on NPR (National Publlic Radio) and PBS (Public Broadcasting Service) broadcast stations, which is prohibited. While the FCC does not regulate NPR or PBS, it does regulate the stations that broadcast NPR and PBS. The intended goal of the FCC chair is to have Congress defund NPR and PBS. Loss of NPR and PBS stations will especially hurt rural areas' access to local news.",https://www.npr.org/2025/01/30/nx-s1-5281162/fcc-npr-pbs-investigation,No,No,Yes,Yes,No,No,No,No,No,No
46,2025-01-29,"Presidential Memo expanding the Migrant Operations Center at Naval Station Guantanamo Bay to full capacity (30,000) to provide space for high-priority criminal undocumented immigrants. Logistics, including costs and bed space, make this proposal concerning.",https://www.theguardian.com/us-news/2025/jan/29/trump-guantanamo-detention-center,No,No,No,No,No,No,Yes,No,No,Yes
44,2025-01-29,"Executive Order (EO) ""Additional Measures to Combat Anti-Semitism"" calls report identifying all civil and criminal authorities or actions that might be used to curb or combat anti-Semitism, and inventorying all pending administrative complaints against or involving K-12 and higher education alleging civil-rights violations related to anti-Semitism. The result of this EO could be revocation of foreign students' and staff visas.",https://edition.cnn.com/2025/02/21/business/antisemitism-college-campuses-student-protests-trump/index.html,No,No,No,No,No,Yes,No,No,No,No
43,2025-01-29,"Executive Order (EO) ""Ending Radical Indoctrination in K-12 Schools"" requires that schools recognize only two sexes and requires they use the term ""sex"" and not ""gender""; bans ""discriminatory equity ideology""; requires ""patriotic education""; requires a report on ending radical indoctrination. Among many other implications, this EO will limit classroom discussions on race, gender, identity, history, and social issues.",https://www.whitehouse.gov/presidential-actions/2025/01/ending-radical-indoctrination-in-k-12-schooling/,No,No,No,Yes,No,Yes,No,No,No,No
42,2025-01-28,"Executive Order (EO) ""Protecting Children from Chemical and Surgical Mutilation"" orders federal agencies to rescind or amend all policies relying on guidance from the World Professional Association for Transgender Health (WPATH); publish a review of literature on best practices for promoting health for children who have ""identity-based confusion""; ensure that all institutions receiving federal funds end gender-affirming health care. This EO restricts access to gender-affirming health care and promotes criminalization of parents and health care providers involved in accessing this care.",https://www.nbcnews.com/nbc-out/out-politics-and-policy/trump-signs-sweeping-order-restrict-transgender-care-minors-nationwide-rcna189719,No,No,No,No,Yes,No,Yes,No,No,No
41,2025-01-27,"Offfice of Management and Budget (OMB) memo temporarily freezes all activities related to obligation or disbursement of all Federal financial assistance, and other relevant agency activities that may be implicated by the Executive Orders (EOs), related to financial assistance for foreign aid, nongovernmental organizations, DEI, woke gender ideology, and the green new deal. Freezing these funds caused many employers with federal grants to layoff employees.",https://www.dlapiper.com/en/insights/publications/2025/01/office-of-management-and-budget-memo,No,Yes,No,No,Yes,Yes,No,No,No,No
40,2025-01-27,"Executive Order (EO) ""Defending Women From Gender Ideology Extremism And Restoring Biological Truth To The Federal Government"" declares U.S. policy recognizes only two sexes; directs federal agencies to use “sex” not “gender,” requires that federal records and government-issued documents reflect sex assigned at birth; bans federal funds from promoting gender ideology and gender transition health care in prisons; and mandates single-sex spaces are designated by sex, not gender identity.",https://nwlc.org/resource/over-170-organizations-condemn-president-trumps-executive-order-targeting-transgender-nonbinary-and-intersex-individuals/,No,No,No,No,No,No,Yes,No,No,No
39,2025-01-27,"Executive Orders (EO) ""Ending Radical and Wasteful Government DEI Programs and Preferencing"" and ""Ending Illegal Discrimination and Restoring Merit-Based Opportunity"" end federal government diversity, equity, inclusion and accessibility (DEIA) programs, policies and mandates; revise union contracts to end DEIA practices; terminate all federal DEIA positions; instruct the attorney general (AG) and the Office of Management and Budget (OMB) director to submit a report on discouraging private sector DEIA programs; and instuct AG and education secretary to issue guidance to educational institutions to comply with the Supreme Court's affirmative action decision regarding college admissions. These EOs closed some federal offices, laid off many federal workers, and will negatively impact a wide swath of Americans. ",https://www.nbcnews.com/data-graphics/tracking-trumps-executive-orders-rcna189571,No,No,No,No,No,No,Yes,No,No,No
38,2025-01-26,"Trump threatens to take control of Gaza, relocate the 1.8 million Palestinians who live there, and redevelop the area into the ""Riviera of the Middle East"" under U.S. ownership. This would involve displacing 1.8 million people into countries that have not agreed to take them and potentially sending U.S. troops into the area, not to mention the enormous funds needed to turn the area into a ""Riviera.""",https://www.npr.org/2025/02/04/nx-s1-5287012/trump-netanyahu-ceasefire-gaza,No,No,No,No,No,No,No,No,Yes,No
37,2025-01-25,"State Department issued a stop work order for all existing foreign aid government grants and contracts. The stop work order includes pausing all funding for the U.S. President's Emergency Plan for AIDS Relief (PEPFAR), which provides lifesaving antiretrovirals for 20 million people with HIV.",https://www.iasociety.org/ias-statement/pepfar-freeze-threatens-millions-lives,No,No,No,No,Yes,No,No,No,Yes,No
36,2025-01-25,"Despite a 2022 law requiring that Congress be given 30-days' notice for firing any Inspector General and that the White House can only fire an Inspector General for substantive reasons, Trump abruptly fired 18 Inspector Generals from over 12 different agencies. Inspector Generals are supposed to provide independent oversight for America and this move allows Trump to install those loyal to him in these vital watchdog roles.",https://edition.cnn.com/2025/01/25/politics/trump-fires-inspectors-general/index.html,Yes,Yes,No,No,No,No,No,No,No,No
35,2025-01-24,"Revocation of security details for former members of the last two presidential administrations (including Mike Pompeo, Anthony Fauci, John Bolton, and Brian Hook). Given that these former officials currently or previously had active threats, this move is very dangerous.",https://www.independent.co.uk/news/world/americas/us-politics/trump-security-details-fauci-pompeo-bolton-b2686038.html,No,No,Yes,No,No,No,No,No,No,No
34,2025-01-24,Memo signed by Acting Homeland Security Secretary Benjamin Huffman allows ICE agents to expel 1.4 million immigrants who had been allowed to remain in the US under two Biden-era programs for those seeking asylum under humanitarian parole programs.,https://www.npr.org/2025/01/24/nx-s1-5273762/immigration-deportation-trump-cbpone-dhs-migrants-biden,No,No,No,No,No,No,Yes,No,No,Yes
33,2025-01-24,Executive Orders (EO) Ending the Weaponization of the Federal Government and Restoring Freedom of Speech and Ending Federal Censorship order the Department of Justice (DOJ) to investigate the Biden administration. One calls for the DOJ to examine alleged misconduct during the Biden administration at the DOJ. The other calls for the Attorney General to investigate actions during the Biden administration to censor online free speech and ends the federal government's efforts to combat online dis- or mis-information. ,www.theguardian.com/us-news/2025/jan/24/trump-executive-orders-justice-department,No,No,Yes,No,No,No,No,No,No,No
32,2025-01-24,"Executive Order (EO) Enforcing the Hyde Amendment revoked two of Biden's EOs (14076 and 14079), which aimed to provide safety at clinics and pharmacies. Trump's EO limits access to abortion in the U.S. and globally by restricting funds for international organizations that offer access to or promote abortion.",https://www.whitehouse.gov/presidential-actions/2025/01/enforcing-the-hyde-amendment/,No,No,No,No,Yes,No,Yes,No,No,No
31,2025-01-24,"Executive Order (EO) Council to Assess the Federal Emergency Management Agency (FEMA) orders a review of FEMA. Co-chairs of the FEMA Council, Secretaries of Homeland Security and Defense, will advise President on FEMA capability, impartiality, and recommend changes to FEMA. Trump wrote this EO, declaring, ""...we recommend that FEMA go away.""",https://www.theguardian.com/us-news/2025/jan/27/trump-fema-review-disaster-agency,No,Yes,No,No,Yes,No,No,No,No,No
30,2025-01-23,"Executive Order ""Clarifying the Military's Role in Protecting the Territorial Integrity of the United States"" states that it is U.S. policy for the armed forces to protect the borders. The EO requires the Secretary of Defense to deliver a plan to seal the border in order to repel ""forms of invasion including unlawful mass migration"" within 10 days.",https://www.nbcnews.com/data-graphics/tracking-trumps-executive-orders-rcna189571,No,No,No,No,No,No,Yes,No,No,Yes
29,2025-01-23,"Executive Order ""Strengthening American Leadership in Digital Financial Technology"" concerns digital assets and blockchain technology and related technologies. Note that on this same day, the Securities and Exchange Commission (SEC) rescinded Staff Accounting Bulletin (SAB) No. 121 (SAB 121) removing  a barrier to financial institutions that offer digital assets. The Trump family and allies have invested heavily in crypto currencies",https://www.nbcnews.com/data-graphics/tracking-trumps-executive-orders-rcna189571; https://www.whitehouse.gov/presidential-actions/2025/01/strengthening-american-leadership-in-digital-financial-technology/,No,No,No,No,No,No,No,Yes,No,No
28,2025-01-22,"White House fired 3 Democratic members (Chairperson Sharon Bradford Franklin and members Ed Felten and Travis LeBanc) of the Privacy and Civil Liberties Oversight Board (PCLOB), leaving the Board with one member, a Republican (Beth Williams). According the the American Civil Liberties Union (ACLU), this move ""not only contradicts President trump's supposed commitment to addressing surveilance abuses, but is a direct attack on accountability and independent oversight.""",https://www.axios.com/2025/01/22/white-house-pclob-democrats-termination,Yes,Yes,No,No,No,No,No,No,No,No
27,2025-01-22,"EO (Executive Order) ""Guaranteeing Protection Against Invasion"" reclassifies migrant crossings as an invasion, summoning war powers to establish Homeland Security Task Forces (HSTFs), aka ICE, in all states",https://www.nytimes.com/2025/01/22/us/politics/trump-border-asylum-explainer.html,No,No,No,No,No,No,Yes,No,No,Yes
26,2025-01-21,"EO (Executive Order) issues a blanket pardon to and commutes the sentences of all January 6th, 2021 insurrectionists, pardoning all violent criminals and erasing criminal investigations into over 1,500 cases, the largest in U.S. history.",https://www.bbc.co.uk/news/articles/cjw4vjvlgxpo,Yes,No,No,No,No,No,No,No,No,No
25,2025-01-21,EO to remove covid vaccine requirements & provide covid safegaurds,https://www.nbcnews.com/data-graphics/tracking-trumps-executive-orders-rcna189571,No,No,No,No,Yes,No,No,No,No,No
24,2025-01-21,"EO to dicourage Diversity, Equity and Inclusion (EDI) initiatives in private sector & education",https://www.nbcnews.com/data-graphics/tracking-trumps-executive-orders-rcna189571,No,No,No,No,No,Yes,Yes,No,No,No
23,2025-01-20,"Bill introduced to raise taxes on university endowments from 1.4 to 21% on specific universities including Harvard, Yale and MIT, affecting universities' financial viability",https://texaspolitics.com/2025/01/15/nehls-introduces-bill-to-raise-taxes-on-elite-private-university-endowment-profits/,No,No,No,No,No,Yes,No,No,No,No
22,2025-01-20,"EO (Executive Order) withdraws the U.S. from the 2016 Paris Agreement climate accord, a legally binding international treaty to combat climate change.",https://www.nbcnews.com/data-graphics/tracking-trumps-executive-orders-rcna189571,No,No,No,No,Yes,No,No,No,Yes,No
21,2025-01-20,"EO (Executive Order) withdraws the U.S. from the WHO (World Health Organization), stopping funding and reassigning personnel. The WHO was established in 1948, following the 1945 formation of the UN (United Nations), to coordinate global responses to epidemics and improvements to mortality rates.",https://www.nbcnews.com/data-graphics/tracking-trumps-executive-orders-rcna189571,No,No,No,No,Yes,No,No,No,Yes,No
20,2025-01-20,"EO (Executive Order) renames the Gulf of Mexico the Gulf of America, and reverts the name of Denali to Mt. McKinley. In the case of Denali, the State of Alaska recognized that name in 1975 and requested the federal government do the same; it was recognized by Obama in 2015.",https://www.nbcnews.com/data-graphics/tracking-trumps-executive-orders-rcna189571,No,No,No,No,No,No,Yes,No,No,Yes
19,2025-01-20,"EO (Executive Order) promotes the use of capital punishment 'where possible.' It also directs the attorney general to keep inmates with sentences commuted by Biden 'imprisoned in conditions consistent with the monstrosity of their crimes' while checking whether they can be re-charged with state capital offenses, punishable by the death penalty.",https://www.nbcnews.com/data-graphics/tracking-trumps-executive-orders-rcna189571,No,No,No,No,No,No,Yes,No,No,No
18,2025-01-20,"EO (Executive Order) instructs the attorney general to not enforce a ban on TikTok. The ban was passed by Congress and signed into law in 2024, then upheld by the Supreme Court in 2025.",https://www.nbcnews.com/data-graphics/tracking-trumps-executive-orders-rcna189571,Yes,No,No,No,No,No,No,No,No,No
17,2025-01-20,"EO (Executive Order) 'restoring freedom of speech and ending federal censorship' bars the government from labellng speech as misinformation or disinformation, citing as censorship examples the Biden administration's attempts to refute lies regarding COVID-19 and the 2020 election.",https://www.npr.org/2025/01/24/nx-s1-5270071/eo-weaponization,No,No,Yes,No,No,No,No,No,No,No
16,2025-01-20,"EO (Executive Order) intensifies visa vetting of foreigners, including refugees, 'to the maximum degree possible' and requires agencies to compile a list of potential countries from which to suspend entry",https://thehill.com/homenews/administration/5097335-trump-executive-orders-immigration/,No,No,No,No,No,No,No,No,Yes,Yes
15,2025-01-20,"EO (Executive Order) revokes security clearances of 51 ex-intelligence officials deemed Trump enemies, including Trump's previous national security advisor John Bolton, who had all signed a letter citing concerns regarding a potential Russian operation to influence the 2020 U.S. elections via email tampering on Hunter Biden's laptop.",https://edition.cnn.com/2025/01/20/politics/trump-revokes-security-clearances-former-officials-hunter-biden-laptop-letter,No,No,Yes,No,No,No,No,No,No,No
14,2025-01-20,"EO (Executive Order) to limit birthright citizenship attempts to overturn the 14th Amendment, one of the most consequential amendments of the Constitution, ratified in 1868",https://www.npr.org/2025/01/23/nx-s1-5270572/birthright-citizenship-trump-executive-order,Yes,No,No,No,No,No,Yes,No,No,Yes
13,2025-01-20,"EO (Executive Order) repeals array of Biden-issued orders, including aims to reunite migrant families, protect racial/gender equity and LGBTQ+ rights, block oil and gas leases, and many others",https://www.nbcnews.com/data-graphics/tracking-trumps-executive-orders-rcna189571,No,No,No,No,Yes,No,Yes,No,No,No
12,2025-01-20,EO (Executive Order) 'Restoring Accountability To Policy-Influencing Positions' reinstates an EO from Trump's first term requiring that civil servants place loyalty to the president rather than to the Constitution,https://time.com/7208691/trump-day-one-presidential-actions-executive-orders-memorandum-proclamation-explainer/,Yes,No,No,No,No,No,Yes,No,No,No
11,2025-01-20,"EO (Executive Order) unwinds the Inflation Reduction Act signed into law by Biden, crippling a major piece of climate legislation which reduced fossil-fuel use",https://www.newyorker.com/news/the-lede/the-second-trump-administration-takes-aim-at-the-climate,No,No,No,No,Yes,No,No,No,No,No
10,2025-01-20,"90-day ''stop work' order for all foreign aid projects issued following EO (Executive Order) to freeze foreign assistance, ending life-or-death humanitarian aid operations",https://www.npr.org/sections/goats-and-soda/2025/01/24/g-s1-44643/trump-foreign-aid-assistance-pause,No,Yes,No,No,No,No,No,No,Yes,No
9,2025-01-20,"EO (Executive Order) expedites energy projects in Alaska, permitting the rollback of environmental protections in place since the establishment of the Arctic National Wildlife Refuge in the 1960s and passage of the Clean AIr, Clean Water, and Endangered Species Acts in the 1970s",https://www.newyorker.com/news/the-lede/the-second-trump-administration-takes-aim-at-the-climate,No,No,No,No,Yes,No,No,No,No,No
8,2025-01-20,"EO (Executive Order) to secure borders closes the country to migrants, including those seeking asylum and humanitarian parole",https://www.nytimes.com/2025/01/22/us/politics/trump-border-asylum-explainer.html,No,No,No,No,No,No,Yes,No,No,Yes
7,2025-01-20,EO (Executive Order) establishes the U.S. DOGE (Department of Government Efficiency) Service by renaming and remaking the U.S. Digital Service,https://www.cbsnews.com/news/trump-doge-executive-order-elon-musk-us-digital-service-it/,No,Yes,No,No,No,No,No,Yes,No,No
6,2025-01-20,"EO (Executive Order) ending civil rights or DEIA (Diversity, Equity, Inclusion, and Accessibility) programs includes overturning equal opportunity measures from the 1960s which mandate merit-based hiring",https://www.theguardian.com/us-news/2025/jan/26/trump-executive-orders-dei,No,No,No,No,No,No,Yes,No,No,No
5,2025-01-20,EO (Executive Order) ending asylum or USRAP (the U.S. Refugee Admissions Program) also blocks vetted refugees from entering the country,https://refugees.org/uscri-summary-of-january-20-executive-orders/,No,No,No,No,No,No,Yes,No,Yes,Yes
4,2025-01-20,"EO (Executive Order) ending the 'Weaponization of the Federal Government' authorises the Attorney General, Director of National Intelligence, and all other federal agency heads to review and investivate actions of the previous Biden administration",https://www.msnbc.com/opinion/msnbc-opinion/trump-weaponization-government-executive-order-patel-bondi-rcna188948,Yes,No,Yes,No,No,No,No,No,No,No
3,2025-01-20,"EO (Executive Order) recognizing only two immutable sexes bans recognition of gender identity and is to be enforced in spaces such as prisons and bathrooms, and with government-issued documents such as passports",https://thehill.com/homenews/administration/5097278-trump-executive-order-gender-transition/,No,No,No,No,No,No,Yes,No,No,No
2,2025-01-20,"EO (Executive Order) declaring a national energy emergency will bypass the Clean Water and Endangered Species Acts, in place from the 1970s, for military construction and energy production",https://www.npr.org/2025/02/14/nx-s1-5287971/trump-emergencies-tariffs-energy,No,No,No,No,Yes,No,No,No,No,No
1,2025-01-20,"Jeff Bezos' stance on Donald Trump evolves, with Amazon paying a $40 million licensing fee to produce a documentary about Melania Trump.",https://www.theguardian.com/commentisfree/2025/jan/10/melania-trump-amazon-documentary,No,No,No,No,No,No,No,Yes,No,No